source,target,weight,synapse_count
19409,14084,8,8
19449,18013,8,8
19449,20185,8,8
19451,13500,8,8
19463,10347,8,8
19463,11323,8,8
19661,11819,8,8
19678,18013,8,8
19678,23533,8,8
19690,11709,8,8
19690,12761,8,8
19718,11195,8,8
19718,24925,8,8
19833,10555,8,8
19833,10692,8,8
19833,21322,8,8
19833,23716,8,8
19839,10453,8,8
19839,11129,8,8
19848,11532,8,8
19848,13153,8,8
19897,17715,8,8
20012,11357,8,8
20018,15660,8,8
20018,16512,8,8
20018,18700,8,8
20018,25146,8,8
20018,27321,8,8
20031,14588,8,8
20031,21885,8,8
20041,14461,8,8
20092,13153,8,8
20114,10126,8,8
20116,10764,8,8
20181,12596,8,8
20185,10170,8,8
20185,18013,8,8
20185,18720,8,8
20185,21900,8,8
20199,12481,8,8
20253,20484,8,8
20285,11879,8,8
20285,17415,8,8
20371,20484,8,8
20371,23340,8,8
20371,49582,8,8
20391,13920,8,8
20401,17093,8,8
20401,18513,8,8
20407,10782,8,8
20420,157030,8,8
20441,10652,8,8
20504,10707,8,8
20532,23839,8,8
20645,11822,8,8
20645,22272,8,8
20646,21588,8,8
20654,155633,8,8
20680,13073,8,8
20680,37455,8,8
20680,158754,8,8
20683,10073,8,8
20694,11415,8,8
20727,16901,8,8
20751,20443,8,8
20751,166047,8,8
20781,11134,8,8
20839,18091,8,8
20839,28585,8,8
20839,162783,8,8
20858,20860,8,8
20898,13683,8,8
20898,29789,8,8
20898,155684,8,8
20962,17201,8,8
20962,20804,8,8
20968,14389,8,8
20968,26796,8,8
21175,10722,8,8
21189,10692,8,8
21189,10722,8,8
21311,24149,8,8
21322,10604,8,8
21322,10722,8,8
21322,23716,8,8
21334,12281,8,8
21335,10274,8,8
21368,15660,8,8
21368,18720,8,8
21373,17546,8,8
21373,20335,8,8
21373,21944,8,8
21471,10939,8,8
21471,16295,8,8
21507,10320,8,8
21507,16097,8,8
21507,20968,8,8
21507,100492,8,8
21519,10690,8,8
21519,14811,8,8
21588,10242,8,8
21588,11657,8,8
21605,12573,8,8
21605,13812,8,8
21605,16622,8,8
21605,20860,8,8
21628,14004,8,8
21628,17742,8,8
21628,101218,8,8
21637,11059,8,8
21719,17392,8,8
21782,10297,8,8
21782,11030,8,8
21808,10555,8,8
21808,10599,8,8
21821,20370,8,8
21866,17757,8,8
21897,11514,8,8
21897,18700,8,8
21900,21628,8,8
21900,25897,8,8
21900,100541,8,8
21915,10134,8,8
21915,11506,8,8
21915,11865,8,8
21915,18501,8,8
21944,156857,8,8
21958,15250,8,8
22004,22354,8,8
22006,10523,8,8
22006,10652,8,8
22173,10227,8,8
22210,27427,8,8
22218,10461,8,8
22273,13803,8,8
22349,24883,8,8
22391,13283,8,8
22397,15789,8,8
22417,23328,8,8
22469,13353,8,8
22469,13497,8,8
22538,164741,8,8
22546,12050,8,8
22576,159900,8,8
22597,12098,8,8
22597,159959,8,8
22780,10547,8,8
22780,11507,8,8
22780,13746,8,8
22780,155099,8,8
22834,14012,8,8
22834,17093,8,8
22834,22967,8,8
22858,10415,8,8
22858,11340,8,8
22896,11195,8,8
22919,10691,8,8
22939,11323,8,8
22960,22469,8,8
22967,12591,8,8
22967,17093,8,8
22967,18680,8,8
22985,10534,8,8
22985,155644,8,8
22994,10171,8,8
22994,10329,8,8
22994,12159,8,8
22994,22096,8,8
23005,10620,8,8
23042,12761,8,8
23054,11471,8,8
23054,16097,8,8
23100,21020,8,8
23106,22597,8,8
23158,14536,8,8
23164,21620,8,8
23164,22328,8,8
23164,28551,8,8
23166,11423,8,8
23190,10407,8,8
23190,10504,8,8
23199,20092,8,8
23199,24257,8,8
23240,14389,8,8
23251,21247,8,8
23266,10722,8,8
23312,10123,8,8
23316,10170,8,8
23316,10668,8,8
23316,13738,8,8
23340,18700,8,8
23340,38332,8,8
23363,11749,8,8
23363,16552,8,8
23371,10198,8,8
23371,15286,8,8
23393,10065,8,8
23393,11110,8,8
23450,10793,8,8
23482,16824,8,8
23500,10662,8,8
23500,10890,8,8
23500,11809,8,8
23500,13331,8,8
23500,163342,8,8
23513,101194,8,8
23561,10366,8,8
23561,12312,8,8
23561,15062,8,8
23573,14533,8,8
23573,16512,8,8
23580,14004,8,8
23580,24154,8,8
23630,11100,8,8
23630,11195,8,8
23630,11316,8,8
23641,10811,8,8
23641,17632,8,8
23671,25836,8,8
23716,10692,8,8
23716,21808,8,8
23722,15562,8,8
23742,10747,8,8
23777,11133,8,8
23811,16512,8,8
23811,23580,8,8
23811,24154,8,8
23811,26903,8,8
23811,155684,8,8
23839,22469,8,8
23839,28122,8,8
23849,14413,8,8
23849,17433,8,8
23849,155077,8,8
23849,158132,8,8
23924,18286,8,8
23954,10200,8,8
23954,10468,8,8
23954,13738,8,8
24076,10620,8,8
24076,12068,8,8
24094,11472,8,8
24121,10192,8,8
24121,12096,8,8
24126,10072,8,8
24128,14230,8,8
24152,10213,8,8
24181,10826,8,8
24181,19833,8,8
24181,155853,8,8
24197,21915,8,8
24202,10728,8,8
24202,21718,8,8
24202,22774,8,8
24217,12113,8,8
24281,15702,8,8
24339,27195,8,8
24382,10192,8,8
24382,11747,8,8
24382,19091,8,8
24447,100139,8,8
24453,15913,8,8
24453,16622,8,8
24453,25585,8,8
24453,157414,8,8
24539,12399,8,8
24539,14707,8,8
24578,10523,8,8
24578,10640,8,8
24578,20080,8,8
24603,11509,8,8
24883,10461,8,8
24883,11530,8,8
24883,19206,8,8
24925,11472,8,8
24925,14536,8,8
24925,23158,8,8
24925,37234,8,8
25052,11976,8,8
25052,25767,8,8
25064,11646,8,8
25064,14230,8,8
25192,18700,8,8
25239,12928,8,8
25344,21241,8,8
25422,10123,8,8
25532,10171,8,8
25532,10200,8,8
25532,10329,8,8
25532,27891,8,8
25533,13784,8,8
25533,17091,8,8
25533,154383,8,8
25585,14413,8,8
25585,20371,8,8
25588,10771,8,8
25588,20175,8,8
25671,17075,8,8
25684,14945,8,8
25690,153756,8,8
25694,11224,8,8
25694,14413,8,8
25694,16025,8,8
25750,159203,8,8
25848,10468,8,8
25848,11224,8,8
25848,11262,8,8
25848,14884,8,8
25848,26819,8,8
25848,31679,8,8
25995,45116,8,8
26036,15452,8,8
26039,14012,8,8
26039,17284,8,8
26039,17471,8,8
26039,28551,8,8
26083,21471,8,8
26083,154383,8,8
26114,12903,8,8
26137,20175,8,8
26137,20478,8,8
26137,22740,8,8
26137,166047,8,8
26177,21637,8,8
26230,15452,8,8
26230,16328,8,8
26231,10073,8,8
26231,14532,8,8
26231,15697,8,8
26233,166047,8,8
26238,10968,8,8
26238,26282,8,8
26238,27472,8,8
26282,12474,8,8
26301,10528,8,8
26304,10468,8,8
26304,10571,8,8
26304,100167,8,8
26358,10428,8,8
26358,14884,8,8
26365,13884,8,8
26377,11182,8,8
26377,27092,8,8
26387,13683,8,8
26462,11560,8,8
26556,10890,8,8
26556,16458,8,8
26594,18373,8,8
26626,11026,8,8
26626,49582,8,8
26712,11747,8,8
26733,162543,8,8
26743,19454,8,8
26743,27665,8,8
26743,49582,8,8
26757,13543,8,8
26757,17632,8,8
26757,26238,8,8
26784,165340,8,8
26792,10481,8,8
26792,10571,8,8
26792,15862,8,8
26792,20185,8,8
26792,25588,8,8
26792,28238,8,8
26792,157414,8,8
27002,15286,8,8
27002,28219,8,8
27021,15034,8,8
27021,18451,8,8
27021,29014,8,8
27023,10183,8,8
27023,21605,8,8
27023,23166,8,8
27029,152642,8,8
27092,13612,8,8
27119,15078,8,8
27119,25192,8,8
27119,26626,8,8
27119,28915,8,8
27145,164835,8,8
27150,24141,8,8
27275,10372,8,8
27300,10453,8,8
27411,13333,8,8
27427,158008,8,8
27440,163638,8,8
27472,12474,8,8
27472,21649,8,8
27485,20484,8,8
27485,158754,8,8
27532,12050,8,8
27552,166778,8,8
27560,15702,8,8
27560,19678,8,8
27560,20018,8,8
27560,20199,8,8
27560,49582,8,8
27610,17498,8,8
27665,14012,8,8
27665,20645,8,8
27665,21628,8,8
27703,25261,8,8
27703,100643,8,8
27779,10198,8,8
27779,10883,8,8
27809,10474,8,8
27809,22546,8,8
27809,27752,8,8
27882,28943,8,8
27891,25897,8,8
27891,152857,8,8
27982,10372,8,8
27982,17632,8,8
28122,15910,8,8
28122,102391,8,8
28224,15609,8,8
28224,25192,8,8
28224,32044,8,8
28228,14314,8,8
28228,23312,8,8
28228,156960,8,8
28238,17284,8,8
28339,21718,8,8
28368,23641,8,8
28396,10571,8,8
28396,10825,8,8
28396,16801,8,8
28572,11224,8,8
28572,12591,8,8
28572,19351,8,8
28585,13109,8,8
28620,154996,8,8
28627,26743,8,8
28716,11134,8,8
28743,12711,8,8
28743,19884,8,8
28743,23199,8,8
28786,14454,8,8
28786,33512,8,8
28833,23839,8,8
28889,16241,8,8
28889,101219,8,8
28915,12903,8,8
28915,19675,8,8
28915,22576,8,8
28943,17601,8,8
28943,159685,8,8
29000,14012,8,8
29014,12761,8,8
29446,11289,8,8
29516,17607,8,8
29789,26792,8,8
29817,14884,8,8
29902,19449,8,8
29902,20371,8,8
29902,28572,8,8
30260,18335,8,8
30487,14004,8,8
30487,28684,8,8
30809,19678,8,8
30809,20683,8,8
30809,21560,8,8
30809,153910,8,8
30951,21057,8,8
31215,100541,8,8
31398,153910,8,8
31445,165340,8,8
31630,10232,8,8
31630,12790,8,8
31679,16122,8,8
31679,20199,8,8
31679,21560,8,8
32231,12903,8,8
32231,14884,8,8
32539,12250,8,8
32829,18938,8,8
33168,13738,8,8
33168,16067,8,8
33512,12880,8,8
33512,16824,8,8
34021,157407,8,8
34313,10984,8,8
34313,15262,8,8
34313,17103,8,8
35109,19884,8,8
36930,13312,8,8
37234,12790,8,8
37234,28977,8,8
37443,25684,8,8
38332,22834,8,8
39733,16209,8,8
42242,166520,8,8
45116,21873,8,8
45669,12481,8,8
76087,11213,8,8
76087,12818,8,8
76087,19372,8,8
76087,22545,8,8
100139,10445,8,8
100167,18700,8,8
100306,11562,8,8
100306,153102,8,8
100492,11780,8,8
100492,21588,8,8
100492,24218,8,8
100554,10679,8,8
100554,11744,8,8
100554,11780,8,8
100554,14954,8,8
100563,10445,8,8
100855,10125,8,8
101025,18611,8,8
101025,33610,8,8
101116,10116,8,8
101116,11530,8,8
101116,17930,8,8
101119,10186,8,8
101119,10547,8,8
101336,12591,8,8
101336,13306,8,8
101414,10242,8,8
101414,10340,8,8
101414,16632,8,8
101414,24975,8,8
101414,26566,8,8
102062,10073,8,8
102062,13306,8,8
102062,20645,8,8
102391,10073,8,8
102391,10510,8,8
102430,22580,8,8
102493,11415,8,8
102493,12567,8,8
102601,11891,8,8
102868,10707,8,8
102868,162543,8,8
102924,28219,8,8
103220,15845,8,8
152324,23582,8,8
152324,25146,8,8
152324,26944,8,8
152324,28620,8,8
152324,164554,8,8
152391,11182,8,8
152391,14884,8,8
152857,27665,8,8
153102,11704,8,8
153509,12481,8,8
153759,11602,8,8
153759,12645,8,8
153910,14314,8,8
153943,11935,8,8
153943,15357,8,8
154304,13635,8,8
154312,13612,8,8
154460,14824,8,8
154460,18963,8,8
154903,10186,8,8
154996,13738,8,8
154996,18720,8,8
155077,16512,8,8
155077,49582,8,8
155099,100855,8,8
155115,159762,8,8
155654,10099,8,8
155654,12260,8,8
155654,12901,8,8
155654,34905,8,8
155684,15697,8,8
155684,17285,8,8
155684,20683,8,8
155684,25897,8,8
155684,100541,8,8
155685,17715,8,8
155809,13905,8,8
155809,14389,8,8
156166,10171,8,8
156928,12338,8,8
157260,19396,8,8
157260,23042,8,8
157260,165560,8,8
157409,18412,8,8
157409,26566,8,8
157414,10510,8,8
158008,10427,8,8
158008,28252,8,8
158109,15753,8,8
158109,166486,8,8
158132,10468,8,8
158132,14884,8,8
158132,25532,8,8
158191,17715,8,8
158191,22328,8,8
158191,29516,8,8
158242,13950,8,8
158242,33512,8,8
158479,14004,8,8
158479,19678,8,8
158754,14454,8,8
158754,37455,8,8
159203,24975,8,8
159685,27029,8,8
159900,19884,8,8
162396,10366,8,8
162396,25192,8,8
162396,159900,8,8
162539,10242,8,8
162539,10722,8,8
162539,11006,8,8
162539,15321,8,8
162539,17133,8,8
162543,10884,8,8
162543,11925,8,8
163638,10974,8,8
163791,101116,8,8
164042,12236,8,8
164835,12113,8,8
165061,17188,8,8
165339,10468,8,8
165339,12159,8,8
165339,28627,8,8
166392,13904,8,8
166778,13884,8,8
166778,14355,8,8
171761,10599,8,8
173560,20860,8,8
174571,10884,8,8
174571,12708,8,8
174571,23393,8,8
174571,162539,8,8
174978,16035,8,8
186215,10332,8,8
186215,12096,8,8
186215,29689,8,8
10059,11420,9,9
10059,15562,9,9
10059,28398,9,9
10065,10051,9,9
10065,10232,9,9
10065,11420,9,9
10065,15115,9,9
10072,10461,9,9
10099,18399,9,9
10099,24698,9,9
10099,102954,9,9
10107,10205,9,9
10107,10939,9,9
10107,11258,9,9
10107,11375,9,9
10107,14874,9,9
10107,18501,9,9
10107,19833,9,9
10107,153335,9,9
10116,219796,9,9
10118,10690,9,9
10118,10994,9,9
10118,12187,9,9
10118,14259,9,9
10118,15286,9,9
10118,17483,9,9
10118,18341,9,9
10118,21466,9,9
10118,30545,9,9
10126,10065,9,9
10126,10460,9,9
10126,10939,9,9
10126,11445,9,9
10126,11605,9,9
10126,11717,9,9
10126,11809,9,9
10126,14011,9,9
10126,16176,9,9
10126,16910,9,9
10134,11602,9,9
10147,10183,9,9
10147,29431,9,9
10153,10262,9,9
10153,10883,9,9
10153,13006,9,9
10153,13949,9,9
10154,10554,9,9
10154,14079,9,9
10154,16901,9,9
10156,10126,9,9
10156,15105,9,9
10169,13293,9,9
10169,154133,9,9
10186,12769,9,9
10192,11609,9,9
10192,12068,9,9
10192,18579,9,9
10198,13477,9,9
10198,17498,9,9
10198,153102,9,9
10203,10453,9,9
10203,10662,9,9
10203,10682,9,9
10203,17498,9,9
10203,18900,9,9
10205,10568,9,9
10206,20650,9,9
10213,11936,9,9
10213,14811,9,9
10213,16721,9,9
10213,18983,9,9
10217,10268,9,9
10217,10794,9,9
10217,10984,9,9
10217,12678,9,9
10217,14650,9,9
10217,20694,9,9
10229,11411,9,9
10229,11506,9,9
10229,30470,9,9
10231,10920,9,9
10231,14555,9,9
10231,16290,9,9
10232,11006,9,9
10235,10690,9,9
10235,11069,9,9
10235,18860,9,9
10236,13904,9,9
10237,11925,9,9
10237,19796,9,9
10242,11955,9,9
10244,30625,9,9
10265,11631,9,9
10265,11927,9,9
10265,12483,9,9
10265,16987,9,9
10268,12567,9,9
10268,13464,9,9
10274,11782,9,9
10274,20673,9,9
10274,22210,9,9
10297,10571,9,9
10297,12096,9,9
10297,21808,9,9
10320,10826,9,9
10320,17176,9,9
10320,21588,9,9
10332,10242,9,9
10332,10692,9,9
10340,11264,9,9
10340,21120,9,9
10342,13782,9,9
10342,25475,9,9
10354,10562,9,9
10354,16254,9,9
10354,19048,9,9
10380,21466,9,9
10380,22899,9,9
10384,13434,9,9
10384,20593,9,9
10388,30306,9,9
10388,167442,9,9
10412,13115,9,9
10415,13949,9,9
10427,11976,9,9
10427,102493,9,9
10428,12088,9,9
10428,12452,9,9
10428,13013,9,9
10428,14295,9,9
10431,13081,9,9
10463,10673,9,9
10463,11288,9,9
10463,102601,9,9
10468,10011,9,9
10471,11319,9,9
10474,10144,9,9
10474,12412,9,9
10474,12474,9,9
10481,158191,9,9
10498,14443,9,9
10504,18900,9,9
10513,19613,9,9
10513,26282,9,9
10534,14596,9,9
10534,18900,9,9
10547,11288,9,9
10554,10217,9,9
10554,10646,9,9
10554,12028,9,9
10554,13081,9,9
10554,18335,9,9
10554,27982,9,9
10554,154903,9,9
10555,22173,9,9
10558,10184,9,9
10558,15066,9,9
10558,15753,9,9
10559,10652,9,9
10562,10213,9,9
10562,10630,9,9
10562,12567,9,9
10562,13069,9,9
10568,23266,9,9
10568,162539,9,9
10590,10547,9,9
10590,10960,9,9
10590,11428,9,9
10590,14230,9,9
10590,31445,9,9
10599,10227,9,9
10599,12253,9,9
10599,14084,9,9
10599,17177,9,9
10604,17475,9,9
10604,159203,9,9
10617,10981,9,9
10620,11511,9,9
10620,11955,9,9
10625,10652,9,9
10625,13543,9,9
10625,15440,9,9
10625,19348,9,9
10625,20114,9,9
10625,27803,9,9
10630,10186,9,9
10640,153335,9,9
10646,14168,9,9
10646,27803,9,9
10662,26488,9,9
10673,11191,9,9
10679,11006,9,9
10679,11653,9,9
10679,11747,9,9
10685,11356,9,9
10689,10791,9,9
10689,11069,9,9
10689,11772,9,9
10689,13765,9,9
10690,11392,9,9
10690,19451,9,9
10691,13127,9,9
10691,16282,9,9
10691,160029,9,9
10692,11653,9,9
10692,100352,9,9
10707,10065,9,9
10707,22993,9,9
10728,11415,9,9
10728,11936,9,9
10728,18827,9,9
10728,21782,9,9
10728,21874,9,9
10755,169911,9,9
10768,10372,9,9
10768,10462,9,9
10768,10747,9,9
10768,11877,9,9
10768,18466,9,9
10771,14012,9,9
10771,14613,9,9
10771,25477,9,9
10779,10388,9,9
10779,18411,9,9
10780,11550,9,9
10780,13434,9,9
10780,15262,9,9
10791,16396,9,9
10793,102019,9,9
10794,11772,9,9
10794,18335,9,9
10810,10691,9,9
10810,10991,9,9
10826,15115,9,9
10826,18168,9,9
10826,18773,9,9
10853,15292,9,9
10853,15623,9,9
10853,22778,9,9
10883,11235,9,9
10883,14555,9,9
10884,10568,9,9
10884,12567,9,9
10884,37065,9,9
10899,10900,9,9
10899,11891,9,9
10899,13782,9,9
10899,20654,9,9
10899,154383,9,9
10920,13908,9,9
10920,15103,9,9
10927,26701,9,9
10939,10528,9,9
10939,10853,9,9
10939,11445,9,9
10960,157260,9,9
10972,12281,9,9
10972,13081,9,9
10974,11319,9,9
10974,13323,9,9
10974,21471,9,9
10983,17665,9,9
10984,11340,9,9
11006,27532,9,9
11006,28339,9,9
11011,11511,9,9
11023,13490,9,9
11023,27321,9,9
11030,10305,9,9
11030,12159,9,9
11037,12250,9,9
11052,19048,9,9
11062,12187,9,9
11062,15006,9,9
11062,21120,9,9
11065,10682,9,9
11065,10890,9,9
11065,11493,9,9
11066,10791,9,9
11066,14707,9,9
11069,12159,9,9
11069,27579,9,9
11110,14954,9,9
11110,17826,9,9
11126,17201,9,9
11129,10156,9,9
11133,14954,9,9
11134,11709,9,9
11134,102493,9,9
11152,12412,9,9
11162,23716,9,9
11165,10312,9,9
11182,10123,9,9
11187,10974,9,9
11187,31215,9,9
11187,158754,9,9
11191,18553,9,9
11195,10690,9,9
11195,26365,9,9
11223,10541,9,9
11223,11503,9,9
11223,12573,9,9
11223,22740,9,9
11223,153756,9,9
11224,13377,9,9
11258,16438,9,9
11264,11022,9,9
11264,11406,9,9
11264,11918,9,9
11264,11926,9,9
11264,22313,9,9
11282,13884,9,9
11282,18827,9,9
11288,10547,9,9
11288,10685,9,9
11288,13746,9,9
11289,11653,9,9
11289,12567,9,9
11289,12761,9,9
11297,10125,9,9
11297,10412,9,9
11316,11062,9,9
11316,18983,9,9
11319,12050,9,9
11319,18963,9,9
11319,21674,9,9
11319,21782,9,9
11323,11503,9,9
11323,152642,9,9
11323,153943,9,9
11336,10564,9,9
11336,19206,9,9
11340,11411,9,9
11340,13069,9,9
11340,19638,9,9
11348,11819,9,9
11354,11416,9,9
11354,12483,9,9
11354,20654,9,9
11354,153756,9,9
11356,10116,9,9
11356,12678,9,9
11367,219853,9,9
11368,11472,9,9
11368,157207,9,9
11368,192299,9,9
11392,10854,9,9
11400,154133,9,9
11404,10186,9,9
11404,11336,9,9
11404,15798,9,9
11415,10354,9,9
11416,12049,9,9
11416,14168,9,9
11420,13477,9,9
11420,14649,9,9
11420,20667,9,9
11420,27982,9,9
11422,13904,9,9
11423,21560,9,9
11425,11011,9,9
11425,15129,9,9
11442,13124,9,9
11442,14361,9,9
11471,18553,9,9
11471,21189,9,9
11472,12891,9,9
11489,10461,9,9
11503,18411,9,9
11506,10722,9,9
11506,10793,9,9
11506,11653,9,9
11506,13081,9,9
11506,17970,9,9
11506,24050,9,9
11511,19697,9,9
11514,18666,9,9
11532,23878,9,9
11550,10184,9,9
11550,10866,9,9
11550,15819,9,9
11550,22899,9,9
11560,10722,9,9
11577,10072,9,9
11577,11030,9,9
11577,13884,9,9
11577,16035,9,9
11577,21519,9,9
11602,10883,9,9
11602,10968,9,9
11602,13908,9,9
11602,18491,9,9
11602,19638,9,9
11605,10899,9,9
11605,11162,9,9
11605,11411,9,9
11605,11918,9,9
11605,12368,9,9
11605,12479,9,9
11606,10768,9,9
11609,10791,9,9
11609,24257,9,9
11640,11509,9,9
11640,21373,9,9
11640,24121,9,9
11646,11187,9,9
11646,12399,9,9
11653,16328,9,9
11655,11133,9,9
11655,16245,9,9
11657,12704,9,9
11678,164835,9,9
11704,10380,9,9
11704,10534,9,9
11717,10312,9,9
11717,15958,9,9
11744,10342,9,9
11744,10555,9,9
11747,10826,9,9
11749,11623,9,9
11749,15798,9,9
11766,10568,9,9
11772,22546,9,9
11772,24669,9,9
11782,23158,9,9
11782,153836,9,9
11793,11704,9,9
11819,11550,9,9
11822,17285,9,9
11865,21519,9,9
11879,11550,9,9
11904,19884,9,9
11904,26387,9,9
11904,28228,9,9
11904,100541,9,9
11918,10999,9,9
11918,12118,9,9
11918,12510,9,9
11918,30530,9,9
11926,11602,9,9
11927,18286,9,9
11936,11282,9,9
11936,13464,9,9
11936,21718,9,9
11936,22729,9,9
11955,18579,9,9
11976,11226,9,9
12025,10342,9,9
12025,10682,9,9
12025,10691,9,9
12025,10991,9,9
12025,11425,9,9
12025,13157,9,9
12025,15105,9,9
12028,10415,9,9
12028,11529,9,9
12049,10523,9,9
12050,10118,9,9
12050,10445,9,9
12050,15034,9,9
12050,18774,9,9
12050,25892,9,9
12061,102868,9,9
12061,162539,9,9
12061,162543,9,9
12068,33414,9,9
12068,156928,9,9
12072,11562,9,9
12088,13013,9,9
12088,23224,9,9
12088,26944,9,9
12098,18168,9,9
12099,18440,9,9
12107,11530,9,9
12151,21866,9,9
12151,22899,9,9
12159,10541,9,9
12187,27472,9,9
12187,30470,9,9
12193,10999,9,9
12193,11052,9,9
12193,17592,9,9
12193,102123,9,9
12236,17742,9,9
12236,27023,9,9
12250,10854,9,9
12253,11918,9,9
12260,17910,9,9
12260,22729,9,9
12302,17881,9,9
12312,15050,9,9
12312,152391,9,9
12338,11509,9,9
12338,12515,9,9
12338,21808,9,9
12344,10534,9,9
12360,15338,9,9
12360,15370,9,9
12360,22778,9,9
12412,10562,9,9
12412,18983,9,9
12412,51546,9,9
12447,102019,9,9
12479,13163,9,9
12510,16458,9,9
12510,17201,9,9
12549,13241,9,9
12569,18230,9,9
12573,20199,9,9
12573,154207,9,9
12591,16824,9,9
12591,22834,9,9
12591,25264,9,9
12596,25836,9,9
12605,14767,9,9
12616,10125,9,9
12616,10685,9,9
12616,11316,9,9
12616,19719,9,9
12616,25862,9,9
12635,25897,9,9
12677,11655,9,9
12678,25836,9,9
12701,11375,9,9
12701,11926,9,9
12701,14596,9,9
12701,27610,9,9
12708,13383,9,9
12708,16883,9,9
12739,15158,9,9
12769,10415,9,9
12769,14154,9,9
12815,14941,9,9
12815,15649,9,9
12819,10235,9,9
12857,10235,9,9
12857,18496,9,9
12880,10460,9,9
12901,11709,9,9
12928,12639,9,9
13009,162543,9,9
13013,11822,9,9
13013,29035,9,9
13019,11530,9,9
13019,11749,9,9
13034,24257,9,9
13034,29131,9,9
13034,153995,9,9
13081,162833,9,9
13118,10590,9,9
13124,26488,9,9
13127,11288,9,9
13135,10523,9,9
13135,154304,9,9
13153,10604,9,9
13153,11013,9,9
13153,13073,9,9
13153,153995,9,9
13206,14379,9,9
13206,20370,9,9
13232,10134,9,9
13232,26238,9,9
13246,17651,9,9
13278,14154,9,9
13288,20462,9,9
13293,10169,9,9
13293,158109,9,9
13301,22538,9,9
13312,154207,9,9
13318,14588,9,9
13333,10604,9,9
13333,17653,9,9
13353,13497,9,9
13477,15286,9,9
13511,100855,9,9
13530,13812,9,9
13530,17284,9,9
13530,17633,9,9
13538,11223,9,9
13605,10206,9,9
13605,12447,9,9
13612,15357,9,9
13612,28915,9,9
13641,11766,9,9
13641,12857,9,9
13641,13163,9,9
13641,13399,9,9
13641,13500,9,9
13641,14783,9,9
13645,15292,9,9
13660,11368,9,9
13660,17207,9,9
13660,17967,9,9
13660,28173,9,9
13684,17116,9,9
13724,15687,9,9
13724,15881,9,9
13779,13253,9,9
13779,14379,9,9
13779,17607,9,9
13779,17704,9,9
13782,17176,9,9
13803,17179,9,9
13812,11532,9,9
13884,28449,9,9
13905,10854,9,9
13908,11406,9,9
13908,155644,9,9
14011,14617,9,9
14011,15238,9,9
14011,17161,9,9
14012,20645,9,9
14012,158242,9,9
14076,10116,9,9
14084,17498,9,9
14084,18230,9,9
14084,23500,9,9
14091,10635,9,9
14091,14230,9,9
14154,219853,9,9
14164,11029,9,9
14164,11162,9,9
14176,11297,9,9
14199,11865,9,9
14214,22896,9,9
14230,10154,9,9
14259,11198,9,9
14261,17433,9,9
14292,12159,9,9
14292,14154,9,9
14292,15562,9,9
14292,18663,9,9
14292,23161,9,9
14314,164383,9,9
14352,11416,9,9
14355,13950,9,9
14355,14214,9,9
14389,23393,9,9
14413,20371,9,9
14432,10227,9,9
14443,11442,9,9
14454,13530,9,9
14454,18611,9,9
14454,25366,9,9
14454,153509,9,9
14481,12151,9,9
14481,22899,9,9
14527,13645,9,9
14527,18664,9,9
14527,19758,9,9
14532,22272,9,9
14532,25897,9,9
14555,15869,9,9
14588,13157,9,9
14588,16374,9,9
14617,10604,9,9
14617,10981,9,9
14617,14011,9,9
14617,14176,9,9
14650,17264,9,9
14650,18520,9,9
14707,19372,9,9
14767,10203,9,9
14767,10403,9,9
14767,11631,9,9
14767,26701,9,9
14788,17188,9,9
14811,18983,9,9
14811,21782,9,9
14874,24578,9,9
14884,21873,9,9
14884,25588,9,9
14941,24883,9,9
14954,19833,9,9
15001,20328,9,9
15001,226276,9,9
15018,16228,9,9
15034,11782,9,9
15034,28884,9,9
15034,29484,9,9
15062,20858,9,9
15066,11442,9,9
15066,25199,9,9
15068,17894,9,9
15078,12591,9,9
15078,13950,9,9
15105,11655,9,9
15115,16328,9,9
15115,166778,9,9
15115,174571,9,9
15125,10067,9,9
15125,17607,9,9
15125,19116,9,9
15125,20462,9,9
15125,24257,9,9
15125,25671,9,9
15125,30466,9,9
15125,169911,9,9
15187,21873,9,9
15187,27092,9,9
15187,164383,9,9
15187,166047,9,9
15192,16286,9,9
15192,17795,9,9
15192,23057,9,9
15192,26594,9,9
15207,19897,9,9
15217,17584,9,9
15250,12187,9,9
15262,12113,9,9
15307,21719,9,9
15331,10554,9,9
15331,20962,9,9
15332,10523,9,9
15332,10604,9,9
15357,10662,9,9
15357,13543,9,9
15357,16438,9,9
15357,16458,9,9
15426,10788,9,9
15426,15540,9,9
15542,10342,9,9
15542,10854,9,9
15542,156857,9,9
15546,10825,9,9
15546,154312,9,9
15562,16282,9,9
15588,17116,9,9
15588,19348,9,9
15588,26488,9,9
15609,11493,9,9
15609,30487,9,9
15609,100541,9,9
15649,12151,9,9
15660,19004,9,9
15660,22272,9,9
15660,102062,9,9
15687,12412,9,9
15697,20683,9,9
15697,155685,9,9
15697,158191,9,9
15702,156960,9,9
15741,14567,9,9
15753,11926,9,9
15778,11191,9,9
15806,12582,9,9
15819,10133,9,9
15819,10662,9,9
15819,152642,9,9
15845,18451,9,9
15862,19116,9,9
15862,21560,9,9
15869,19661,9,9
15869,23742,9,9
15869,27472,9,9
15869,152620,9,9
15881,16419,9,9
15881,39733,9,9
15881,102493,9,9
15913,17742,9,9
15913,20116,9,9
15925,13383,9,9
15925,16869,9,9
15933,20593,9,9
15979,12236,9,9
16025,15391,9,9
16064,24217,9,9
16067,16617,9,9
16067,17483,9,9
16067,20401,9,9
16067,21368,9,9
16067,21719,9,9
16067,25897,9,9
16067,28620,9,9
16067,101219,9,9
16067,158242,9,9
16067,158754,9,9
16079,19056,9,9
16097,10242,9,9
16097,26566,9,9
16107,28716,9,9
16112,17342,9,9
16122,13530,9,9
16122,19454,9,9
16155,11182,9,9
16209,17584,9,9
16241,11182,9,9
16245,11191,9,9
16254,13884,9,9
16254,23630,9,9
16290,10782,9,9
16290,10960,9,9
16290,11400,9,9
16290,11809,9,9
16290,14096,9,9
16290,23478,9,9
16328,10555,9,9
16328,30461,9,9
16473,11262,9,9
16473,25871,9,9
16486,14626,9,9
16486,153863,9,9
16512,10340,9,9
16512,12088,9,9
16512,12711,9,9
16512,153509,9,9
16519,12072,9,9
16544,11514,9,9
16589,10692,9,9
16589,11059,9,9
16589,13333,9,9
16595,19351,9,9
16617,15702,9,9
16617,16241,9,9
16619,10662,9,9
16619,11809,9,9
16622,19848,9,9
16622,26177,9,9
16630,17285,9,9
16682,12880,9,9
16721,10791,9,9
16721,16254,9,9
16721,28339,9,9
16734,12399,9,9
16763,10755,9,9
16763,19590,9,9
16763,20199,9,9
16763,20683,9,9
16763,22576,9,9
16763,154207,9,9
16801,13612,9,9
16801,24141,9,9
16803,11925,9,9
16824,11505,9,9
16824,13738,9,9
16824,17264,9,9
16901,26390,9,9
16910,21588,9,9
17037,20401,9,9
17037,23340,9,9
17037,25146,9,9
17037,25671,9,9
17103,11529,9,9
17103,14076,9,9
17103,156308,9,9
17130,16035,9,9
17150,12591,9,9
17150,100541,9,9
17155,10571,9,9
17161,11706,9,9
17161,12479,9,9
17161,159614,9,9
17176,154304,9,9
17177,16971,9,9
17185,10722,9,9
17185,11420,9,9
17185,11422,9,9
17188,10186,9,9
17188,10384,9,9
17188,13746,9,9
17188,19094,9,9
17188,21839,9,9
17201,13899,9,9
17201,27105,9,9
17264,11709,9,9
17284,11224,9,9
17284,33168,9,9
17285,19351,9,9
17285,20839,9,9
17285,100643,9,9
17344,10297,9,9
17374,18860,9,9
17389,21992,9,9
17433,10994,9,9
17433,12591,9,9
17433,17037,9,9
17433,17285,9,9
17433,28238,9,9
17450,13899,9,9
17475,12342,9,9
17476,20683,9,9
17498,16385,9,9
17562,11134,9,9
17562,19751,9,9
17580,16097,9,9
17584,11609,9,9
17584,16209,9,9
17584,21519,9,9
17592,14168,9,9
17601,11508,9,9
17601,16619,9,9
17615,19751,9,9
17632,23371,9,9
17665,15251,9,9
17665,16963,9,9
17665,18773,9,9
17666,10110,9,9
17666,18516,9,9
17721,14949,9,9
17742,13538,9,9
17742,19675,9,9
17742,155685,9,9
17757,10534,9,9
17757,12701,9,9
17768,18809,9,9
17875,166392,9,9
17881,11925,9,9
17881,19689,9,9
17890,21808,9,9
17910,10268,9,9
17910,10568,9,9
17910,10826,9,9
17910,14650,9,9
17910,100492,9,9
17919,11013,9,9
17919,11392,9,9
17919,11410,9,9
17963,24281,9,9
18013,10468,9,9
18022,17857,9,9
18091,16122,9,9
18091,38332,9,9
18116,19590,9,9
18126,11509,9,9
18126,11955,9,9
18126,12708,9,9
18132,10342,9,9
18132,12061,9,9
18132,12302,9,9
18149,14876,9,9
18215,22329,9,9
18219,17910,9,9
18240,15105,9,9
18240,22173,9,9
18242,17450,9,9
18242,17795,9,9
18246,16910,9,9
18335,20650,9,9
18345,153995,9,9
18398,17721,9,9
18411,16495,9,9
18413,10620,9,9
18413,21944,9,9
18445,13293,9,9
18445,24141,9,9
18456,15105,9,9
18516,16544,9,9
18518,12159,9,9
18518,15187,9,9
18518,27485,9,9
18611,13288,9,9
18611,15660,9,9
18611,38332,9,9
18677,13612,9,9
18677,22469,9,9
18680,10755,9,9
18691,20683,9,9
18720,17037,9,9
18720,20683,9,9
18761,11530,9,9
18774,24435,9,9
18806,11529,9,9
18809,13627,9,9
18827,10728,9,9
18899,10123,9,9
18900,152642,9,9
19004,26137,9,9
19004,100541,9,9
19025,19975,9,9
19025,22397,9,9
19091,11955,9,9
19240,20018,9,9
19351,11223,9,9
19351,11423,9,9
19351,12880,9,9
19351,13306,9,9
19351,13377,9,9
19351,20269,9,9
19372,10312,9,9
19372,22006,9,9
19449,22354,9,9
19449,22576,9,9
19449,25532,9,9
19454,19324,9,9
19661,27002,9,9
19678,17284,9,9
19678,22576,9,9
19690,20142,9,9
19690,25767,9,9
19833,11609,9,9
19848,19590,9,9
19884,10481,9,9
19897,19454,9,9
19915,19324,9,9
19975,13253,9,9
19996,20142,9,9
19996,103220,9,9
20012,10192,9,9
20018,16734,9,9
20018,162783,9,9
20041,10312,9,9
20041,11605,9,9
20142,13283,9,9
20181,162868,9,9
20185,16622,9,9
20253,10246,9,9
20269,25219,9,9
20285,11348,9,9
20328,11955,9,9
20328,29689,9,9
20328,163719,9,9
20365,18335,9,9
20365,18663,9,9
20371,15702,9,9
20371,17150,9,9
20371,155077,9,9
20391,19771,9,9
20401,12236,9,9
20401,16025,9,9
20407,12312,9,9
20407,16122,9,9
20407,20012,9,9
20407,49582,9,9
20441,21471,9,9
20443,18385,9,9
20443,24141,9,9
20484,20092,9,9
20484,20370,9,9
20484,20993,9,9
20504,16107,9,9
20646,12068,9,9
20647,11514,9,9
20647,20407,9,9
20647,100541,9,9
20654,20968,9,9
20680,21682,9,9
20680,153910,9,9
20683,10011,9,9
20694,11023,9,9
20727,18466,9,9
20751,10123,9,9
20781,11472,9,9
20839,152391,9,9
20858,22075,9,9
20898,13612,9,9
20898,13986,9,9
20898,20462,9,9
20898,24281,9,9
20898,25477,9,9
20968,11392,9,9
20968,18579,9,9
21020,13333,9,9
21134,13819,9,9
21182,18412,9,9
21189,24382,9,9
21189,155853,9,9
21322,10826,9,9
21322,21189,9,9
21334,18716,9,9
21351,23721,9,9
21471,10453,9,9
21471,19372,9,9
21507,13635,9,9
21507,19689,9,9
21519,10232,9,9
21560,17284,9,9
21569,10939,9,9
21588,11509,9,9
21605,13253,9,9
21651,10236,9,9
21711,10415,9,9
21711,17666,9,9
21711,18889,9,9
21719,17633,9,9
21782,10568,9,9
21900,10073,9,9
21900,14532,9,9
21900,15702,9,9
21900,25532,9,9
21915,10582,9,9
21915,13069,9,9
21915,17177,9,9
21992,17653,9,9
22004,10782,9,9
22004,20199,9,9
22006,16971,9,9
22075,15307,9,9
22218,10547,9,9
22218,16590,9,9
22330,10541,9,9
22349,175327,9,9
22396,23500,9,9
22417,16512,9,9
22515,11955,9,9
22515,19697,9,9
22545,10652,9,9
22834,10504,9,9
22834,25146,9,9
22858,11022,9,9
22858,15066,9,9
22896,10568,9,9
22967,10200,9,9
22967,13312,9,9
22985,10462,9,9
22993,10707,9,9
22994,12399,9,9
22994,15187,9,9
23005,10599,9,9
23042,19396,9,9
23054,10788,9,9
23054,13925,9,9
23054,19689,9,9
23054,21507,9,9
23100,12452,9,9
23153,12901,9,9
23153,28252,9,9
23166,10433,9,9
23220,13497,9,9
23224,10427,9,9
23224,13115,9,9
23224,24925,9,9
23251,10810,9,9
23266,101043,9,9
23312,10011,9,9
23312,12399,9,9
23312,13377,9,9
23312,13497,9,9
23312,17285,9,9
23312,25517,9,9
23316,10468,9,9
23316,10510,9,9
23328,17392,9,9
23328,27150,9,9
23340,15660,9,9
23363,10685,9,9
23363,41482,9,9
23371,11819,9,9
23393,12250,9,9
23393,17176,9,9
23450,10461,9,9
23482,10825,9,9
23482,16025,9,9
23482,17093,9,9
23482,20751,9,9
23513,10927,9,9
23561,12880,9,9
23561,13377,9,9
23561,17637,9,9
23561,19915,9,9
23580,23811,9,9
23580,25517,9,9
23580,25588,9,9
23580,28786,9,9
23630,26717,9,9
23641,20593,9,9
23716,11609,9,9
23716,155853,9,9
23811,14533,9,9
23811,28627,9,9
23839,13513,9,9
23839,18899,9,9
23849,20484,9,9
23849,28572,9,9
23849,29902,9,9
23878,10123,9,9
23878,12903,9,9
23924,10927,9,9
23948,11191,9,9
23948,11471,9,9
23954,12236,9,9
23973,22780,9,9
23973,24973,9,9
24094,11195,9,9
24154,12711,9,9
24181,10555,9,9
24181,17176,9,9
24186,13232,9,9
24217,10198,9,9
24281,15062,9,9
24281,17075,9,9
24339,101450,9,9
24355,13612,9,9
24382,22515,9,9
24453,13288,9,9
24453,17471,9,9
24453,26039,9,9
24578,10362,9,9
24603,16910,9,9
24699,11375,9,9
24700,15958,9,9
24749,24925,9,9
24749,28252,9,9
24765,22778,9,9
24883,10305,9,9
24883,19094,9,9
24925,12479,9,9
24925,24749,9,9
24973,41482,9,9
25192,10170,9,9
25192,154207,9,9
25219,16682,9,9
25261,18666,9,9
25366,13683,9,9
25402,12099,9,9
25517,10170,9,9
25517,12880,9,9
25517,13306,9,9
25517,23954,9,9
25517,101336,9,9
25532,18566,9,9
25532,20462,9,9
25585,11476,9,9
25588,16241,9,9
25593,29014,9,9
25683,11514,9,9
25690,17653,9,9
25692,12159,9,9
25692,13612,9,9
25694,21368,9,9
25694,102062,9,9
25694,158132,9,9
25694,158479,9,9
25750,13253,9,9
25848,16025,9,9
25848,18691,9,9
25848,101336,9,9
25902,16122,9,9
25902,25192,9,9
26036,15806,9,9
26039,25192,9,9
26039,25585,9,9
26039,26304,9,9
26039,27321,9,9
26083,10453,9,9
26083,10528,9,9
26083,11445,9,9
26114,12711,9,9
26137,11223,9,9
26137,16241,9,9
26230,15806,9,9
26282,10968,9,9
26285,24141,9,9
26301,10362,9,9
26301,39721,9,9
26304,11182,9,9
26304,16824,9,9
26304,17285,9,9
26304,22061,9,9
26304,25532,9,9
26304,101219,9,9
26358,10170,9,9
26365,11560,9,9
26377,12236,9,9
26377,23573,9,9
26462,12050,9,9
26488,16699,9,9
26556,27882,9,9
26556,164298,9,9
26626,24141,9,9
26712,10205,9,9
26712,26566,9,9
26733,11747,9,9
26733,18246,9,9
26743,17285,9,9
26784,11704,9,9
26784,13434,9,9
26792,11416,9,9
26794,18385,9,9
26796,11657,9,9
27021,10768,9,9
27055,27552,9,9
27055,101043,9,9
27092,16155,9,9
27145,10968,9,9
27145,11562,9,9
27191,12903,9,9
27275,10237,9,9
27275,10883,9,9
27275,152620,9,9
27300,22778,9,9
27374,18215,9,9
27374,19228,9,9
27427,16899,9,9
27440,11766,9,9
27472,10134,9,9
27472,17632,9,9
27485,18680,9,9
27532,10354,9,9
27532,22546,9,9
27560,13109,9,9
27560,14884,9,9
27560,16067,9,9
27560,20751,9,9
27560,25532,9,9
27665,25532,9,9
27779,10462,9,9
27779,10780,9,9
27803,17601,9,9
27809,10590,9,9
27809,14355,9,9
27891,10200,9,9
27891,18691,9,9
27897,10366,9,9
27897,13306,9,9
27897,20116,9,9
27982,10968,9,9
27982,27472,9,9
28051,11511,9,9
28051,160183,9,9
28122,13612,9,9
28122,17715,9,9
28122,18385,9,9
28122,25808,9,9
28252,23153,9,9
28284,11617,9,9
28339,11766,9,9
28368,13170,9,9
28526,18006,9,9
28551,25532,9,9
28572,29902,9,9
28572,155077,9,9
28585,18566,9,9
28684,21900,9,9
28716,16899,9,9
28743,12591,9,9
28743,152857,9,9
28786,11514,9,9
28786,17093,9,9
28833,23969,9,9
28833,156960,9,9
28889,26387,9,9
28915,10171,9,9
28915,18566,9,9
28943,157432,9,9
29000,158754,9,9
29014,27441,9,9
29310,11709,9,9
29310,15217,9,9
29400,11182,9,9
29446,15217,9,9
29516,12236,9,9
29789,10510,9,9
29789,20683,9,9
29817,10668,9,9
29817,11182,9,9
29817,17433,9,9
29902,15862,9,9
29902,16241,9,9
29902,20683,9,9
29902,21900,9,9
29902,155077,9,9
30120,11182,9,9
30260,11507,9,9
30260,12596,9,9
30466,11223,9,9
30809,17476,9,9
31215,12399,9,9
31398,20751,9,9
31398,162783,9,9
31630,10445,9,9
31679,10668,9,9
31679,19897,9,9
31679,162783,9,9
32044,15913,9,9
32044,16801,9,9
32231,10183,9,9
32231,19884,9,9
33168,17284,9,9
33512,13306,9,9
33512,25532,9,9
34313,10125,9,9
34313,11406,9,9
34557,18566,9,9
34905,18827,9,9
36930,11224,9,9
36930,18691,9,9
36930,28605,9,9
37443,20605,9,9
37455,10073,9,9
37455,14413,9,9
37455,20484,9,9
37455,152857,9,9
37651,18111,9,9
37651,20462,9,9
39795,13819,9,9
39795,21241,9,9
39795,21718,9,9
41239,13288,9,9
45116,17607,9,9
45669,10251,9,9
49886,29187,9,9
76087,10453,9,9
100167,14004,9,9
100167,17284,9,9
100167,20018,9,9
100167,21628,9,9
100306,11022,9,9
100306,22899,9,9
100352,14949,9,9
100492,10192,9,9
100554,10205,9,9
100643,35927,9,9
100643,162396,9,9
100855,18335,9,9
101025,11532,9,9
101025,13034,9,9
101025,19116,9,9
101025,157860,9,9
101116,10072,9,9
101116,15798,9,9
101116,19758,9,9
101116,162830,9,9
101218,14004,9,9
101218,16824,9,9
101218,19678,9,9
101218,154207,9,9
101336,10366,9,9
101336,12399,9,9
101414,12068,9,9
101414,15001,9,9
102062,13013,9,9
102062,13288,9,9
102062,25902,9,9
102062,154996,9,9
102430,17342,9,9
102493,25344,9,9
102601,10559,9,9
102619,10826,9,9
102868,10107,9,9
102868,14954,9,9
102868,101414,9,9
102924,14596,9,9
103220,10568,9,9
103220,25181,9,9
103220,28252,9,9
103220,100139,9,9
103455,10133,9,9
103455,10403,9,9
152301,165560,9,9
152324,13683,9,9
152324,20898,9,9
152324,26114,9,9
152324,26916,9,9
152324,32073,9,9
152324,100643,9,9
152391,10200,9,9
152391,10460,9,9
152391,13312,9,9
152620,10134,9,9
152620,165340,9,9
152696,10134,9,9
152696,10471,9,9
152696,21649,9,9
153102,12113,9,9
153836,19996,9,9
153910,18566,9,9
154062,153863,9,9
154109,16682,9,9
154133,11400,9,9
154207,153910,9,9
154554,20185,9,9
154903,163791,9,9
154996,16801,9,9
154996,19678,9,9
155077,16067,9,9
155077,19897,9,9
155654,10722,9,9
155654,14355,9,9
155684,11182,9,9
155684,14004,9,9
155684,28915,9,9
155809,19689,9,9
155809,25339,9,9
155809,26036,9,9
157188,10764,9,9
157260,18089,9,9
157260,23224,9,9
157414,16067,9,9
157414,29789,9,9
157517,10764,9,9
157860,17285,9,9
158191,19116,9,9
158191,164042,9,9
158245,19004,9,9
158754,10366,9,9
158754,10825,9,9
158754,15609,9,9
158754,16067,9,9
158754,25532,9,9
158754,158242,9,9
159614,17562,9,9
159614,24925,9,9
159685,11809,9,9
159900,11182,9,9
160183,10205,9,9
160183,11110,9,9
162396,38332,9,9
162539,10620,9,9
162543,166778,9,9
162783,10842,9,9
164298,10890,9,9
164835,13434,9,9
165339,10433,9,9
165339,20645,9,9
165339,28915,9,9
165339,38332,9,9
165341,17374,9,9
166328,13397,9,9
166328,13920,9,9
166520,16282,9,9
166983,11340,9,9
171761,10196,9,9
174571,12515,9,9
186215,18168,9,9
10051,154769,10,10
10059,10262,10,10
10059,10513,10,10
10059,11506,10,10
10059,13817,10,10
10059,14432,10,10
10065,10412,10,10
10065,10981,10,10
10065,11319,10,10
10065,20391,10,10
10072,11507,10,10
10099,10192,10,10
10099,13635,10,10
10099,23431,10,10
10107,10133,10,10
10107,11165,10,10
10107,11422,10,10
10107,14954,10,10
10107,21808,10,10
10107,23299,10,10
10107,162539,10,10
10110,13846,10,10
10116,11506,10,10
10116,14076,10,10
10116,21120,10,10
10116,154903,10,10
10118,11173,10,10
10118,11187,10,10
10118,11793,10,10
10118,11879,10,10
10118,15062,10,10
10118,15910,10,10
10118,18032,10,10
10118,21649,10,10
10118,25808,10,10
10118,219796,10,10
10123,12236,10,10
10126,10679,10,10
10126,10884,10,10
10126,13118,10,10
10126,15105,10,10
10126,28943,10,10
10133,16987,10,10
10153,10462,10,10
10153,10534,10,10
10153,10866,10,10
10153,17415,10,10
10154,102493,10,10
10169,15888,10,10
10173,13033,10,10
10186,18335,10,10
10192,12302,10,10
10192,16079,10,10
10192,17475,10,10
10192,17546,10,10
10198,11336,10,10
10198,13434,10,10
10205,15367,10,10
10206,10463,10,10
10206,10558,10,10
10206,16228,10,10
10213,10217,10,10
10213,157260,10,10
10217,10590,10,10
10217,10646,10,10
10217,11062,10,10
10217,12596,10,10
10217,20781,10,10
10217,22210,10,10
10229,14596,10,10
10231,10134,10,10
10231,10380,10,10
10235,12050,10,10
10235,19690,10,10
10236,11191,10,10
10237,101116,10,10
10242,12061,10,10
10246,100643,10,10
10246,153509,10,10
10265,10662,10,10
10268,11609,10,10
10274,12343,10,10
10274,13399,10,10
10274,14945,10,10
10274,20696,10,10
10297,10242,10,10
10297,10617,10,10
10297,14164,10,10
10297,15515,10,10
10320,10555,10,10
10320,10625,10,10
10320,14214,10,10
10332,10196,10,10
10332,10205,10,10
10332,10320,10,10
10332,13782,10,10
10332,15542,10,10
10340,15753,10,10
10342,10332,10,10
10342,23299,10,10
10354,11152,10,10
10354,11936,10,10
10362,10065,10,10
10366,10329,10,10
10372,20667,10,10
10372,28219,10,10
10380,11198,10,10
10403,14226,10,10
10403,157432,10,10
10412,27810,10,10
10415,12474,10,10
10415,13276,10,10
10427,10960,10,10
10427,12790,10,10
10427,13942,10,10
10427,20142,10,10
10431,10072,10,10
10445,14811,10,10
10449,10788,10,10
10463,10972,10,10
10471,24996,10,10
10481,27575,10,10
10498,10779,10,10
10504,10156,10,10
10504,11809,10,10
10504,21551,10,10
10513,154133,10,10
10523,10156,10,10
10528,10564,10,10
10528,11258,10,10
10534,10262,10,10
10534,164741,10,10
10554,10590,10,10
10554,19661,10,10
10555,11129,10,10
10558,15286,10,10
10561,17757,10,10
10561,21991,10,10
10562,10065,10,10
10562,10794,10,10
10562,11288,10,10
10562,25344,10,10
10582,10640,10,10
10582,13246,10,10
10590,10646,10,10
10599,10826,10,10
10599,12693,10,10
10599,14617,10,10
10599,17462,10,10
10599,17546,10,10
10599,22178,10,10
10599,27882,10,10
10599,28943,10,10
10604,13628,10,10
10604,22580,10,10
10617,152642,10,10
10620,10342,10,10
10625,10474,10,10
10625,22006,10,10
10625,26083,10,10
10625,163342,10,10
10630,34115,10,10
10646,159685,10,10
10652,11717,10,10
10662,14168,10,10
10662,164298,10,10
10673,10853,10,10
10673,22173,10,10
10679,226276,10,10
10685,11288,10,10
10685,17930,10,10
10689,16721,10,10
10690,12901,10,10
10690,14096,10,10
10690,20694,10,10
10690,22729,10,10
10691,10362,10,10
10691,10939,10,10
10691,12049,10,10
10691,17091,10,10
10691,21397,10,10
10691,23251,10,10
10692,11011,10,10
10707,11640,10,10
10707,101043,10,10
10722,24076,10,10
10737,219853,10,10
10747,22780,10,10
10768,13069,10,10
10771,14379,10,10
10776,16228,10,10
10776,154903,10,10
10780,10184,10,10
10791,10554,10,10
10794,10118,10,10
10794,11562,10,10
10794,31445,10,10
10826,13782,10,10
10826,24121,10,10
10853,10312,10,10
10853,11133,10,10
10853,21262,10,10
10854,19929,10,10
10854,158694,10,10
10876,12072,10,10
10876,14084,10,10
10876,14443,10,10
10883,16903,10,10
10883,154133,10,10
10884,10646,10,10
10884,11152,10,10
10890,11493,10,10
10890,18761,10,10
10899,11965,10,10
10899,13318,10,10
10899,27029,10,10
10900,12307,10,10
10920,10999,10,10
10920,11235,10,10
10920,15286,10,10
10920,154133,10,10
10927,17498,10,10
10927,18471,10,10
10939,10474,10,10
10939,25533,10,10
10972,10072,10,10
10972,26809,10,10
10972,101892,10,10
10974,10523,10,10
10979,10415,10,10
10979,16419,10,10
10979,24128,10,10
10981,10462,10,10
10981,19796,10,10
10983,11747,10,10
10983,11925,10,10
10984,14481,10,10
10994,10265,10,10
10994,27982,10,10
11006,18827,10,10
11011,10692,10,10
11011,22515,10,10
11026,35109,10,10
11026,101218,10,10
11030,10974,10,10
11037,10788,10,10
11052,11013,10,10
11062,16396,10,10
11066,11653,10,10
11066,13530,10,10
11066,27665,10,10
11069,11423,10,10
11069,24149,10,10
11110,13397,10,10
11126,163342,10,10
11129,12343,10,10
11133,18398,10,10
11152,10232,10,10
11165,12307,10,10
11182,100725,10,10
11187,10144,10,10
11187,11392,10,10
11191,10559,10,10
11195,13819,10,10
11213,14154,10,10
11223,11891,10,10
11223,16595,10,10
11223,18149,10,10
11223,20860,10,10
11223,34313,10,10
11224,10366,10,10
11224,14454,10,10
11224,17284,10,10
11258,11471,10,10
11262,15845,10,10
11262,22740,10,10
11262,27703,10,10
11264,11529,10,10
11264,11793,10,10
11264,14346,10,10
11264,18341,10,10
11264,28368,10,10
11288,162833,10,10
11289,10268,10,10
11289,18827,10,10
11303,10787,10,10
11319,11709,10,10
11336,16396,10,10
11340,10134,10,10
11348,166983,10,10
11354,15105,10,10
11354,15883,10,10
11354,18900,10,10
11354,20443,10,10
11354,163719,10,10
11357,22994,10,10
11367,10453,10,10
11367,10853,10,10
11404,10110,10,10
11404,11529,10,10
11404,101116,10,10
11406,10981,10,10
11406,14671,10,10
11406,16801,10,10
11416,15883,10,10
11423,11530,10,10
11423,12193,10,10
11423,18716,10,10
11445,16245,10,10
11471,10474,10,10
11471,11011,10,10
11471,13383,10,10
11472,10274,10,10
11472,11316,10,10
11472,19396,10,10
11493,19260,10,10
11503,11935,10,10
11503,159762,10,10
11506,10144,10,10
11506,10960,10,10
11506,20667,10,10
11509,17176,10,10
11511,22515,10,10
11514,15609,10,10
11530,11404,10,10
11532,15125,10,10
11532,20860,10,10
11532,26114,10,10
11550,12113,10,10
11550,28997,10,10
11560,10463,10,10
11577,11129,10,10
11577,11749,10,10
11577,17910,10,10
11577,18860,10,10
11577,21134,10,10
11602,11819,10,10
11605,10134,10,10
11606,10144,10,10
11609,16209,10,10
11617,10265,10,10
11617,15609,10,10
11640,19667,10,10
11646,25477,10,10
11653,13920,10,10
11655,15357,10,10
11655,22786,10,10
11704,11406,10,10
11717,26708,10,10
11744,10679,10,10
11744,14949,10,10
11747,11511,10,10
11749,10747,10,10
11766,13884,10,10
11766,24202,10,10
11766,29484,10,10
11772,10229,10,10
11772,12443,10,10
11772,13884,10,10
11772,14788,10,10
11772,17584,10,10
11772,21782,10,10
11772,26238,10,10
11772,101118,10,10
11782,13641,10,10
11793,13477,10,10
11793,15869,10,10
11819,26784,10,10
11819,153102,10,10
11822,11904,10,10
11822,15062,10,10
11822,20484,10,10
11822,28743,10,10
11872,11936,10,10
11872,22215,10,10
11872,24050,10,10
11877,10449,10,10
11877,11336,10,10
11877,13746,10,10
11877,14527,10,10
11877,24883,10,10
11879,15958,10,10
11879,30530,10,10
11891,167442,10,10
11918,10380,10,10
11918,11022,10,10
11918,17592,10,10
11918,27472,10,10
11925,16107,10,10
11926,11235,10,10
11934,14588,10,10
12025,11303,10,10
12025,11780,10,10
12025,163342,10,10
12028,12107,10,10
12028,17188,10,10
12049,13904,10,10
12050,10564,10,10
12050,10568,10,10
12050,10590,10,10
12050,28252,10,10
12061,15542,10,10
12068,10679,10,10
12068,15452,10,10
12088,12098,10,10
12088,18089,10,10
12098,11511,10,10
12099,10099,10,10
12099,11936,10,10
12118,12072,10,10
12151,11877,10,10
12151,14941,10,10
12151,21915,10,10
12160,10528,10,10
12187,17632,10,10
12187,31445,10,10
12193,10498,10,10
12193,10682,10,10
12193,28943,10,10
12236,16025,10,10
12250,10776,10,10
12260,11023,10,10
12260,28716,10,10
12302,10620,10,10
12307,11503,10,10
12312,10297,10,10
12312,25219,10,10
12338,13246,10,10
12338,26796,10,10
12342,17342,10,10
12342,17653,10,10
12344,12645,10,10
12344,165340,10,10
12360,13157,10,10
12368,12739,10,10
12368,18591,10,10
12399,22328,10,10
12412,10065,10,10
12412,10213,10,10
12430,152620,10,10
12447,11550,10,10
12447,16903,10,10
12479,11282,10,10
12479,11415,10,10
12479,12891,10,10
12481,14884,10,10
12510,11503,10,10
12515,10235,10,10
12549,13170,10,10
12549,13574,10,10
12569,12072,10,10
12573,10668,10,10
12573,16067,10,10
12573,45669,10,10
12582,22993,10,10
12591,15913,10,10
12591,17742,10,10
12591,19449,10,10
12596,10685,10,10
12596,11029,10,10
12605,29483,10,10
12616,24197,10,10
12645,15286,10,10
12677,11013,10,10
12678,16590,10,10
12711,13006,10,10
12711,13353,10,10
12739,12368,10,10
12769,11489,10,10
12769,15562,10,10
12857,10768,10,10
12857,14091,10,10
12858,37267,10,10
12860,14168,10,10
12880,19454,10,10
12901,14096,10,10
12903,11416,10,10
12903,14461,10,10
13006,10462,10,10
13013,24664,10,10
13019,11235,10,10
13034,25848,10,10
13064,17910,10,10
13064,27472,10,10
13073,101414,10,10
13081,18889,10,10
13081,156308,10,10
13100,23005,10,10
13124,18553,10,10
13127,13081,10,10
13127,18501,10,10
13127,154383,10,10
13135,12253,10,10
13157,167442,10,10
13206,10105,10,10
13206,100643,10,10
13246,10679,10,10
13246,13383,10,10
13246,15129,10,10
13246,16425,10,10
13249,11411,10,10
13249,12260,10,10
13249,154133,10,10
13266,13288,10,10
13288,11489,10,10
13288,12312,10,10
13293,10415,10,10
13293,11235,10,10
13312,22225,10,10
13318,18553,10,10
13323,10133,10,10
13339,20860,10,10
13427,152621,10,10
13497,13266,10,10
13500,13115,10,10
13500,14091,10,10
13500,17615,10,10
13511,23671,10,10
13513,13100,10,10
13530,16122,10,10
13530,23100,10,10
13530,153995,10,10
13538,16025,10,10
13574,10415,10,10
13574,14671,10,10
13574,15753,10,10
13612,10011,10,10
13612,10388,10,10
13612,11065,10,10
13612,12481,10,10
13612,14379,10,10
13612,29743,10,10
13612,155115,10,10
13627,23166,10,10
13635,11511,10,10
13635,11747,10,10
13635,13490,10,10
13641,100139,10,10
13645,11191,10,10
13645,11198,10,10
13660,18335,10,10
13683,20860,10,10
13709,15296,10,10
13709,102954,10,10
13724,12567,10,10
13724,12901,10,10
13738,18566,10,10
13738,27665,10,10
13779,12481,10,10
13779,13339,10,10
13779,14079,10,10
13779,15050,10,10
13779,22328,10,10
13779,23164,10,10
13779,29000,10,10
13779,29516,10,10
13779,155685,10,10
13803,101450,10,10
13846,13127,10,10
13905,11509,10,10
13905,162539,10,10
13908,10534,10,10
13908,11704,10,10
13908,12344,10,10
13908,15250,10,10
14004,10242,10,10
14011,12739,10,10
14011,14176,10,10
14011,23431,10,10
14076,22780,10,10
14076,155099,10,10
14091,10268,10,10
14091,10884,10,10
14091,14355,10,10
14096,10564,10,10
14096,11226,10,10
14096,101053,10,10
14154,13904,10,10
14176,11356,10,10
14199,10625,10,10
14214,10154,10,10
14230,11766,10,10
14230,21931,10,10
14261,10067,10,10
14292,10554,10,10
14295,21992,10,10
14314,10073,10,10
14389,19689,10,10
14389,26796,10,10
14389,162539,10,10
14413,11224,10,10
14432,24765,10,10
14432,26301,10,10
14454,13513,10,10
14454,16824,10,10
14454,22576,10,10
14454,24355,10,10
14454,25264,10,10
14454,155077,10,10
14481,12430,10,10
14482,27891,10,10
14532,10105,10,10
14532,10668,10,10
14532,13738,10,10
14532,154207,10,10
14555,15286,10,10
14555,17617,10,10
14650,11195,10,10
14650,17562,10,10
14707,19848,10,10
14707,23582,10,10
14767,11303,10,10
14788,10116,10,10
14788,11606,10,10
14788,21120,10,10
14811,19886,10,10
14884,10468,10,10
14884,14379,10,10
14884,15862,10,10
14884,16595,10,10
14884,25192,10,10
14945,13009,10,10
14954,10604,10,10
14954,21189,10,10
15001,15452,10,10
15001,24076,10,10
15006,10125,10,10
15018,12113,10,10
15018,13477,10,10
15062,15477,10,10
15068,13403,10,10
15078,15609,10,10
15078,27199,10,10
15105,10206,10,10
15115,10196,10,10
15115,10884,10,10
15115,17345,10,10
15125,100643,10,10
15187,11646,10,10
15187,12858,10,10
15187,15566,10,10
15187,18666,10,10
15187,23328,10,10
15187,29415,10,10
15192,10991,10,10
15217,12891,10,10
15234,10144,10,10
15234,10461,10,10
15234,10630,10,10
15234,12028,10,10
15238,27472,10,10
15286,18842,10,10
15307,10340,10,10
15307,10541,10,10
15331,10768,10,10
15357,27882,10,10
15448,19228,10,10
15448,20962,10,10
15448,22574,10,10
15452,13490,10,10
15515,13725,10,10
15515,14159,10,10
15542,12302,10,10
15546,13513,10,10
15546,17627,10,10
15546,20478,10,10
15546,27411,10,10
15562,11375,10,10
15562,13779,10,10
15562,13950,10,10
15562,166520,10,10
15588,10890,10,10
15588,11303,10,10
15588,11420,10,10
15588,12049,10,10
15608,12701,10,10
15608,28219,10,10
15609,14884,10,10
15609,15565,10,10
15609,17285,10,10
15609,20018,10,10
15609,26387,10,10
15609,28224,10,10
15609,35897,10,10
15609,158242,10,10
15609,158245,10,10
15660,17742,10,10
15660,17768,10,10
15687,13464,10,10
15702,10510,10,10
15702,13353,10,10
15741,103220,10,10
15753,10780,10,10
15778,15105,10,10
15819,12299,10,10
15819,14461,10,10
15845,14196,10,10
15845,27441,10,10
15862,17250,10,10
15862,25671,10,10
15862,28585,10,10
15862,30466,10,10
15862,101218,10,10
15862,164554,10,10
15869,24217,10,10
15881,11392,10,10
15910,10073,10,10
15910,101336,10,10
15913,156960,10,10
15925,10689,10,10
15925,16696,10,10
15925,23431,10,10
16004,102123,10,10
16025,14454,10,10
16025,27199,10,10
16064,20667,10,10
16067,10668,10,10
16067,10825,10,10
16067,23100,10,10
16067,25261,10,10
16067,33168,10,10
16067,35109,10,10
16067,101336,10,10
16097,10722,10,10
16097,12704,10,10
16097,101043,10,10
16122,27665,10,10
16122,28915,10,10
16209,14783,10,10
16209,18983,10,10
16241,101025,10,10
16249,17179,10,10
16254,18774,10,10
16254,103220,10,10
16290,11013,10,10
16290,13163,10,10
16306,18439,10,10
16328,10232,10,10
16328,10884,10,10
16328,11152,10,10
16328,12343,10,10
16396,16590,10,10
16418,16682,10,10
16438,12616,10,10
16486,33009,10,10
16512,10755,10,10
16512,11514,10,10
16512,13513,10,10
16512,14884,10,10
16512,17627,10,10
16512,20484,10,10
16595,10764,10,10
16595,14532,10,10
16595,17284,10,10
16622,11532,10,10
16622,12312,10,10
16649,11069,10,10
16649,25181,10,10
16699,10782,10,10
16734,10780,10,10
16734,17653,10,10
16801,10251,10,10
16801,13497,10,10
16801,20462,10,10
16803,13153,10,10
16803,155654,10,10
16910,24382,10,10
17021,17970,10,10
17037,24154,10,10
17093,13530,10,10
17093,14004,10,10
17093,26916,10,10
17103,10590,10,10
17130,152621,10,10
17150,19351,10,10
17150,102062,10,10
17155,11303,10,10
17155,26708,10,10
17155,28526,10,10
17161,18006,10,10
17176,17890,10,10
17177,12160,10,10
17177,219853,10,10
17185,12049,10,10
17185,13323,10,10
17188,10562,10,10
17188,12447,10,10
17188,12596,10,10
17188,16035,10,10
17188,18664,10,10
17201,13797,10,10
17264,19690,10,10
17284,12342,10,10
17285,11505,10,10
17285,14454,10,10
17285,102062,10,10
17342,17389,10,10
17392,10123,10,10
17392,17285,10,10
17433,15565,10,10
17433,19240,10,10
17433,20185,10,10
17433,23954,10,10
17475,13628,10,10
17476,10571,10,10
17476,15862,10,10
17476,16067,10,10
17476,20018,10,10
17483,16473,10,10
17483,20858,10,10
17498,18439,10,10
17546,10192,10,10
17562,12761,10,10
17562,18451,10,10
17562,18963,10,10
17580,14199,10,10
17584,21782,10,10
17601,19946,10,10
17615,101053,10,10
17617,11602,10,10
17617,11879,10,10
17617,23991,10,10
17617,24217,10,10
17632,13452,10,10
17632,17415,10,10
17637,10764,10,10
17651,11509,10,10
17651,16328,10,10
17721,155853,10,10
17742,16122,10,10
17742,49582,10,10
17757,10462,10,10
17757,17947,10,10
17861,19689,10,10
17890,26712,10,10
17910,16107,10,10
17919,12996,10,10
17963,15702,10,10
18013,14379,10,10
18013,19678,10,10
18013,22096,10,10
18013,24281,10,10
18063,20462,10,10
18116,11904,10,10
18192,15608,10,10
18219,11069,10,10
18219,11936,10,10
18242,14613,10,10
18242,15732,10,10
18246,10692,10,10
18246,22515,10,10
18335,100855,10,10
18345,11066,10,10
18398,10983,10,10
18398,19697,10,10
18398,156857,10,10
18399,18456,10,10
18439,11935,10,10
18439,14468,10,10
18445,14230,10,10
18456,10126,10,10
18496,13500,10,10
18518,14012,10,10
18611,14532,10,10
18677,27665,10,10
18677,154122,10,10
18680,37455,10,10
18691,14004,10,10
18691,154207,10,10
18720,14379,10,10
18720,14413,10,10
18720,16241,10,10
18720,100541,10,10
18806,10979,10,10
18809,11822,10,10
18809,13765,10,10
18809,17857,10,10
18809,20680,10,10
18842,10780,10,10
18842,11411,10,10
18842,11819,10,10
18889,18516,10,10
18899,10510,10,10
18924,22896,10,10
18926,12113,10,10
18938,15913,10,10
19004,17768,10,10
19056,17546,10,10
19240,12591,10,10
19240,15660,10,10
19240,19351,10,10
19240,20645,10,10
19348,12307,10,10
19351,10825,10,10
19351,13312,10,10
19396,14536,10,10
19449,13738,10,10
19449,14884,10,10
19449,16617,10,10
19449,25902,10,10
19451,11134,10,10
19638,12299,10,10
19678,14532,10,10
19678,16512,10,10
19678,19351,10,10
19689,26796,10,10
19690,163638,10,10
19719,10169,10,10
19833,11653,10,10
19833,14954,10,10
19839,10362,10,10
19839,11367,10,10
19839,158019,10,10
19848,19581,10,10
19897,14314,10,10
20018,14379,10,10
20031,17177,10,10
20041,11927,10,10
20080,24578,10,10
20142,18451,10,10
20142,18963,10,10
20185,19675,10,10
20185,21897,10,10
20199,10105,10,10
20199,154207,10,10
20253,11476,10,10
20285,19719,10,10
20328,10826,10,10
20328,19667,10,10
20335,15452,10,10
20370,18513,10,10
20370,162396,10,10
20371,16617,10,10
20371,19240,10,10
20371,20199,10,10
20371,100643,10,10
20391,12338,10,10
20407,20484,10,10
20407,24149,10,10
20420,10662,10,10
20441,22006,10,10
20443,22827,10,10
20484,14012,10,10
20484,17392,10,10
20484,20407,10,10
20645,17150,10,10
20650,10384,10,10
20650,24973,10,10
20680,18566,10,10
20680,22827,10,10
20781,12479,10,10
20839,10297,10,10
20839,15078,10,10
20858,17637,10,10
20898,16734,10,10
20898,17075,10,10
20968,10242,10,10
20968,12704,10,10
21020,154312,10,10
21147,18664,10,10
21175,14389,10,10
21175,162543,10,10
21189,17176,10,10
21189,19833,10,10
21189,21322,10,10
21322,24181,10,10
21335,11356,10,10
21351,15798,10,10
21368,15913,10,10
21373,20328,10,10
21466,14168,10,10
21471,11445,10,10
21507,11865,10,10
21507,23054,10,10
21551,13075,10,10
21560,15307,10,10
21560,20185,10,10
21569,11653,10,10
21569,16295,10,10
21569,19372,10,10
21605,12342,10,10
21620,10171,10,10
21628,12236,10,10
21628,14379,10,10
21628,14454,10,10
21637,12088,10,10
21719,13612,10,10
21719,22576,10,10
21808,13920,10,10
21808,24181,10,10
21821,154207,10,10
21839,10793,10,10
21839,16630,10,10
21839,19758,10,10
21874,21674,10,10
21897,16122,10,10
21897,17476,10,10
21900,21897,10,10
21931,10268,10,10
21958,14596,10,10
22004,11030,10,10
22004,17433,10,10
22173,17875,10,10
22173,26083,10,10
22198,103220,10,10
22210,10768,10,10
22210,11069,10,10
22328,13266,10,10
22330,11059,10,10
22330,24149,10,10
22391,13115,10,10
22396,27803,10,10
22515,11511,10,10
22538,18286,10,10
22774,28449,10,10
22822,15006,10,10
22825,10184,10,10
22834,10764,10,10
22834,27891,10,10
22834,101336,10,10
22919,10652,10,10
22960,18899,10,10
22994,13497,10,10
23054,156857,10,10
23104,28833,10,10
23153,14536,10,10
23164,18385,10,10
23164,25261,10,10
23218,10133,10,10
23224,10235,10,10
23224,13300,10,10
23240,21588,10,10
23312,10755,10,10
23312,13353,10,10
23312,23316,10,10
23316,10366,10,10
23328,13339,10,10
23371,11550,10,10
23371,14596,10,10
23393,17665,10,10
23393,17826,10,10
23393,162543,10,10
23431,13490,10,10
23433,10200,10,10
23455,12761,10,10
23482,25532,10,10
23482,102062,10,10
23482,154207,10,10
23500,17601,10,10
23500,26556,10,10
23533,17653,10,10
23561,12159,10,10
23561,12903,10,10
23561,24281,10,10
23573,25694,10,10
23580,25585,10,10
23641,13170,10,10
23716,19833,10,10
23811,16579,10,10
23811,157414,10,10
23839,19449,10,10
23839,22272,10,10
23849,11224,10,10
23849,18091,10,10
23849,158479,10,10
23924,18471,10,10
23948,18456,10,10
23954,10105,10,10
23954,14884,10,10
23973,18335,10,10
23991,15286,10,10
23991,155644,10,10
24152,25181,10,10
24186,14154,10,10
24202,10646,10,10
24202,18983,10,10
24217,155644,10,10
24281,10170,10,10
24281,22078,10,10
24339,18591,10,10
24355,20751,10,10
24382,29689,10,10
24447,11282,10,10
24453,14533,10,10
24453,154996,10,10
24453,159900,10,10
24539,20645,10,10
24539,21560,10,10
24555,12088,10,10
24603,18246,10,10
24883,22349,10,10
24973,100855,10,10
24973,104697,10,10
24973,166337,10,10
24996,10682,10,10
25052,11282,10,10
25181,15446,10,10
25192,17150,10,10
25261,21873,10,10
25264,13513,10,10
25344,11289,10,10
25345,17475,10,10
25366,26387,10,10
25406,11336,10,10
25517,10200,10,10
25517,12399,10,10
25517,13738,10,10
25532,13288,10,10
25532,23954,10,10
25532,152857,10,10
25593,158008,10,10
25671,15187,10,10
25683,19884,10,10
25683,21821,10,10
25683,27362,10,10
25684,14654,10,10
25694,16241,10,10
25694,16857,10,10
25694,20018,10,10
25694,28605,10,10
25750,26390,10,10
25848,26792,10,10
25871,12312,10,10
25871,153910,10,10
25902,11262,10,10
25995,15049,10,10
25995,17704,10,10
26039,16734,10,10
26039,20645,10,10
26039,27665,10,10
26039,102062,10,10
26137,11182,10,10
26137,28228,10,10
26231,10468,10,10
26231,13100,10,10
26282,10372,10,10
26282,17632,10,10
26301,22778,10,10
26304,10755,10,10
26358,10171,10,10
26358,10329,10,10
26365,13115,10,10
26377,18091,10,10
26377,22967,10,10
26377,158132,10,10
26387,10170,10,10
26626,12481,10,10
26626,15697,10,10
26626,25261,10,10
26626,28627,10,10
26717,10235,10,10
26717,19751,10,10
26733,11006,10,10
26733,11511,10,10
26733,156857,10,10
26734,24699,10,10
26743,20199,10,10
26757,16903,10,10
26757,19661,10,10
26757,27472,10,10
26792,14884,10,10
26796,10854,10,10
26812,20781,10,10
26819,13253,10,10
26819,24149,10,10
27002,155644,10,10
27023,10825,10,10
27055,11006,10,10
27092,22354,10,10
27145,28368,10,10
27145,165340,10,10
27191,16241,10,10
27191,24161,10,10
27374,19305,10,10
27411,18116,10,10
27411,24149,10,10
27416,10274,10,10
27427,17562,10,10
27427,22210,10,10
27440,10564,10,10
27441,10427,10,10
27472,26238,10,10
27472,26757,10,10
27485,13075,10,10
27485,37455,10,10
27532,18983,10,10
27552,15452,10,10
27560,10067,10,10
27560,10764,10,10
27560,16824,10,10
27579,10407,10,10
27610,10237,10,10
27703,22354,10,10
27703,24154,10,10
27779,10134,10,10
27779,10471,10,10
27779,10902,10,10
27809,12857,10,10
27809,25181,10,10
27882,16458,10,10
27882,26556,10,10
27891,17093,10,10
27891,22834,10,10
27897,101336,10,10
27982,17970,10,10
28051,11006,10,10
28051,12068,10,10
28051,162539,10,10
28224,15078,10,10
28224,18720,10,10
28224,101218,10,10
28228,11223,10,10
28228,15565,10,10
28398,15452,10,10
28398,15806,10,10
28398,16632,10,10
28526,10960,10,10
28551,10073,10,10
28572,20371,10,10
28620,14482,10,10
28627,18666,10,10
28684,10073,10,10
28701,11182,10,10
28743,10366,10,10
28786,15913,10,10
28786,16801,10,10
28915,10329,10,10
28915,15697,10,10
28915,20462,10,10
28943,16458,10,10
29310,11134,10,10
29310,11782,10,10
29350,10433,10,10
29446,15034,10,10
29789,21719,10,10
29891,10203,10,10
30120,14527,10,10
30487,15697,10,10
30487,18700,10,10
30530,18286,10,10
30545,10780,10,10
30748,29350,10,10
30809,14004,10,10
30951,14348,10,10
30951,14919,10,10
30951,17894,10,10
31630,10173,10,10
33512,10073,10,10
33512,17093,10,10
33512,27891,10,10
34021,158754,10,10
35897,20645,10,10
36930,44001,10,10
37234,14536,10,10
37234,24925,10,10
37234,27416,10,10
37267,12399,10,10
37267,13353,10,10
37455,12591,10,10
37455,20371,10,10
68570,10571,10,10
76087,14432,10,10
96565,16903,10,10
100139,13724,10,10
100139,14096,10,10
100139,18451,10,10
100167,13288,10,10
100492,11955,10,10
100492,13635,10,10
100492,15001,10,10
100492,16097,10,10
100492,24382,10,10
100492,163719,10,10
100541,10183,10,10
100554,12708,10,10
100554,13925,10,10
100643,18513,10,10
101025,17392,10,10
101025,19897,10,10
101116,20181,10,10
101118,166337,10,10
101194,12118,10,10
101218,17284,10,10
101218,100167,10,10
101336,25897,10,10
101414,11425,10,10
101414,14954,10,10
102062,16241,10,10
102062,28915,10,10
102493,10205,10,10
102619,11165,10,10
102619,11511,10,10
102868,10196,10,10
103220,10235,10,10
152324,14532,10,10
152324,19004,10,10
152324,23164,10,10
152324,29789,10,10
152324,153995,10,10
152391,33512,10,10
152696,10184,10,10
152696,10262,10,10
153102,22899,10,10
153509,15049,10,10
153836,20142,10,10
154122,13377,10,10
154122,13497,10,10
154460,25684,10,10
154903,17103,10,10
154996,14004,10,10
155077,16155,10,10
155077,17150,10,10
155077,20645,10,10
155077,28627,10,10
155077,169911,10,10
155654,10268,10,10
155654,25684,10,10
155684,11514,10,10
155684,18566,10,10
155685,25808,10,10
155809,11258,10,10
155809,16425,10,10
155809,27055,10,10
156166,19915,10,10
156308,10186,10,10
156783,12068,10,10
156783,26566,10,10
156928,10320,10,10
157188,15697,10,10
157260,11706,10,10
157260,12050,10,10
157407,11187,10,10
157409,13782,10,10
157414,20018,10,10
157860,14314,10,10
158019,166392,10,10
158191,16155,10,10
158191,20993,10,10
158245,14532,10,10
158754,16473,10,10
159900,15207,10,10
159959,21992,10,10
160183,18413,10,10
162396,25261,10,10
162539,10555,10,10
162539,17546,10,10
162543,163686,10,10
163342,12007,10,10
163638,10427,10,10
163638,20142,10,10
163638,23224,10,10
163791,156308,10,10
164042,29516,10,10
164835,12474,10,10
164835,13170,10,10
165061,11336,10,10
165339,10297,10,10
165341,10445,10,10
165341,14945,10,10
166326,16682,10,10
166337,41482,10,10
166778,18345,10,10
166983,10153,10,10
171948,15006,10,10
174571,10196,10,10
174571,24698,10,10
186215,13628,10,10
10051,21569,11,11
10059,10065,11,11
10059,10099,11,11
10059,10768,11,11
10065,13135,11,11
10065,15687,11,11
10072,15006,11,11
10072,155099,11,11
10099,11129,11,11
10099,14361,11,11
10107,10059,11,11
10107,11445,11,11
10107,12307,11,11
10107,18471,11,11
10118,10184,11,11
10118,13278,11,11
10118,26365,11,11
10123,10200,11,11
10123,10510,11,11
10125,10305,11,11
10126,10200,11,11
10126,12605,11,11
10126,155115,11,11
10133,17498,11,11
10153,10231,11,11
10153,15262,11,11
10153,22858,11,11
10153,165340,11,11
10173,101116,11,11
10184,154133,11,11
10192,22515,11,11
10196,11511,11,11
10198,11022,11,11
10198,13170,11,11
10198,162649,11,11
10203,10133,11,11
10203,24303,11,11
10205,11152,11,11
10206,11411,11,11
10206,15562,11,11
10206,164835,11,11
10217,10144,11,11
10217,10372,11,11
10217,10776,11,11
10217,11023,11,11
10217,12677,11,11
10217,15250,11,11
10217,100855,11,11
10227,29187,11,11
10229,12616,11,11
10231,152696,11,11
10232,10065,11,11
10232,10362,11,11
10235,12412,11,11
10235,13009,11,11
10237,12996,11,11
10242,10826,11,11
10242,10983,11,11
10242,14420,11,11
10242,18413,11,11
10242,100492,11,11
10242,153142,11,11
10262,19983,11,11
10265,12007,11,11
10265,18471,11,11
10274,13500,11,11
10274,17615,11,11
10274,18089,11,11
10274,163638,11,11
10297,102123,11,11
10305,10793,11,11
10305,14076,11,11
10312,18553,11,11
10320,156783,11,11
10332,21808,11,11
10340,21134,11,11
10342,10707,11,11
10342,11011,11,11
10354,10274,11,11
10354,12412,11,11
10354,17161,11,11
10366,10755,11,11
10380,10237,11,11
10412,18006,11,11
10415,10747,11,11
10415,10780,11,11
10415,18491,11,11
10427,12050,11,11
10427,12901,11,11
10431,10547,11,11
10445,11195,11,11
10445,12891,11,11
10445,18963,11,11
10463,13232,11,11
10463,17498,11,11
10463,21134,11,11
10474,27145,11,11
10534,12072,11,11
10554,24669,11,11
10554,162830,11,11
10555,25212,11,11
10558,10747,11,11
10561,12701,11,11
10562,12891,11,11
10562,18466,11,11
10562,24197,11,11
10568,11865,11,11
10582,10788,11,11
10582,159251,11,11
10590,10213,11,11
10590,11442,11,11
10590,26238,11,11
10599,11223,11,11
10599,11303,11,11
10599,11422,11,11
10599,26488,11,11
10617,14468,11,11
10617,16750,11,11
10620,11747,11,11
10620,21373,11,11
10625,11653,11,11
10625,12759,11,11
10625,16176,11,11
10625,16619,11,11
10625,20119,11,11
10630,11198,11,11
10630,24883,11,11
10640,11367,11,11
10679,10983,11,11
10679,12302,11,11
10682,16519,11,11
10685,10547,11,11
10690,15114,11,11
10690,103220,11,11
10691,10528,11,11
10691,10853,11,11
10692,14949,11,11
10707,11780,11,11
10728,26365,11,11
10747,20667,11,11
10747,41482,11,11
10747,101116,11,11
10755,20269,11,11
10755,25585,11,11
10755,45669,11,11
10771,12399,11,11
10771,155685,11,11
10780,10198,11,11
10791,11100,11,11
10791,13081,11,11
10793,11288,11,11
10810,13904,11,11
10810,21262,11,11
10810,24828,11,11
10810,156180,11,11
10826,10320,11,11
10826,11657,11,11
10853,13318,11,11
10853,25447,11,11
10876,10779,11,11
10883,16064,11,11
10883,21866,11,11
10884,27021,11,11
10884,165614,11,11
10899,15391,11,11
10899,17130,11,11
10920,17947,11,11
10920,152696,11,11
10927,13075,11,11
10939,10652,11,11
10960,10354,11,11
10960,12412,11,11
10960,19996,11,11
10972,14849,11,11
10972,15649,11,11
10974,10568,11,11
10974,11258,11,11
10974,11303,11,11
10979,100855,11,11
10981,18341,11,11
10981,19983,11,11
10981,102786,11,11
10983,10620,11,11
10999,10920,11,11
10999,19260,11,11
10999,19613,11,11
11011,26566,11,11
11023,12573,11,11
11023,16595,11,11
11026,10468,11,11
11026,10668,11,11
11026,21628,11,11
11029,10125,11,11
11029,219796,11,11
11041,10347,11,11
11041,176866,11,11
11052,23670,11,11
11052,166385,11,11
11065,22939,11,11
11066,11904,11,11
11066,22576,11,11
11069,18717,11,11
11069,20532,11,11
11100,11069,11,11
11100,17584,11,11
11126,15782,11,11
11133,11006,11,11
11134,10690,11,11
11134,13819,11,11
11134,14811,11,11
11182,14884,11,11
11187,17075,11,11
11187,23561,11,11
11187,28585,11,11
11191,12049,11,11
11195,11560,11,11
11195,23042,11,11
11224,18013,11,11
11224,20253,11,11
11224,26743,11,11
11224,157188,11,11
11262,20116,11,11
11264,10384,11,11
11264,10690,11,11
11264,25571,11,11
11264,27982,11,11
11264,29446,11,11
11282,19751,11,11
11282,24050,11,11
11288,10984,11,11
11288,16590,11,11
11289,11936,11,11
11289,12050,11,11
11289,21874,11,11
11297,11404,11,11
11297,26370,11,11
11316,28252,11,11
11316,159822,11,11
11319,13399,11,11
11323,11041,11,11
11323,12616,11,11
11323,15712,11,11
11336,23450,11,11
11340,15819,11,11
11348,12344,11,11
11354,11646,11,11
11354,14420,11,11
11354,15452,11,11
11354,22173,11,11
11354,24975,11,11
11354,162543,11,11
11356,12769,11,11
11356,171055,11,11
11367,10236,11,11
11368,11709,11,11
11373,10236,11,11
11373,27809,11,11
11373,166047,11,11
11404,10449,11,11
11404,21711,11,11
11406,10305,11,11
11406,14597,11,11
11416,10329,11,11
11416,12860,11,11
11416,14461,11,11
11422,49886,11,11
11425,100492,11,11
11442,14011,11,11
11442,14597,11,11
11442,14617,11,11
11445,11133,11,11
11471,19833,11,11
11493,10811,11,11
11493,28943,11,11
11506,10169,11,11
11506,12113,11,11
11506,12567,11,11
11506,13543,11,11
11506,23630,11,11
11507,14346,11,11
11507,14811,11,11
11507,17374,11,11
11507,18520,11,11
11507,21874,11,11
11514,12903,11,11
11514,16589,11,11
11514,22740,11,11
11514,154312,11,11
11532,16801,11,11
11532,20116,11,11
11532,27199,11,11
11560,11609,11,11
11577,10568,11,11
11577,17207,11,11
11605,10974,11,11
11605,11507,11,11
11605,14596,11,11
11605,15262,11,11
11606,18335,11,11
11609,11507,11,11
11609,18983,11,11
11623,10116,11,11
11623,14941,11,11
11631,162912,11,11
11640,12096,11,11
11653,23431,11,11
11655,16987,11,11
11657,10196,11,11
11704,11550,11,11
11709,10099,11,11
11717,10981,11,11
11717,11133,11,11
11717,23513,11,11
11717,26488,11,11
11717,164741,11,11
11744,12515,11,11
11766,12891,11,11
11772,11022,11,11
11772,11129,11,11
11772,11428,11,11
11772,12677,11,11
11772,12739,11,11
11772,13170,11,11
11772,14154,11,11
11772,17483,11,11
11772,22822,11,11
11782,24925,11,11
11793,12645,11,11
11819,10968,11,11
11819,11493,11,11
11819,12253,11,11
11822,13013,11,11
11891,16245,11,11
11904,11030,11,11
11904,24149,11,11
11918,10133,11,11
11918,19661,11,11
11918,27803,11,11
11925,13490,11,11
11935,21665,11,11
11935,157503,11,11
11955,10332,11,11
11965,15873,11,11
12007,10558,11,11
12025,10192,11,11
12025,10826,11,11
12028,10412,11,11
12028,11530,11,11
12050,14567,11,11
12050,24330,11,11
12061,18132,11,11
12072,11704,11,11
12088,16617,11,11
12088,21874,11,11
12088,25671,11,11
12098,10571,11,11
12098,15845,11,11
12098,19689,11,11
12098,20968,11,11
12099,12050,11,11
12099,12567,11,11
12099,13500,11,11
12099,24050,11,11
12107,12769,11,11
12151,15798,11,11
12151,20181,11,11
12151,165061,11,11
12159,166047,11,11
12187,10118,11,11
12187,13033,11,11
12187,15869,11,11
12193,12928,11,11
12202,11609,11,11
12250,155853,11,11
12253,12447,11,11
12260,14824,11,11
12299,10362,11,11
12299,21651,11,11
12302,18132,11,11
12302,102868,11,11
12302,162543,11,11
12312,11030,11,11
12343,19056,11,11
12344,17947,11,11
12360,19963,11,11
12399,16531,11,11
12399,25422,11,11
12412,23161,11,11
12447,10685,11,11
12452,24664,11,11
12479,10690,11,11
12510,10662,11,11
12510,23513,11,11
12573,162783,11,11
12591,20683,11,11
12596,101892,11,11
12605,10265,11,11
12605,11935,11,11
12616,13942,11,11
12616,24146,11,11
12635,10504,11,11
12635,13738,11,11
12639,16869,11,11
12677,25239,11,11
12701,10153,11,11
12701,10558,11,11
12708,27552,11,11
12739,19228,11,11
12769,10547,11,11
12769,11877,11,11
12769,15234,11,11
12790,10690,11,11
12860,11927,11,11
12860,11162403133,11,11
12880,18677,11,11
12900,13323,11,11
12900,24908,11,11
12901,12479,11,11
12901,15367,11,11
12901,21718,11,11
12903,10764,11,11
12903,20751,11,11
12903,28889,11,11
13009,11195,11,11
13009,23042,11,11
13019,11041,11,11
13019,16064,11,11
13034,13538,11,11
13034,13986,11,11
13064,11442,11,11
13064,11562,11,11
13064,13293,11,11
13064,18032,11,11
13064,19661,11,11
13064,26757,11,11
13081,10116,11,11
13081,13746,11,11
13081,38223,11,11
13100,23328,11,11
13104,21588,11,11
13124,10994,11,11
13127,13645,11,11
13127,16544,11,11
13127,23973,11,11
13127,27239,11,11
13135,14617,11,11
13135,15881,11,11
13206,19116,11,11
13246,10192,11,11
13246,20646,11,11
13253,19449,11,11
13276,13266,11,11
13278,11442,11,11
13278,12368,11,11
13278,16869,11,11
13288,14012,11,11
13288,16122,11,11
13293,10994,11,11
13293,13574,11,11
13293,166486,11,11
13301,12928,11,11
13306,19915,11,11
13312,13612,11,11
13312,17093,11,11
13318,10528,11,11
13318,11129,11,11
13318,13904,11,11
13318,19839,11,11
13318,22178,11,11
13323,11065,11,11
13333,22391,11,11
13333,22994,11,11
13353,10510,11,11
13383,15251,11,11
13497,10668,11,11
13511,11356,11,11
13530,22330,11,11
13574,11918,11,11
13574,13293,11,11
13605,11605,11,11
13612,11605,11,11
13612,11809,11,11
13627,13628,11,11
13641,17615,11,11
13645,12281,11,11
13645,21247,11,11
13660,10554,11,11
13660,11319,11,11
13660,11879,11,11
13724,11936,11,11
13724,19751,11,11
13724,153836,11,11
13738,25192,11,11
13765,11392,11,11
13765,16967,11,11
13779,154122,11,11
13782,11006,11,11
13782,102619,11,11
13905,16425,11,11
13905,17345,11,11
13950,154207,11,11
14004,10617,11,11
14011,10523,11,11
14011,10981,11,11
14012,17150,11,11
14012,19454,11,11
14076,11368,11,11
14076,11530,11,11
14091,10297,11,11
14091,15217,11,11
14091,15542,11,11
14096,102493,11,11
14154,12299,11,11
14154,25533,11,11
14199,100492,11,11
14230,10213,11,11
14230,10268,11,11
14261,101219,11,11
14292,11282,11,11
14292,15542,11,11
14352,23924,11,11
14355,10340,11,11
14355,16473,11,11
14361,12928,11,11
14361,24614,11,11
14389,11011,11,11
14413,14079,11,11
14432,10939,11,11
14443,10051,11,11
14443,23513,11,11
14454,18720,11,11
14454,22354,11,11
14454,28605,11,11
14454,169911,11,11
14482,26792,11,11
14532,22834,11,11
14532,100541,11,11
14617,10826,11,11
14650,10213,11,11
14650,14355,11,11
14671,30545,11,11
14707,12591,11,11
14788,10237,11,11
14874,10156,11,11
14874,10652,11,11
14876,10480,11,11
14884,20370,11,11
14941,11529,11,11
14941,23671,11,11
14945,18774,11,11
14945,22774,11,11
15034,21718,11,11
15034,22546,11,11
15078,27362,11,11
15103,152620,11,11
15105,16374,11,11
15115,18413,11,11
15125,13612,11,11
15125,27191,11,11
15187,11822,11,11
15192,10460,11,11
15217,23374,11,11
15217,34905,11,11
15234,17188,11,11
15238,10206,11,11
15238,10462,11,11
15238,10866,11,11
15238,12739,11,11
15250,10229,11,11
15251,153142,11,11
15292,10991,11,11
15307,15913,11,11
15307,21873,11,11
15331,154903,11,11
15332,10206,11,11
15357,10133,11,11
15391,13153,11,11
15391,166047,11,11
15448,15068,11,11
15542,12704,11,11
15546,11655,11,11
15562,10200,11,11
15562,10825,11,11
15562,22626,11,11
15562,25690,11,11
15562,29689,11,11
15565,16682,11,11
15588,10156,11,11
15608,11550,11,11
15609,15862,11,11
15609,33168,11,11
15649,101118,11,11
15697,16512,11,11
15697,102062,11,11
15702,25532,11,11
15702,26792,11,11
15741,165614,11,11
15798,104697,11,11
15819,11891,11,11
15819,15322,11,11
15845,25402,11,11
15845,25684,11,11
15862,10974,11,11
15869,11793,11,11
15869,13069,11,11
15869,165340,11,11
15881,10354,11,11
15910,18513,11,11
15913,10011,11,11
16025,12236,11,11
16025,16067,11,11
16067,14004,11,11
16067,15913,11,11
16067,27891,11,11
16079,13246,11,11
16107,14214,11,11
16107,166778,11,11
16112,10461,11,11
16112,10728,11,11
16112,16035,11,11
16122,12880,11,11
16122,12903,11,11
16155,14884,11,11
16155,18566,11,11
16176,10571,11,11
16176,26556,11,11
16209,14811,11,11
16241,18666,11,11
16290,11198,11,11
16306,13689,11,11
16328,11316,11,11
16328,15179,11,11
16425,13905,11,11
16512,20018,11,11
16512,23839,11,11
16512,25532,11,11
16512,28238,11,11
16512,33168,11,11
16512,162783,11,11
16544,12591,11,11
16589,27579,11,11
16590,175327,11,11
16595,15187,11,11
16595,15660,11,11
16595,19004,11,11
16617,10460,11,11
16617,10510,11,11
16622,12159,11,11
16630,11423,11,11
16682,15565,11,11
16696,17890,11,11
16721,10768,11,11
16763,10668,11,11
16763,15910,11,11
16801,13006,11,11
16803,13118,11,11
16824,22061,11,11
16886,12739,11,11
16886,15238,11,11
16899,11507,11,11
16971,17177,11,11
16971,29187,11,11
16987,15357,11,11
16987,26556,11,11
17021,12344,11,11
17037,33168,11,11
17093,10170,11,11
17093,19675,11,11
17103,10118,11,11
17130,11411,11,11
17155,10890,11,11
17155,17296,11,11
17155,21569,11,11
17161,11289,11,11
17161,16419,11,11
17176,15001,11,11
17185,14176,11,11
17188,10685,11,11
17188,11356,11,11
17188,11368,11,11
17201,15846,11,11
17264,18451,11,11
17284,28238,11,11
17285,29789,11,11
17342,11904,11,11
17345,14798,11,11
17345,15149,11,11
17374,12567,11,11
17374,13884,11,11
17433,11476,11,11
17433,16512,11,11
17433,20269,11,11
17433,28572,11,11
17450,11428,11,11
17476,12591,11,11
17476,102062,11,11
17580,21588,11,11
17592,23500,11,11
17592,101194,11,11
17617,20667,11,11
17633,10329,11,11
17637,14379,11,11
17651,24698,11,11
17651,156783,11,11
17651,174571,11,11
17704,13266,11,11
17721,101414,11,11
17890,19056,11,11
17890,226276,11,11
17910,11780,11,11
17967,10780,11,11
18013,20185,11,11
18022,24975,11,11
18091,15078,11,11
18091,22354,11,11
18091,27897,11,11
18091,162783,11,11
18126,10707,11,11
18132,21944,11,11
18132,101043,11,11
18149,10662,11,11
18192,14596,11,11
18192,20667,11,11
18240,24578,11,11
18398,10342,11,11
18413,15321,11,11
18496,11319,11,11
18501,10691,11,11
18518,153910,11,11
18520,13399,11,11
18520,18983,11,11
18520,19048,11,11
18553,10236,11,11
18677,10200,11,11
18677,10366,11,11
18677,14884,11,11
18677,20462,11,11
18680,10366,11,11
18691,17093,11,11
18720,14454,11,11
18720,19678,11,11
18720,21628,11,11
18773,10192,11,11
18809,11617,11,11
18827,11936,11,11
18842,23991,11,11
18842,27002,11,11
18860,13884,11,11
18889,17666,11,11
18899,16025,11,11
18900,27029,11,11
19004,11514,11,11
19004,152857,11,11
19025,12573,11,11
19056,12202,11,11
19056,24382,11,11
19233,12818,11,11
19233,30260,11,11
19240,27891,11,11
19240,102062,11,11
19348,11213,11,11
19351,10123,11,11
19351,16122,11,11
19372,20441,11,11
19396,10235,11,11
19449,23561,11,11
19590,22397,11,11
19678,18720,11,11
19678,21628,11,11
19689,17881,11,11
19690,17264,11,11
19697,101414,11,11
19718,10235,11,11
19719,10237,11,11
19833,10320,11,11
19884,10073,11,11
19884,10183,11,11
19996,10235,11,11
19996,13399,11,11
19996,18451,11,11
20012,13490,11,11
20018,17284,11,11
20031,11529,11,11
20041,18286,11,11
20114,17592,11,11
20114,23500,11,11
20142,17562,11,11
20175,11182,11,11
20181,17188,11,11
20185,19678,11,11
20199,49582,11,11
20253,20407,11,11
20335,18579,11,11
20370,11822,11,11
20391,11865,11,11
20441,15105,11,11
20443,20199,11,11
20443,25848,11,11
20443,26177,11,11
20462,100643,11,11
20478,21020,11,11
20484,10297,11,11
20484,10433,11,11
20504,102868,11,11
20645,16067,11,11
20650,10072,11,11
20650,10116,11,11
20654,10722,11,11
20696,18774,11,11
20781,10690,11,11
20858,11059,11,11
20898,10764,11,11
20898,14379,11,11
20898,25146,11,11
20898,25192,11,11
20898,25422,11,11
20968,19092,11,11
21120,17930,11,11
21176,19409,11,11
21189,10340,11,11
21297,10449,11,11
21311,10407,11,11
21335,12678,11,11
21351,19233,11,11
21368,14379,11,11
21368,19351,11,11
21368,157414,11,11
21451,11336,11,11
21471,12299,11,11
21507,13397,11,11
21507,20328,11,11
21560,10571,11,11
21560,15862,11,11
21569,11129,11,11
21569,11891,11,11
21569,21471,11,11
21719,14314,11,11
21719,28915,11,11
21782,11653,11,11
21782,17584,11,11
21782,21718,11,11
21808,26566,11,11
21808,155853,11,11
21866,10462,11,11
21885,22822,11,11
21900,152857,11,11
21915,11925,11,11
21915,17130,11,11
21931,11782,11,11
21992,22272,11,11
22004,18032,11,11
22006,49886,11,11
22075,11223,11,11
22178,15292,11,11
22198,13641,11,11
22273,18203,11,11
22313,12344,11,11
22328,10755,11,11
22330,13333,11,11
22349,17930,11,11
22391,12891,11,11
22397,10407,11,11
22446,153943,11,11
22515,10192,11,11
22515,18246,11,11
22538,12510,11,11
22740,12452,11,11
22778,17177,11,11
22780,11368,11,11
22786,10582,11,11
22822,100855,11,11
22827,11423,11,11
22834,25422,11,11
22858,17970,11,11
22896,10154,11,11
22896,11319,11,11
22919,11367,11,11
22967,10366,11,11
22967,13306,11,11
22985,10153,11,11
22985,11022,11,11
22993,10242,11,11
22994,15049,11,11
23042,10646,11,11
23042,16209,11,11
23054,11011,11,11
23054,13246,11,11
23054,15115,11,11
23054,21944,11,11
23100,16589,11,11
23153,12790,11,11
23164,10764,11,11
23166,12342,11,11
23224,11706,11,11
23224,23153,11,11
23312,10170,11,11
23316,10105,11,11
23316,25517,11,11
23328,157407,11,11
23340,15697,11,11
23374,10427,11,11
23393,11509,11,11
23431,14011,11,11
23450,12028,11,11
23455,15446,11,11
23482,14012,11,11
23482,14884,11,11
23482,16617,11,11
23482,18720,11,11
23500,164298,11,11
23513,10498,11,11
23513,12860,11,11
23561,28228,11,11
23573,31679,11,11
23580,28551,11,11
23641,11411,11,11
23641,11562,11,11
23641,17970,11,11
23716,10555,11,11
23722,13013,11,11
23722,26114,11,11
23777,154769,11,11
23811,21560,11,11
23811,28551,11,11
23811,28684,11,11
23811,152391,11,11
23811,159900,11,11
23839,18666,11,11
23839,28833,11,11
23924,15357,11,11
23954,10510,11,11
24126,10384,11,11
24126,11029,11,11
24186,10274,11,11
24186,10504,11,11
24197,13427,11,11
24197,152620,11,11
24202,11415,11,11
24202,16649,11,11
24202,24094,11,11
24217,11550,11,11
24217,21649,11,11
24281,10329,11,11
24281,11423,11,11
24281,22096,11,11
24331,49582,11,11
24355,17715,11,11
24382,19667,11,11
24447,18440,11,11
24453,14707,11,11
24539,20462,11,11
24555,11059,11,11
24698,10320,11,11
24698,101414,11,11
24700,27105,11,11
24883,11877,11,11
24908,10403,11,11
24908,17116,11,11
24925,28252,11,11
25146,13779,11,11
25146,16241,11,11
25181,15217,11,11
25192,19240,11,11
25366,14707,11,11
25366,16067,11,11
25366,17433,11,11
25533,13127,11,11
25585,12312,11,11
25585,165339,11,11
25588,10340,11,11
25692,12452,11,11
25694,33512,11,11
25848,24539,11,11
25995,16531,11,11
26039,17150,11,11
26039,23580,11,11
26230,10884,11,11
26230,21175,11,11
26238,13543,11,11
26282,13069,11,11
26282,27982,11,11
26304,14004,11,11
26304,21719,11,11
26358,10668,11,11
26377,15913,11,11
26377,31679,11,11
26419,10154,11,11
26419,10590,11,11
26419,25064,11,11
26488,11631,11,11
26488,11935,11,11
26523,19946,11,11
26590,14597,11,11
26590,16699,11,11
26626,10468,11,11
26712,156857,11,11
26717,15446,11,11
26733,10332,11,11
26734,22273,11,11
26743,13288,11,11
26743,17150,11,11
26743,154207,11,11
26757,152621,11,11
26796,10242,11,11
26819,10067,11,11
27021,158008,11,11
27021,165341,11,11
27055,20335,11,11
27092,17392,11,11
27275,10198,11,11
27374,24339,11,11
27411,12098,11,11
27411,19848,11,11
27440,10154,11,11
27472,19661,11,11
27485,28743,11,11
27485,33512,11,11
27560,12236,11,11
27610,10372,11,11
27665,10468,11,11
27665,10755,11,11
27665,20269,11,11
27665,20462,11,11
27711,19839,11,11
27752,10274,11,11
27752,12099,11,11
27891,13109,11,11
28051,10707,11,11
28051,11747,11,11
28173,10780,11,11
28224,16734,11,11
28224,19351,11,11
28238,16067,11,11
28238,100167,11,11
28339,10232,11,11
28339,11282,11,11
28398,171761,11,11
28551,17285,11,11
28572,26231,11,11
28627,15440,11,11
28684,10468,11,11
28684,152857,11,11
28786,10123,11,11
28786,15207,11,11
28786,18013,11,11
28833,18013,11,11
28833,18666,11,11
28889,12711,11,11
28915,169911,11,11
28943,11303,11,11
29000,11187,11,11
29000,20199,11,11
29310,15741,11,11
29310,18451,11,11
29789,10571,11,11
29789,18513,11,11
29789,100167,11,11
29817,100167,11,11
29902,18013,11,11
29902,27362,11,11
30260,155099,11,11
30487,17150,11,11
30487,21560,11,11
30625,11182,11,11
30748,10764,11,11
30809,28786,11,11
30951,22574,11,11
30951,159031,11,11
31215,16801,11,11
31679,27665,11,11
32044,15862,11,11
32044,17037,11,11
32336,10246,11,11
32829,16512,11,11
32829,17037,11,11
33168,13288,11,11
33168,17037,11,11
34313,10305,11,11
36180,12250,11,11
37065,11226,11,11
37065,18983,11,11
37234,10427,11,11
37234,11013,11,11
37455,22967,11,11
37455,27485,11,11
37651,14012,11,11
38332,12903,11,11
38332,13306,11,11
76087,11717,11,11
100167,20645,11,11
100167,20683,11,11
100492,10320,11,11
100492,11747,11,11
100541,10200,11,11
100554,11110,11,11
100554,12061,11,11
100554,17826,11,11
100563,10059,11,11
100855,10979,11,11
101118,12769,11,11
101194,10561,11,11
101218,11224,11,11
101218,20018,11,11
101336,22967,11,11
101414,21189,11,11
101892,14259,11,11
102062,22834,11,11
102062,25192,11,11
102062,27665,11,11
102493,16899,11,11
102601,12299,11,11
152324,15049,11,11
152324,16734,11,11
152620,10462,11,11
152620,12645,11,11
152857,13109,11,11
152857,14884,11,11
154207,10170,11,11
154207,162783,11,11
154383,13318,11,11
154460,20605,11,11
154903,11029,11,11
154996,19351,11,11
155077,15862,11,11
155077,15981,11,11
155077,28915,11,11
155099,34115,11,11
155654,10474,11,11
155654,11011,11,11
155654,12857,11,11
155684,19678,11,11
155685,22328,11,11
155778,10571,11,11
155809,12338,11,11
156166,18566,11,11
156308,11877,11,11
156783,10332,11,11
157260,10427,11,11
157260,24202,11,11
157260,26812,11,11
157414,33512,11,11
157429,157503,11,11
158109,11793,11,11
158132,18720,11,11
158191,10764,11,11
158245,15660,11,11
158479,49582,11,11
158479,100167,11,11
158754,14884,11,11
162396,14482,11,11
162396,16122,11,11
162396,27897,11,11
162539,10854,11,11
162539,15115,11,11
162539,16883,11,11
162543,10340,11,11
162543,11110,11,11
162543,14420,11,11
163342,11927,11,11
163638,12761,11,11
163638,12901,11,11
164298,17601,11,11
164554,13109,11,11
164835,13069,11,11
164835,152621,11,11
165061,19758,11,11
165061,162868,11,11
165339,13612,11,11
165339,15078,11,11
165339,25192,11,11
165341,10059,11,11
165341,12479,11,11
165341,37443,11,11
165614,12050,11,11
166486,10380,11,11
10059,11445,12,12
10059,11934,12,12
10059,13278,12,12
10059,16696,12,12
10065,10388,12,12
10065,10523,12,12
10065,10884,12,12
10065,10900,12,12
10065,13293,12,12
10065,158008,12,12
10072,10979,12,12
10107,11052,12,12
10107,11678,12,12
10107,13124,12,12
10107,24382,12,12
10116,11029,12,12
10118,10067,12,12
10118,10462,12,12
10118,10513,12,12
10118,11766,12,12
10118,12769,12,12
10118,14012,12,12
10118,49582,12,12
10118,162783,12,12
10125,14196,12,12
10125,17188,12,12
10125,100855,12,12
10126,10206,12,12
10126,11428,12,12
10126,16589,12,12
10126,18246,12,12
10126,22919,12,12
10126,101194,12,12
10169,10217,12,12
10169,10561,12,12
10169,22465,12,12
10184,10866,12,12
10186,11297,12,12
10192,11213,12,12
10192,24747,12,12
10196,13383,12,12
10198,27145,12,12
10206,13427,12,12
10206,18132,12,12
10217,10415,12,12
10217,11560,12,12
10217,13500,12,12
10217,15687,12,12
10229,20041,12,12
10229,20667,12,12
10232,100515,12,12
10232,101043,12,12
10237,10449,12,12
10237,14650,12,12
10242,10788,12,12
10242,16696,12,12
10242,17721,12,12
10246,11182,12,12
10251,28701,12,12
10262,18664,12,12
10265,23924,12,12
10268,10340,12,12
10268,25181,12,12
10274,13819,12,12
10297,17130,12,12
10297,21471,12,12
10305,155099,12,12
10320,11653,12,12
10332,10192,12,12
10332,11747,12,12
10332,102868,12,12
10340,11406,12,12
10342,10599,12,12
10342,158694,12,12
10342,162543,12,12
10354,11013,12,12
10366,10171,12,12
10372,10866,12,12
10372,12474,12,12
10380,10462,12,12
10388,10691,12,12
10388,159251,12,12
10403,10890,12,12
10403,162912,12,12
10412,11069,12,12
10431,15006,12,12
10445,26777,12,12
10462,10198,12,12
10463,10206,12,12
10474,10415,12,12
10474,164835,12,12
10504,24996,12,12
10504,166392,12,12
10513,28997,12,12
10528,11925,12,12
10534,11550,12,12
10534,162912,12,12
10554,12253,12,12
10554,13241,12,12
10554,18242,12,12
10554,19260,12,12
10554,27610,12,12
10554,100855,12,12
10555,10652,12,12
10555,10991,12,12
10558,18491,12,12
10559,11471,12,12
10559,11678,12,12
10562,10793,12,12
10564,10528,12,12
10590,13574,12,12
10599,11375,12,12
10599,12072,12,12
10640,13127,12,12
10640,15873,12,12
10640,24578,12,12
10646,11006,12,12
10646,14874,12,12
10682,16619,12,12
10689,13249,12,12
10690,14091,12,12
10691,14850,12,12
10691,16412,12,12
10691,21247,12,12
10707,16107,12,12
10707,21373,12,12
10755,16763,12,12
10755,23164,12,12
10755,25808,12,12
10768,12099,12,12
10771,17633,12,12
10771,153910,12,12
10776,10547,12,12
10776,15562,12,12
10779,16438,12,12
10779,20114,12,12
10791,11793,12,12
10793,219796,12,12
10794,26238,12,12
10853,15027,12,12
10853,18501,12,12
10854,11657,12,12
10883,18192,12,12
10884,10679,12,12
10884,12815,12,12
10884,18827,12,12
10899,12818,12,12
10902,10788,12,12
10960,26365,12,12
10972,19206,12,12
10974,10927,12,12
10974,11717,12,12
10981,12443,12,12
10981,17075,12,12
10983,10196,12,12
10984,27275,12,12
10984,164835,12,12
10994,14343,12,12
10994,14468,12,12
10999,10791,12,12
10999,11022,12,12
10999,18491,12,12
11006,10173,12,12
11026,18677,12,12
11029,10461,12,12
11029,11288,12,12
11029,101118,12,12
11030,10690,12,12
11041,10462,12,12
11041,15778,12,12
11052,11786,12,12
11065,12118,12,12
11110,17580,12,12
11133,10679,12,12
11133,11011,12,12
11133,19091,12,12
11152,19886,12,12
11152,21134,12,12
11162,21471,12,12
11187,10011,12,12
11187,11013,12,12
11191,10523,12,12
11195,21134,12,12
11195,21519,12,12
11223,10571,12,12
11223,11367,12,12
11223,30530,12,12
11264,10462,12,12
11264,12113,12,12
11264,25750,12,12
11316,10205,12,12
11316,20572,12,12
11323,10876,12,12
11323,10927,12,12
11336,12344,12,12
11348,28219,12,12
11354,11744,12,12
11354,21808,12,12
11354,155654,12,12
11356,10449,12,12
11356,11623,12,12
11357,13627,12,12
11368,23363,12,12
11404,19796,12,12
11406,11704,12,12
11411,11704,12,12
11411,11793,12,12
11411,11819,12,12
11411,13477,12,12
11411,15819,12,12
11420,10471,12,12
11420,11793,12,12
11420,12725,12,12
11420,152696,12,12
11422,12299,12,12
11423,11877,12,12
11423,159959,12,12
11425,19833,12,12
11445,10474,12,12
11445,11471,12,12
11445,12360,12,12
11493,13574,12,12
11493,26757,12,12
11503,12072,12,12
11507,26717,12,12
11514,11059,12,12
11530,11336,12,12
11532,24539,12,12
11550,10811,12,12
11550,12701,12,12
11560,19833,12,12
11577,10116,12,12
11605,10059,12,12
11609,23363,12,12
11617,10571,12,12
11617,10652,12,12
11617,11822,12,12
11646,14482,12,12
11646,15697,12,12
11646,22354,12,12
11646,164554,12,12
11653,11655,12,12
11653,14432,12,12
11678,12474,12,12
11678,27610,12,12
11709,10590,12,12
11749,41482,12,12
11766,10217,12,12
11772,10646,12,12
11772,11879,12,12
11772,13293,12,12
11772,13427,12,12
11772,20650,12,12
11772,158432,12,12
11780,10342,12,12
11793,10372,12,12
11819,19638,12,12
11822,22354,12,12
11879,14855,12,12
11904,13253,12,12
11925,10776,12,12
11925,18398,12,12
11927,12860,12,12
11934,29743,12,12
11955,10192,12,12
11955,12061,12,12
11955,102868,12,12
12007,11493,12,12
12007,17498,12,12
12025,11422,12,12
12025,11965,12,12
12025,14954,12,12
12025,16619,12,12
12050,10213,12,12
12050,11289,12,12
12050,25052,12,12
12072,13803,12,12
12072,152620,12,12
12098,12880,12,12
12098,23104,12,12
12098,153756,12,12
12099,10059,12,12
12099,11766,12,12
12099,23374,12,12
12118,10876,12,12
12151,11506,12,12
12151,22349,12,12
12187,19758,12,12
12187,26590,12,12
12202,11511,12,12
12202,100352,12,12
12260,20605,12,12
12312,157860,12,12
12312,164042,12,12
12343,15569,12,12
12343,17177,12,12
12344,13477,12,12
12412,10568,12,12
12430,10780,12,12
12447,10449,12,12
12447,10547,12,12
12447,11029,12,12
12447,16035,12,12
12447,17947,12,12
12452,11617,12,12
12510,11420,12,12
12515,10232,12,12
12549,10811,12,12
12567,11415,12,12
12591,21605,12,12
12591,21900,12,12
12591,22967,12,12
12596,10384,12,12
12596,16590,12,12
12605,20837,12,12
12616,10728,12,12
12616,20285,12,12
12635,11133,12,12
12639,18399,12,12
12677,10599,12,12
12677,11368,12,12
12677,11392,12,12
12701,18192,12,12
12708,13397,12,12
12711,10170,12,12
12711,10251,12,12
12818,11030,12,12
12858,15697,12,12
12860,26523,12,12
12901,10427,12,12
12901,18983,12,12
12901,22546,12,12
12903,25422,12,12
13009,10568,12,12
13013,18809,12,12
13013,23104,12,12
13064,11319,12,12
13064,26238,12,12
13081,175327,12,12
13118,10154,12,12
13124,12193,12,12
13135,10981,12,12
13206,24664,12,12
13246,11373,12,12
13246,17345,12,12
13253,25692,12,12
13278,10547,12,12
13278,11129,12,12
13278,12412,12,12
13278,15542,12,12
13278,19861,12,12
13301,11416,12,12
13301,18456,12,12
13312,19675,12,12
13318,15107,12,12
13323,10265,12,12
13339,10123,12,12
13377,13353,12,12
13500,23670,12,12
13513,16608,12,12
13513,164082,12,12
13530,15660,12,12
13530,25517,12,12
13538,10340,12,12
13574,22313,12,12
13574,166486,12,12
13605,11493,12,12
13612,11935,12,12
13612,12236,12,12
13612,19454,12,12
13612,20462,12,12
13635,10340,12,12
13660,13427,12,12
13709,16699,12,12
13779,14314,12,12
13779,17633,12,12
13779,164042,12,12
13782,24382,12,12
13782,157409,12,12
13803,10246,12,12
13884,11415,12,12
13884,25892,12,12
13905,12061,12,12
13905,16910,12,12
13908,15562,12,12
13925,11511,12,12
14004,15862,12,12
14011,11373,12,12
14011,11865,12,12
14011,12253,12,12
14011,13135,12,12
14012,12880,12,12
14012,13206,12,12
14012,20462,12,12
14012,21560,12,12
14076,10791,12,12
14076,13081,12,12
14084,15192,12,12
14084,23948,12,12
14096,10154,12,12
14096,12567,12,12
14096,15741,12,12
14164,10312,12,12
14164,11425,12,12
14230,14091,12,12
14261,13109,12,12
14261,27362,12,12
14261,164383,12,12
14292,13278,12,12
14355,10679,12,12
14361,10480,12,12
14361,23433,12,12
14389,10707,12,12
14389,24076,12,12
14389,155809,12,12
14413,12903,12,12
14443,13684,12,12
14454,21605,12,12
14481,11879,12,12
14481,166486,12,12
14532,152857,12,12
14555,16064,12,12
14555,155644,12,12
14567,14346,12,12
14588,26301,12,12
14617,13249,12,12
14617,17857,12,12
14650,14230,12,12
14650,27427,12,12
14650,101053,12,12
14671,18242,12,12
14707,11822,12,12
14707,101219,12,12
14767,21551,12,12
14788,10415,12,12
14788,100855,12,12
14788,163791,12,12
14876,10312,12,12
15001,11646,12,12
15001,26566,12,12
15001,26712,12,12
15001,102619,12,12
15001,155853,12,12
15068,21264,12,12
15068,27105,12,12
15078,16241,12,12
15093,12072,12,12
15093,15448,12,12
15093,21915,12,12
15103,17415,12,12
15105,21651,12,12
15105,22006,12,12
15105,154383,12,12
15115,10983,12,12
15125,14379,12,12
15125,17704,12,12
15125,23340,12,12
15125,102391,12,12
15179,10099,12,12
15187,68570,12,12
15192,24339,12,12
15217,15034,12,12
15217,18860,12,12
15217,22546,12,12
15234,11297,12,12
15234,18341,12,12
15238,19661,12,12
15238,23641,12,12
15292,10691,12,12
15307,28122,12,12
15332,14011,12,12
15332,17161,12,12
15332,23431,12,12
15357,11303,12,12
15391,11822,12,12
15426,12360,12,12
15540,13797,12,12
15542,12061,12,12
15562,11955,12,12
15562,21397,12,12
15566,14295,12,12
15588,12160,12,12
15608,11819,12,12
15608,18192,12,12
15608,19638,12,12
15609,11505,12,12
15609,15165,12,12
15609,18700,12,12
15649,24883,12,12
15697,19004,12,12
15697,169911,12,12
15702,16617,12,12
15702,20532,12,12
15741,14196,12,12
15782,15869,12,12
15806,12338,12,12
15845,29014,12,12
15862,16824,12,12
15862,23100,12,12
15881,10445,12,12
15888,16228,12,12
16008,20328,12,12
16008,21588,12,12
16025,12591,12,12
16025,21719,12,12
16025,25871,12,12
16067,17285,12,12
16067,28915,12,12
16097,18579,12,12
16122,13738,12,12
16176,11935,12,12
16241,28122,12,12
16245,12299,12,12
16328,11319,12,12
16328,18089,12,12
16374,16971,12,12
16374,49886,12,12
16425,17546,12,12
16438,100826,12,12
16473,13100,12,12
16473,101025,12,12
16486,13403,12,12
16486,16839,12,12
16512,20407,12,12
16512,21605,12,12
16512,101219,12,12
16595,29789,12,12
16649,11772,12,12
16721,166385,12,12
16763,13612,12,12
16803,10156,12,12
16803,14588,12,12
16824,15697,12,12
16824,28915,12,12
17021,10153,12,12
17103,16396,12,12
17130,11550,12,12
17130,15869,12,12
17150,11223,12,12
17155,15115,12,12
17177,21255,12,12
17185,10890,12,12
17185,11609,12,12
17188,10262,12,12
17188,10412,12,12
17188,10793,12,12
17188,10972,12,12
17188,11404,12,12
17201,18373,12,12
17264,17562,12,12
17285,20751,12,12
17415,10780,12,12
17415,23371,12,12
17450,11069,12,12
17475,156960,12,12
17562,11472,12,12
17562,17264,12,12
17562,163638,12,12
17580,19056,12,12
17584,10728,12,12
17592,18471,12,12
17615,10232,12,12
17615,163638,12,12
17742,17704,12,12
17768,21992,12,12
17768,166047,12,12
17890,24382,12,12
17910,10679,12,12
17910,11653,12,12
17910,12250,12,12
17919,12342,12,12
17919,16249,12,12
17963,10554,12,12
18013,14012,12,12
18013,19449,12,12
18063,14314,12,12
18063,19351,12,12
18063,49582,12,12
18091,14482,12,12
18091,20839,12,12
18126,11780,12,12
18192,20041,12,12
18219,163791,12,12
18242,14159,12,12
18246,33414,12,12
18246,156783,12,12
18335,11609,12,12
18385,10755,12,12
18411,13434,12,12
18413,11152,12,12
18445,10407,12,12
18451,18963,12,12
18451,20142,12,12
18456,10939,12,12
18496,22896,12,12
18496,24447,12,12
18516,18889,12,12
18518,10011,12,12
18518,10407,12,12
18518,24281,12,12
18520,14848,12,12
18573,20462,12,12
18611,21560,12,12
18677,13109,12,12
18680,10510,12,12
18691,11423,12,12
18700,10571,12,12
18700,17476,12,12
18700,20018,12,12
18700,102062,12,12
18720,12903,12,12
18720,27891,12,12
18761,13434,12,12
18827,10154,12,12
18860,11195,12,12
18860,11282,12,12
18899,12573,12,12
18899,13109,12,12
18900,14020,12,12
18900,18286,12,12
18924,14091,12,12
18924,25181,12,12
18926,152620,12,12
19004,15660,12,12
19240,16241,12,12
19240,100167,12,12
19240,100541,12,12
19324,10200,12,12
19324,13109,12,12
19351,13206,12,12
19351,154996,12,12
19351,155684,12,12
19449,10073,12,12
19449,10105,12,12
19449,21628,12,12
19451,12479,12,12
19451,16254,12,12
19454,25219,12,12
19581,12088,12,12
19581,15307,12,12
19661,17632,12,12
19661,26757,12,12
19678,15862,12,12
19678,154207,12,12
19697,10192,12,12
19718,13819,12,12
19833,155853,12,12
19848,10433,12,12
19884,10200,12,12
19975,10407,12,12
19996,17562,12,12
20114,163342,12,12
20175,24664,12,12
20181,10461,12,12
20185,13738,12,12
20185,14707,12,12
20328,28449,12,12
20335,26796,12,12
20370,16801,12,12
20401,11262,12,12
20401,18691,12,12
20407,28915,12,12
20420,10347,12,12
20441,19372,12,12
20443,27191,12,12
20484,12312,12,12
20504,10854,12,12
20532,12159,12,12
20532,20727,12,12
20645,12591,12,12
20645,17742,12,12
20645,19240,12,12
20647,13950,12,12
20647,20018,12,12
20650,10547,12,12
20680,26177,12,12
20837,19946,12,12
20839,12312,12,12
20898,13538,12,12
20898,14532,12,12
21020,23100,12,12
21189,11006,12,12
21189,22515,12,12
21247,13127,12,12
21311,12452,12,12
21322,11609,12,12
21322,19833,12,12
21351,20080,12,12
21368,100167,12,12
21368,102062,12,12
21373,10340,12,12
21373,11865,12,12
21373,12582,12,12
21507,14954,12,12
21588,10342,12,12
21605,13333,12,12
21628,19351,12,12
21719,13538,12,12
21719,14379,12,12
21781,13605,12,12
21821,35109,12,12
21866,11400,12,12
21885,154903,12,12
21900,10170,12,12
21900,14707,12,12
21900,19449,12,12
21900,19678,12,12
21915,10196,12,12
21915,152621,12,12
22004,18700,12,12
22210,15114,12,12
22218,12107,12,12
22354,20199,12,12
22391,11782,12,12
22391,28339,12,12
22397,13253,12,12
22515,11747,12,12
22538,10890,12,12
22546,11766,12,12
22546,19751,12,12
22546,22215,12,12
22740,14707,12,12
22827,22096,12,12
22919,10640,12,12
22919,20119,12,12
22967,25897,12,12
22985,15262,12,12
22985,17970,12,12
22994,24149,12,12
23104,10011,12,12
23190,17075,12,12
23199,27150,12,12
23224,11013,12,12
23328,10504,12,12
23393,102868,12,12
23431,26566,12,12
23455,23630,12,12
23482,17633,12,12
23573,17471,12,12
23573,23482,12,12
23580,15862,12,12
23580,19351,12,12
23580,26039,12,12
23630,15446,12,12
23630,19751,12,12
23641,13434,12,12
23641,152620,12,12
23777,15883,12,12
23777,18240,12,12
23811,24453,12,12
23849,20407,12,12
23849,31679,12,12
23849,157188,12,12
23878,10147,12,12
23973,11877,12,12
23991,11793,12,12
24181,21322,12,12
24281,17285,12,12
24382,10826,12,12
24382,11511,12,12
24447,10960,12,12
24453,28684,12,12
24700,13671,12,12
24700,17179,12,12
24749,23158,12,12
24925,12790,12,12
25052,11316,12,12
25181,16721,12,12
25192,10433,12,12
25192,20462,12,12
25261,11514,12,12
25261,27092,12,12
25366,14012,12,12
25366,162783,12,12
25477,15609,12,12
25532,13109,12,12
25571,10554,12,12
25585,14884,12,12
25588,165339,12,12
25683,11865,12,12
25683,15609,12,12
25692,16763,12,12
25694,21900,12,12
25694,152857,12,12
25848,27092,12,12
25871,162783,12,12
25902,11514,12,12
26039,18700,12,12
26039,21560,12,12
26039,22576,12,12
26231,19678,12,12
26282,15933,12,12
26304,13288,12,12
26358,22078,12,12
26387,10825,12,12
26387,14012,12,12
26387,15702,12,12
26462,18566,12,12
26488,14767,12,12
26712,10620,12,12
26712,10679,12,12
26733,10679,12,12
26733,11509,12,12
27092,18385,12,12
27092,154207,12,12
27119,24141,12,12
27145,152620,12,12
27275,11819,12,12
27300,13157,12,12
27472,16903,12,12
27485,25532,12,12
27485,26792,12,12
27532,11766,12,12
27532,17615,12,12
27635,12903,12,12
27711,11129,12,12
27891,12399,12,12
27891,25532,12,12
27897,22967,12,12
28051,10620,12,12
28051,15452,12,12
28224,17284,12,12
28224,28786,12,12
28228,26137,12,12
28238,15862,12,12
28339,22215,12,12
28339,102493,12,12
28627,19884,12,12
28701,10200,12,12
28743,11223,12,12
28786,12711,12,12
28786,15862,12,12
28786,16067,12,12
28786,18677,12,12
28786,18691,12,12
28889,12903,12,12
28915,10433,12,12
28915,16122,12,12
29000,11406,12,12
29035,14707,12,12
29431,10433,12,12
29431,10764,12,12
29789,10073,12,12
29817,10366,12,12
29902,21368,12,12
30260,11029,12,12
30260,11356,12,12
30260,23671,12,12
30487,20645,12,12
30545,12701,12,12
30809,16734,12,12
30809,28915,12,12
31215,12903,12,12
31630,10568,12,12
31630,13500,12,12
31679,24141,12,12
32044,16241,12,12
32231,15609,12,12
34313,154133,12,12
34905,103220,12,12
36930,16025,12,12
37065,12891,12,12
37234,12479,12,12
37455,10171,12,12
37455,10366,12,12
37455,15609,12,12
37455,25532,12,12
41239,11026,12,12
45669,20462,12,12
76087,17177,12,12
100139,22210,12,12
100167,18720,12,12
100492,10854,12,12
100492,16079,12,12
100492,20328,12,12
100563,10564,12,12
100563,163638,12,12
101025,10067,12,12
101025,13339,12,12
101025,17704,12,12
101025,102391,12,12
101053,13819,12,12
101116,11489,12,12
101218,18720,12,12
101218,22061,12,12
101336,10510,12,12
101336,10825,12,12
102062,13738,12,12
102062,21897,12,12
102062,27362,12,12
102391,16241,12,12
102391,24161,12,12
102430,15049,12,12
102493,10768,12,12
102493,28526,12,12
102619,29689,12,12
102868,15791,12,12
102924,11400,12,12
102924,12113,12,12
102954,10782,12,12
103220,10690,12,12
103220,11415,12,12
103220,23158,12,12
152324,10764,12,12
152324,34021,12,12
152391,16241,12,12
152620,152621,12,12
152696,10169,12,12
152857,10329,12,12
152857,20462,12,12
152857,25532,12,12
153102,11022,12,12
153943,16458,12,12
154122,21682,12,12
154207,10067,12,12
154207,14314,12,12
154207,20199,12,12
154304,11425,12,12
154383,10691,12,12
154554,21873,12,12
154996,13109,12,12
154996,25897,12,12
155077,18611,12,12
155099,166337,12,12
155115,157432,12,12
155115,162912,12,12
155532,22313,12,12
155644,18842,12,12
155654,14654,12,12
155654,27752,12,12
155684,16801,12,12
155685,45116,12,12
155778,16630,12,12
155809,17881,12,12
155809,20335,12,12
156783,15806,12,12
157188,25532,12,12
157188,25897,12,12
157260,13009,12,12
157429,157432,12,12
158109,22899,12,12
158242,11223,12,12
158242,14884,12,12
158245,18700,12,12
158245,101218,12,12
158479,14012,12,12
158479,14884,12,12
158754,27362,12,12
159203,25345,12,12
159614,19718,12,12
159900,12858,12,12
159900,18513,12,12
159900,29415,12,12
159900,100541,12,12
160183,12250,12,12
162539,11011,12,12
162543,20968,12,12
162543,23240,12,12
163638,12050,12,12
163791,10116,12,12
163791,10118,12,12
165061,162830,12,12
165339,12312,12,12
165339,20462,12,12
165339,27665,12,12
165339,152391,12,12
165614,15446,12,12
165614,23455,12,12
166392,26132,12,12
166392,154383,12,12
166486,158109,12,12
186215,10826,12,12
10059,10051,13,13
10059,10463,13,13
10059,13383,13,13
10059,14084,13,13
10059,14091,13,13
10059,153756,13,13
10065,11126,13,13
10065,13383,13,13
10065,15332,13,13
10065,16696,13,13
10107,11173,13,13
10107,11605,13,13
10118,13206,13,13
10118,20199,13,13
10118,25848,13,13
10118,154207,13,13
10125,10461,13,13
10125,10685,13,13
10126,12343,13,13
10126,12616,13,13
10126,15569,13,13
10126,17601,13,13
10126,18168,13,13
10126,19056,13,13
10126,26708,13,13
10133,10876,13,13
10134,10231,13,13
10134,14649,13,13
10144,10547,13,13
10153,100306,13,13
10169,11819,13,13
10169,13006,13,13
10169,17498,13,13
10169,19638,13,13
10186,12028,13,13
10198,10153,13,13
10198,11411,13,13
10198,15262,13,13
10203,19074,13,13
10206,10994,13,13
10213,21931,13,13
10217,10059,13,13
10217,14091,13,13
10217,158008,13,13
10229,13064,13,13
10231,11400,13,13
10231,12758,13,13
10231,14649,13,13
10231,15380,13,13
10232,11011,13,13
10235,25344,13,13
10237,11195,13,13
10237,13884,13,13
10242,21944,13,13
10262,11404,13,13
10265,164741,13,13
10268,11532,13,13
10268,16209,13,13
10297,11065,13,13
10297,12483,13,13
10297,16696,13,13
10312,20441,13,13
10312,22006,13,13
10332,13628,13,13
10340,10173,13,13
10340,17498,13,13
10340,22218,13,13
10342,12515,13,13
10354,10205,13,13
10354,10232,13,13
10354,13300,13,13
10354,14783,13,13
10354,17050,13,13
10372,16903,13,13
10372,20041,13,13
10372,40443,13,13
10380,96565,13,13
10384,100306,13,13
10384,165340,13,13
10412,14536,13,13
10427,18983,13,13
10427,165560,13,13
10428,17637,13,13
10445,10590,13,13
10449,10528,13,13
10449,17188,13,13
10463,10513,13,13
10498,26523,13,13
10504,29743,13,13
10528,10449,13,13
10534,154133,13,13
10547,15798,13,13
10554,22780,13,13
10555,11717,13,13
10558,17498,13,13
10561,15018,13,13
10562,11976,13,13
10562,12645,13,13
10562,16901,13,13
10562,18006,13,13
10562,18716,13,13
10568,10788,13,13
10590,30260,13,13
10590,171055,13,13
10625,11717,13,13
10625,16801,13,13
10625,23500,13,13
10625,26488,13,13
10630,18716,13,13
10640,19963,13,13
10646,13782,13,13
10646,16987,13,13
10652,10453,13,13
10652,11422,13,13
10652,20441,13,13
10662,13543,13,13
10662,16458,13,13
10673,10692,13,13
10690,10568,13,13
10690,14848,13,13
10690,15687,13,13
10691,10236,13,13
10691,13157,13,13
10691,22173,13,13
10692,10826,13,13
10692,21189,13,13
10707,14949,13,13
10707,15762,13,13
10722,14949,13,13
10722,15845,13,13
10747,10462,13,13
10747,219796,13,13
10768,10232,13,13
10771,22225,13,13
10776,15062,13,13
10779,10051,13,13
10788,10528,13,13
10791,10431,13,13
10810,10640,13,13
10810,12635,13,13
10810,167442,13,13
10853,101736,13,13
10853,156180,13,13
10876,11065,13,13
10883,10380,13,13
10883,10811,13,13
10883,12701,13,13
10883,15819,13,13
10884,11936,13,13
10890,19409,13,13
10899,12202,13,13
10900,11416,13,13
10900,13323,13,13
10902,10707,13,13
10902,11011,13,13
10920,21451,13,13
10927,11508,13,13
10939,12360,13,13
10960,15446,13,13
10974,11445,13,13
10979,11415,13,13
10979,15798,13,13
10979,18774,13,13
10981,21718,13,13
10981,102430,13,13
10984,19719,13,13
10994,10662,13,13
10999,15753,13,13
11022,11562,13,13
11026,11392,13,13
11026,21682,13,13
11066,17433,13,13
11110,10826,13,13
11110,17345,13,13
11110,102868,13,13
11126,12928,13,13
11126,16619,13,13
11126,18471,13,13
11129,10776,13,13
11129,22545,13,13
11129,153335,13,13
11133,10342,13,13
11133,10788,13,13
11133,21808,13,13
11152,10728,13,13
11187,10554,13,13
11187,26358,13,13
11191,12307,13,13
11191,18501,13,13
11195,10568,13,13
11224,17037,13,13
11224,19975,13,13
11258,10362,13,13
11258,11129,13,13
11264,11289,13,13
11264,16886,13,13
11282,10635,13,13
11282,13464,13,13
11282,18089,13,13
11288,11529,13,13
11288,100855,13,13
11303,16699,13,13
11303,11162403133,13,13
11316,12790,13,13
11323,12118,13,13
11323,157432,13,13
11340,10471,13,13
11340,152621,13,13
11348,11562,13,13
11354,10707,13,13
11367,12049,13,13
11367,17177,13,13
11368,18448,13,13
11373,21808,13,13
11373,22173,13,13
11392,11059,13,13
11404,17930,13,13
11404,162833,13,13
11406,16035,13,13
11415,18089,13,13
11416,14671,13,13
11416,14767,13,13
11416,15562,13,13
11420,10883,13,13
11420,19638,13,13
11422,17091,13,13
11422,29187,13,13
11423,49582,13,13
11507,15446,13,13
11509,13490,13,13
11514,20478,13,13
11562,11022,13,13
11577,11507,13,13
11577,14567,13,13
11577,18335,13,13
11605,10154,13,13
11605,10297,13,13
11617,10123,13,13
11617,10510,13,13
11623,10547,13,13
11623,11404,13,13
11623,23671,13,13
11623,154903,13,13
11631,24303,13,13
11640,13920,13,13
11646,10251,13,13
11646,14012,13,13
11646,17150,13,13
11655,12818,13,13
11709,12815,13,13
11744,11640,13,13
11747,11955,13,13
11747,13490,13,13
11749,166337,13,13
11772,21519,13,13
11772,156308,13,13
11782,29014,13,13
11822,23561,13,13
11822,24281,13,13
11872,18219,13,13
11879,10460,13,13
11879,11631,13,13
11891,10523,13,13
11891,22718,13,13
11904,26137,13,13
11918,16519,13,13
11925,17890,13,13
11926,15933,13,13
11927,12510,13,13
11927,14767,13,13
11934,27882,13,13
11936,11415,13,13
11955,11258,13,13
11955,19697,13,13
11955,24382,13,13
11976,10268,13,13
12007,10471,13,13
12007,10883,13,13
12025,33414,13,13
12050,10979,13,13
12061,11011,13,13
12061,15762,13,13
12061,23716,13,13
12088,18983,13,13
12088,19848,13,13
12099,10173,13,13
12099,11152,13,13
12099,12479,13,13
12151,10237,13,13
12151,18860,13,13
12151,153102,13,13
12187,16004,13,13
12250,23698,13,13
12260,21519,13,13
12302,12202,13,13
12302,17580,13,13
12307,10051,13,13
12312,17483,13,13
12312,18385,13,13
12312,100643,13,13
12342,23104,13,13
12343,20441,13,13
12343,21588,13,13
12344,11041,13,13
12344,15322,13,13
12360,27300,13,13
12412,10564,13,13
12447,11529,13,13
12452,11514,13,13
12452,100541,13,13
12510,11927,13,13
12567,22729,13,13
12569,17601,13,13
12582,10192,13,13
12582,159648,13,13
12616,10133,13,13
12616,19796,13,13
12616,157432,13,13
12701,20041,13,13
12711,10468,13,13
12769,10984,13,13
12819,11936,13,13
12900,18230,13,13
12900,19409,13,13
12901,158008,13,13
12928,10126,13,13
13009,10297,13,13
13009,11577,13,13
13013,15391,13,13
13019,12701,13,13
13064,11772,13,13
13073,12399,13,13
13124,12759,13,13
13124,22545,13,13
13127,10144,13,13
13127,10547,13,13
13127,10991,13,13
13153,24149,13,13
13206,11182,13,13
13206,17607,13,13
13206,25808,13,13
13246,10722,13,13
13246,10983,13,13
13246,11657,13,13
13246,16328,13,13
13249,10794,13,13
13253,21992,13,13
13276,17389,13,13
13278,11282,13,13
13278,13301,13,13
13278,26365,13,13
13288,19915,13,13
13288,22576,13,13
13293,10229,13,13
13301,14767,13,13
13306,16682,13,13
13306,18677,13,13
13323,22446,13,13
13383,10332,13,13
13383,17345,13,13
13497,10825,13,13
13497,13353,13,13
13500,10213,13,13
13500,10568,13,13
13511,10116,13,13
13511,10461,13,13
13513,23100,13,13
13513,25352,13,13
13513,26233,13,13
13530,16763,13,13
13574,11819,13,13
13612,10105,13,13
13635,21322,13,13
13645,10523,13,13
13660,10994,13,13
13660,26784,13,13
13709,17795,13,13
13724,10690,13,13
13765,10541,13,13
13779,10504,13,13
13779,13538,13,13
13779,13986,13,13
13779,20993,13,13
13782,21808,13,13
13846,11877,13,13
13905,15762,13,13
13905,18168,13,13
13905,18773,13,13
13908,10380,13,13
13908,21958,13,13
13949,10380,13,13
13986,10123,13,13
14004,11476,13,13
14012,12098,13,13
14012,12903,13,13
14076,24973,13,13
14084,16438,13,13
14091,10354,13,13
14096,10274,13,13
14096,10635,13,13
14164,11213,13,13
14164,49886,13,13
14196,11356,13,13
14214,14650,13,13
14214,166778,13,13
14230,20142,13,13
14261,23312,13,13
14292,12739,13,13
14292,13301,13,13
14352,10876,13,13
14379,10329,13,13
14389,11925,13,13
14413,13530,13,13
14454,12342,13,13
14454,20018,13,13
14482,10510,13,13
14588,15338,13,13
14671,11562,13,13
14707,18116,13,13
14707,100541,13,13
14707,154122,13,13
14767,10890,13,13
14811,12891,13,13
14874,172408,13,13
14919,10460,13,13
14919,17179,13,13
14941,14259,13,13
15006,171948,13,13
15018,10866,13,13
15034,15217,13,13
15034,34905,13,13
15068,17179,13,13
15078,10825,13,13
15078,22272,13,13
15103,11041,13,13
15115,10065,13,13
15125,17633,13,13
15158,21687,13,13
15217,14567,13,13
15217,21718,13,13
15234,11288,13,13
15234,14076,13,13
15238,10513,13,13
15238,12368,13,13
15238,13006,13,13
15238,17970,13,13
15238,96565,13,13
15250,22985,13,13
15292,11133,13,13
15307,100541,13,13
15331,10206,13,13
15331,10471,13,13
15331,11406,13,13
15332,13135,13,13
15357,101194,13,13
15391,11646,13,13
15448,10617,13,13
15448,15958,13,13
15540,15958,13,13
15542,18579,13,13
15542,157409,13,13
15546,29035,13,13
15566,11319,13,13
15569,15588,13,13
15588,10474,13,13
15609,16067,13,13
15660,25897,13,13
15687,158008,13,13
15702,10183,13,13
15702,10481,13,13
15762,27552,13,13
15845,24749,13,13
15862,162783,13,13
15869,152621,13,13
15881,11013,13,13
15881,11226,13,13
15881,159614,13,13
15913,14884,13,13
15913,22469,13,13
16004,10312,13,13
16008,23266,13,13
16025,16512,13,13
16067,11182,13,13
16067,15697,13,13
16067,24154,13,13
16079,17546,13,13
16079,29689,13,13
16097,162539,13,13
16155,15697,13,13
16245,15105,13,13
16249,21687,13,13
16254,11507,13,13
16290,20605,13,13
16425,11925,13,13
16425,16079,13,13
16425,17826,13,13
16425,28398,13,13
16458,10265,13,13
16486,15958,13,13
16486,16604,13,13
16486,102954,13,13
16512,10776,13,13
16512,20371,13,13
16512,24154,13,13
16519,21915,13,13
16589,11357,13,13
16595,18677,13,13
16608,22740,13,13
16696,11165,13,13
16721,12567,13,13
16734,12591,13,13
16763,10468,13,13
16801,10755,13,13
16803,174571,13,13
16824,10427,13,13
16824,15006,13,13
16824,17284,13,13
16899,11472,13,13
16987,10682,13,13
16987,10876,13,13
17037,158242,13,13
17093,18691,13,13
17093,27665,13,13
17130,12113,13,13
17130,102786,13,13
17155,11605,13,13
17155,16079,13,13
17155,26556,13,13
17177,11965,13,13
17177,12049,13,13
17188,11749,13,13
17188,12107,13,13
17201,19228,13,13
17264,10232,13,13
17264,18963,13,13
17284,20858,13,13
17285,25422,13,13
17344,19362,13,13
17392,10755,13,13
17415,30470,13,13
17433,14454,13,13
17433,27362,13,13
17433,158754,13,13
17462,11129,13,13
17476,17150,13,13
17476,18700,13,13
17476,19351,13,13
17546,29689,13,13
17580,16079,13,13
17632,10780,13,13
17632,19661,13,13
17637,11904,13,13
17637,17633,13,13
17666,10125,13,13
17666,18889,13,13
17742,23164,13,13
17757,14596,13,13
17875,154383,13,13
17881,26796,13,13
17919,11428,13,13
17963,10154,13,13
17963,14230,13,13
17963,25848,13,13
18013,28915,13,13
18126,11011,13,13
18126,11425,13,13
18132,10332,13,13
18192,10462,13,13
18192,11400,13,13
18230,21915,13,13
18335,155099,13,13
18345,19590,13,13
18411,152621,13,13
18445,10154,13,13
18445,14650,13,13
18445,18680,13,13
18496,10590,13,13
18496,14346,13,13
18518,11187,13,13
18518,11904,13,13
18573,10105,13,13
18611,18700,13,13
18677,12236,13,13
18680,10668,13,13
18680,25532,13,13
18680,26792,13,13
18680,101336,13,13
18691,11904,13,13
18691,16531,13,13
18700,16512,13,13
18720,17284,13,13
18720,19449,13,13
18773,10692,13,13
18774,11976,13,13
18806,10144,13,13
18806,24126,13,13
18809,10200,13,13
18926,10237,13,13
18926,11041,13,13
19025,21020,13,13
19091,12096,13,13
19233,21351,13,13
19233,101118,13,13
19351,10105,13,13
19351,16241,13,13
19351,20645,13,13
19409,12605,13,13
19449,14707,13,13
19463,16619,13,13
19678,20185,13,13
19678,100167,13,13
19678,100541,13,13
19833,10722,13,13
19833,11006,13,13
19915,166326,13,13
20012,10541,13,13
20018,27665,13,13
20041,10474,13,13
20080,10640,13,13
20116,10105,13,13
20142,10235,13,13
20142,13163,13,13
20185,25902,13,13
20199,10244,13,13
20285,13006,13,13
20328,12096,13,13
20365,10144,13,13
20371,17476,13,13
20371,18611,13,13
20371,20645,13,13
20391,11925,13,13
20407,19454,13,13
20443,18680,13,13
20504,100492,13,13
20645,100541,13,13
20645,102062,13,13
20650,18335,13,13
20654,10196,13,13
20858,24149,13,13
20898,159900,13,13
21120,10415,13,13
21134,10173,13,13
21182,10679,13,13
21189,14954,13,13
21189,24181,13,13
21311,23839,13,13
21322,102619,13,13
21368,16595,13,13
21368,23969,13,13
21471,11133,13,13
21471,20441,13,13
21471,21569,13,13
21507,18168,13,13
21507,21944,13,13
21560,19449,13,13
21569,20441,13,13
21628,21900,13,13
21628,100167,13,13
21866,10134,13,13
22004,15702,13,13
22006,154769,13,13
22075,12088,13,13
22148,12479,13,13
22210,11766,13,13
22218,10072,13,13
22218,10431,13,13
22330,10407,13,13
22330,14295,13,13
22349,11749,13,13
22538,20114,13,13
22546,15446,13,13
22576,27092,13,13
22774,11976,13,13
22774,24435,13,13
22967,10510,13,13
22967,101336,13,13
22967,152857,13,13
23042,10297,13,13
23042,11560,13,13
23042,24050,13,13
23054,10625,13,13
23054,10692,13,13
23054,13635,13,13
23054,14954,13,13
23100,10407,13,13
23104,24141,13,13
23166,11059,13,13
23199,17715,13,13
23266,10192,13,13
23266,11011,13,13
23316,13377,13,13
23328,29000,13,13
23340,26304,13,13
23340,155684,13,13
23393,10826,13,13
23478,10153,13,13
23478,10198,13,13
23478,11793,13,13
23482,13109,13,13
23513,10890,13,13
23573,26377,13,13
23580,14454,13,13
23580,17471,13,13
23580,28915,13,13
23580,29817,13,13
23580,35109,13,13
23630,11507,13,13
23641,28368,13,13
23670,10564,13,13
23721,10652,13,13
23811,28786,13,13
23811,29817,13,13
23849,16595,13,13
23849,16824,13,13
23849,16857,13,13
23849,20839,13,13
23849,23954,13,13
23849,36930,13,13
23849,101336,13,13
23954,18566,13,13
23973,11356,13,13
23991,14649,13,13
24076,15001,13,13
24128,10554,13,13
24141,18666,13,13
24154,13950,13,13
24181,10722,13,13
24202,25052,13,13
24217,11411,13,13
24217,14649,13,13
24339,23057,13,13
24355,19116,13,13
24453,28551,13,13
24453,35109,13,13
24578,15370,13,13
24699,14348,13,13
24700,20804,13,13
24749,12901,13,13
24749,23224,13,13
24883,175327,13,13
25192,10171,13,13
25219,10755,13,13
25517,23316,13,13
25532,10123,13,13
25571,11415,13,13
25683,10825,13,13
25690,24975,13,13
25694,14454,13,13
25694,17093,13,13
25694,19351,13,13
25694,29902,13,13
25848,165339,13,13
25897,13109,13,13
25902,15697,13,13
25902,17150,13,13
25902,20645,13,13
25902,27665,13,13
26137,13513,13,13
26238,17632,13,13
26304,152857,13,13
26358,10105,13,13
26365,11316,13,13
26377,28122,13,13
26556,13331,13,13
26556,23500,13,13
26590,21687,13,13
26712,11511,13,13
26717,23630,13,13
26743,12481,13,13
26796,19689,13,13
27275,10558,13,13
27485,10510,13,13
27532,10235,13,13
27532,10635,13,13
27560,154207,13,13
27610,10558,13,13
27665,25897,13,13
27703,159900,13,13
27803,23500,13,13
27809,12790,13,13
28051,156857,13,13
28122,10764,13,13
28122,25192,13,13
28224,14454,13,13
28224,15862,13,13
28224,20401,13,13
28368,10866,13,13
28396,16241,13,13
28398,27055,13,13
28526,10274,13,13
28551,152857,13,13
28572,10771,13,13
28572,13312,13,13
28572,20185,13,13
28572,21368,13,13
28572,21900,13,13
28572,152857,13,13
28620,15697,13,13
28627,11182,13,13
28627,100541,13,13
28716,10427,13,13
28716,17374,13,13
28743,15609,13,13
28786,13312,13,13
28833,28889,13,13
28915,10170,13,13
28915,20645,13,13
28943,152642,13,13
29014,10960,13,13
29310,10427,13,13
29415,16630,13,13
29817,17285,13,13
29902,14413,13,13
29902,20185,13,13
30260,10116,13,13
30260,10461,13,13
30466,10460,13,13
30487,18720,13,13
30487,101218,13,13
31215,12711,13,13
31630,100139,13,13
31679,13006,13,13
31679,28915,13,13
33168,14004,13,13
33168,21628,13,13
33168,22061,13,13
33414,29689,13,13
34313,10780,13,13
34313,10999,13,13
37267,11476,13,13
37455,18566,13,13
38332,16241,13,13
41482,166337,13,13
45116,19116,13,13
45669,10842,13,13
76087,14588,13,13
100167,15862,13,13
100306,165340,13,13
100352,156857,13,13
100492,11657,13,13
100492,12096,13,13
100492,12250,13,13
100492,19689,13,13
100541,10073,13,13
100554,10065,13,13
100554,10826,13,13
101025,11904,13,13
101025,27191,13,13
101025,158191,13,13
101116,12596,13,13
101119,23450,13,13
101218,14379,13,13
101336,10200,13,13
101414,100492,13,13
102062,11423,13,13
102062,15697,13,13
102062,158479,13,13
102868,10599,13,13
103220,11709,13,13
152324,13339,13,13
152324,13986,13,13
152324,22827,13,13
152324,159900,13,13
152391,10147,13,13
152620,13069,13,13
152696,11400,13,13
154207,10842,13,13
154554,18666,13,13
154996,100541,13,13
154996,102062,13,13
155077,13986,13,13
155654,11782,13,13
155654,14196,13,13
155685,29516,13,13
155809,11425,13,13
155809,160183,13,13
156308,17188,13,13
156783,11747,13,13
157260,13115,13,13
157260,21874,13,13
157260,22774,13,13
157260,165614,13,13
158109,11411,13,13
158132,10105,13,13
158132,25897,13,13
158242,15609,13,13
158242,17284,13,13
158432,10237,13,13
158479,17633,13,13
158479,154207,13,13
158754,11223,13,13
159614,18451,13,13
160029,12693,13,13
162396,10510,13,13
162396,13288,13,13
162539,10332,13,13
162539,13246,13,13
162543,12096,13,13
162543,16107,13,13
162649,12645,13,13
163342,24404,13,13
163638,13819,13,13
164298,10265,13,13
165061,12281,13,13
165341,14654,13,13
166486,17617,13,13
174571,13628,13,13
174571,16107,13,13
10059,11126,14,14
10059,16245,14,14
10065,10362,14,14
10065,10794,14,14
10065,11445,14,14
10065,14091,14,14
10065,14671,14,14
10065,14788,14,14
10065,15049,14,14
10072,23363,14,14
10099,10939,14,14
10099,12582,14,14
10099,15925,14,14
10107,10555,14,14
10107,13904,14,14
10107,171761,14,14
10118,11577,14,14
10118,24281,14,14
10118,101118,14,14
10118,155809,14,14
10126,10196,14,14
10126,12160,14,14
10126,21471,14,14
10126,21588,14,14
10126,24181,14,14
10126,26566,14,14
10126,156857,14,14
10133,23948,14,14
10134,13293,14,14
10134,13574,14,14
10153,10134,14,14
10156,11422,14,14
10169,17947,14,14
10183,29431,14,14
10192,18168,14,14
10196,23054,14,14
10198,21915,14,14
10203,27029,14,14
10205,10412,14,14
10205,20694,14,14
10206,12368,14,14
10213,165341,14,14
10217,10554,14,14
10217,10791,14,14
10217,11782,14,14
10235,10274,14,14
10235,11023,14,14
10235,11709,14,14
10237,12815,14,14
10237,21182,14,14
10237,24883,14,14
10244,163051,14,14
10246,28122,14,14
10265,10561,14,14
10265,10900,14,14
10265,12072,14,14
10265,21665,14,14
10268,11936,14,14
10297,14020,14,14
10297,27029,14,14
10312,10227,14,14
10320,10332,14,14
10340,12007,14,14
10340,15034,14,14
10340,15234,14,14
10340,16721,14,14
10340,164835,14,14
10342,10854,14,14
10342,23698,14,14
10354,12099,14,14
10354,15881,14,14
10380,15262,14,14
10380,16903,14,14
10388,10991,14,14
10412,10205,14,14
10415,10979,14,14
10427,18451,14,14
10427,22148,14,14
10428,14012,14,14
10471,11655,14,14
10481,166326,14,14
10498,18286,14,14
10504,16176,14,14
10504,100826,14,14
10513,26238,14,14
10528,11011,14,14
10528,12515,14,14
10534,10198,14,14
10534,10347,14,14
10534,11303,14,14
10534,11809,14,14
10534,12510,14,14
10554,10811,14,14
10554,11529,14,14
10554,23973,14,14
10554,27472,14,14
10554,27779,14,14
10554,158432,14,14
10558,12430,14,14
10562,10415,14,14
10562,10445,14,14
10562,14076,14,14
10562,14596,14,14
10564,10788,14,14
10582,10342,14,14
10582,12996,14,14
10582,17875,14,14
10590,17632,14,14
10590,18335,14,14
10599,12818,14,14
10599,164741,14,14
10620,15251,14,14
10625,13318,14,14
10625,23777,14,14
10625,28943,14,14
10625,29415,14,14
10640,15107,14,14
10640,15623,14,14
10646,24181,14,14
10662,10206,14,14
10673,10722,14,14
10679,23716,14,14
10682,102123,14,14
10689,10099,14,14
10690,158008,14,14
10691,42242,14,14
10691,166520,14,14
10692,11511,14,14
10692,13925,14,14
10707,10196,14,14
10707,15806,14,14
10722,102619,14,14
10728,10268,14,14
10747,20650,14,14
10755,14314,14,14
10755,20993,14,14
10755,25517,14,14
10776,22780,14,14
10780,49582,14,14
10794,17632,14,14
10794,30260,14,14
10854,11011,14,14
10883,10198,14,14
10883,10462,14,14
10883,15608,14,14
10883,15888,14,14
10884,11392,14,14
10899,22173,14,14
10920,11819,14,14
10927,14671,14,14
10960,10059,14,14
10979,11404,14,14
10979,12028,14,14
10981,11529,14,14
10981,15187,14,14
10981,165340,14,14
10983,24121,14,14
10983,100492,14,14
10984,16064,14,14
10994,10991,14,14
10999,10471,14,14
11006,29310,14,14
11011,10332,14,14
11023,16824,14,14
11029,16552,14,14
11030,17103,14,14
11041,23777,14,14
11062,10415,14,14
11062,156308,14,14
11100,11319,14,14
11126,26556,14,14
11129,23364,14,14
11133,13635,14,14
11134,15179,14,14
11134,16209,14,14
11162,14176,14,14
11187,13266,14,14
11187,25848,14,14
11187,154554,14,14
11191,10691,14,14
11213,24152,14,14
11235,10134,14,14
11258,10927,14,14
11264,22896,14,14
11289,10554,14,14
11289,21674,14,14
11289,24050,14,14
11336,10065,14,14
11336,11289,14,14
11340,15322,14,14
11340,152620,14,14
11354,14855,14,14
11354,15357,14,14
11368,13280,14,14
11373,13635,14,14
11404,10972,14,14
11411,10780,14,14
11415,13300,14,14
11416,10312,14,14
11416,16249,14,14
11416,96565,14,14
11423,26114,14,14
11425,10679,14,14
11442,12253,14,14
11471,186215,14,14
11493,16356,14,14
11506,15869,14,14
11506,18860,14,14
11506,19796,14,14
11507,11472,14,14
11507,11506,14,14
11507,16899,14,14
11507,100139,14,14
11507,157260,14,14
11511,13635,14,14
11514,11822,14,14
11530,13746,14,14
11530,174978,14,14
11532,165339,14,14
11560,11934,14,14
11577,10268,14,14
11577,14811,14,14
11602,11336,14,14
11602,17757,14,14
11606,10415,14,14
11606,12677,14,14
11617,11129,14,14
11623,10630,14,14
11623,14788,14,14
11623,22822,14,14
11631,157030,14,14
11640,10205,14,14
11640,10692,14,14
11640,16910,14,14
11640,24181,14,14
11646,31215,14,14
11653,10884,14,14
11653,14588,14,14
11655,10561,14,14
11704,10340,14,14
11744,11747,14,14
11744,17546,14,14
11747,11011,14,14
11749,11288,14,14
11772,10217,14,14
11772,15869,14,14
11772,18335,14,14
11772,28526,14,14
11782,11709,14,14
11793,165340,14,14
11819,13434,14,14
11822,10407,14,14
11822,166047,14,14
11865,11653,14,14
11904,11059,14,14
11904,12159,14,14
11925,19091,14,14
11927,11303,14,14
11927,11162403133,14,14
11935,17130,14,14
11935,162912,14,14
11955,24121,14,14
12007,26282,14,14
12025,10854,14,14
12025,154383,14,14
12050,12479,14,14
12050,21241,14,14
12061,17580,14,14
12072,13669,14,14
12072,24700,14,14
12088,30466,14,14
12088,32231,14,14
12098,25517,14,14
12099,12761,14,14
12107,10630,14,14
12118,10265,14,14
12118,21665,14,14
12160,16245,14,14
12187,11100,14,14
12187,12474,14,14
12187,15562,14,14
12193,10403,14,14
12193,15278,14,14
12202,10192,14,14
12202,10826,14,14
12202,11747,14,14
12202,13246,14,14
12202,15115,14,14
12250,11925,14,14
12250,13925,14,14
12299,158019,14,14
12302,19833,14,14
12307,18230,14,14
12338,28716,14,14
12338,162543,14,14
12343,19833,14,14
12344,10968,14,14
12447,10384,14,14
12447,11400,14,14
12452,10366,14,14
12510,10498,14,14
12510,14443,14,14
12549,16356,14,14
12567,11226,14,14
12582,11006,14,14
12582,11213,14,14
12591,20185,14,14
12591,29789,14,14
12605,10927,14,14
12635,10312,14,14
12677,14214,14,14
12678,10630,14,14
12708,14416,14,14
12711,13497,14,14
12711,17389,14,14
12769,16552,14,14
12819,12567,14,14
12858,10407,14,14
12858,49582,14,14
12880,16682,14,14
12901,11195,14,14
12901,15687,14,14
12928,26556,14,14
13009,11936,14,14
13009,12567,14,14
13081,10433,14,14
13118,11133,14,14
13118,11319,14,14
13124,15515,14,14
13135,12739,14,14
13135,12818,14,14
13135,17161,14,14
13153,11423,14,14
13246,32539,14,14
13249,16035,14,14
13253,10571,14,14
13253,15566,14,14
13278,18132,14,14
13293,15753,14,14
13306,15565,14,14
13312,16531,14,14
13318,10559,14,14
13318,11422,14,14
13318,22006,14,14
13323,14084,14,14
13333,159959,14,14
13500,16899,14,14
13530,14532,14,14
13530,23220,14,14
13635,11006,14,14
13645,10312,14,14
13645,13127,14,14
13660,31445,14,14
13709,14597,14,14
13779,19116,14,14
13779,19897,14,14
13782,18579,14,14
13782,26566,14,14
13884,18860,14,14
13905,10205,14,14
13905,11747,14,14
13908,10513,14,14
13949,162649,14,14
13986,11262,14,14
14004,10787,14,14
14011,101414,14,14
14012,101218,14,14
14076,18663,14,14
14084,14517,14,14
14091,10564,14,14
14091,101053,14,14
14154,102601,14,14
14176,12281,14,14
14176,21147,14,14
14230,26419,14,14
14292,11918,14,14
14292,26365,14,14
14314,101336,14,14
14352,18471,14,14
14361,11428,14,14
14420,100515,14,14
14454,26387,14,14
14481,153102,14,14
14482,13109,14,14
14532,17768,14,14
14532,25532,14,14
14567,18774,14,14
14567,24435,14,14
14617,12253,14,14
14617,15238,14,14
14617,17116,14,14
14650,14091,14,14
14671,15562,14,14
14707,24149,14,14
14811,11226,14,14
14884,15913,14,14
14884,25146,14,14
14941,101116,14,14
14945,11195,14,14
14945,13464,14,14
15001,17890,14,14
15066,23742,14,14
15078,11865,14,14
15125,13683,14,14
15125,22354,14,14
15125,164554,14,14
15187,24975,14,14
15217,14811,14,14
15234,11530,14,14
15292,154383,14,14
15307,12711,14,14
15357,10498,14,14
15391,20443,14,14
15448,10203,14,14
15566,20012,14,14
15588,15569,14,14
15609,20683,14,14
15609,152391,14,14
15753,10883,14,14
15762,13905,14,14
15778,11471,14,14
15782,11400,14,14
15782,19848,14,14
15862,25532,14,14
15862,28238,14,14
15862,158754,14,14
15881,11706,14,14
15925,17890,14,14
15933,10134,14,14
16004,13817,14,14
16008,18398,14,14
16025,10123,14,14
16025,20478,14,14
16067,19884,14,14
16067,28238,14,14
16067,153910,14,14
16079,163719,14,14
16097,14389,14,14
16107,27055,14,14
16112,11428,14,14
16122,19915,14,14
16122,25192,14,14
16155,10755,14,14
16155,17285,14,14
16241,28889,14,14
16241,49582,14,14
16245,154769,14,14
16328,10297,14,14
16374,21255,14,14
16438,157503,14,14
16473,24331,14,14
16486,15296,14,14
16512,10668,14,14
16512,16801,14,14
16544,10630,14,14
16595,17633,14,14
16595,21368,14,14
16617,10825,14,14
16622,12452,14,14
16630,10011,14,14
16696,15001,14,14
16801,10668,14,14
16803,10192,14,14
16901,24149,14,14
16987,16619,14,14
16987,27882,14,14
17075,22225,14,14
17130,10305,14,14
17130,11029,14,14
17130,14596,14,14
17155,10510,14,14
17155,23500,14,14
17188,16590,14,14
17201,13725,14,14
17201,15958,14,14
17342,19581,14,14
17374,14096,14,14
17415,16903,14,14
17433,18566,14,14
17433,25366,14,14
17476,21719,14,14
17546,10722,14,14
17601,10265,14,14
17617,10229,14,14
17627,16622,14,14
17651,10884,14,14
17651,18126,14,14
17666,13645,14,14
17742,16531,14,14
17757,20041,14,14
17768,12573,14,14
17875,22173,14,14
17881,11780,14,14
17881,20968,14,14
17967,12549,14,14
18089,10154,14,14
18091,152391,14,14
18126,10826,14,14
18240,10126,14,14
18240,11678,14,14
18242,16839,14,14
18335,24973,14,14
18411,13069,14,14
18445,25848,14,14
18451,10235,14,14
18496,25181,14,14
18518,17433,14,14
18520,103220,14,14
18677,25532,14,14
18680,20371,14,14
18720,21900,14,14
18761,10231,14,14
18761,18411,14,14
18774,16419,14,14
18806,15798,14,14
18827,13464,14,14
18842,17632,14,14
18924,10635,14,14
18926,15262,14,14
19004,10073,14,14
19233,20080,14,14
19240,22272,14,14
19351,19454,14,14
19396,13819,14,14
19396,20615,14,14
19449,16622,14,14
19449,21897,14,14
19451,100563,14,14
19661,10229,14,14
19718,11706,14,14
19719,10534,14,14
19833,24181,14,14
19897,13288,14,14
19897,20462,14,14
19915,25219,14,14
20018,20645,14,14
20031,11445,14,14
20092,24149,14,14
20185,16617,14,14
20185,154207,14,14
20253,18091,14,14
20285,10153,14,14
20328,19056,14,14
20335,155633,14,14
20371,16122,14,14
20371,16763,14,14
20407,13006,14,14
20441,13817,14,14
20441,16374,14,14
20484,10668,14,14
20484,28915,14,14
20683,23969,14,14
20751,10147,14,14
20898,15187,14,14
20898,28627,14,14
20898,100643,14,14
20968,11657,14,14
20968,26566,14,14
21120,18716,14,14
21120,162833,14,14
21147,11297,14,14
21351,12769,14,14
21368,27321,14,14
21373,10788,14,14
21466,15278,14,14
21519,11653,14,14
21560,11224,14,14
21628,17284,14,14
21628,18677,14,14
21637,12573,14,14
21651,11965,14,14
21651,21255,14,14
21719,16122,14,14
21782,11282,14,14
21839,10685,14,14
21885,16971,14,14
21897,20645,14,14
22004,10668,14,14
22078,25219,14,14
22173,154383,14,14
22391,10268,14,14
22546,11226,14,14
22774,10354,14,14
22774,21241,14,14
22780,24973,14,14
22786,19463,14,14
22822,10186,14,14
23042,15446,14,14
23153,23224,14,14
23224,14536,14,14
23240,11511,14,14
23312,10468,14,14
23316,13497,14,14
23340,21560,14,14
23340,21897,14,14
23340,154996,14,14
23431,10689,14,14
23500,10265,14,14
23573,11224,14,14
23580,14532,14,14
23580,157414,14,14
23777,12307,14,14
23777,18456,14,14
23811,16067,14,14
23878,12711,14,14
23924,11935,14,14
23954,10433,14,14
23954,13288,14,14
23973,18663,14,14
23991,14596,14,14
24154,16241,14,14
24181,11609,14,14
24281,10171,14,14
24303,157432,14,14
24339,15158,14,14
24355,15049,14,14
24355,157407,14,14
24447,13300,14,14
24453,23811,14,14
24698,10826,14,14
24700,14348,14,14
24749,14536,14,14
24908,11323,14,14
25052,11289,14,14
25064,14650,14,14
25146,21992,14,14
25146,101025,14,14
25181,15034,14,14
25192,19454,14,14
25261,18513,14,14
25366,22417,14,14
25532,12236,14,14
25593,17264,14,14
25692,15125,14,14
25694,23954,14,14
25694,155077,14,14
25836,10186,14,14
25836,10972,14,14
26137,10510,14,14
26230,14389,14,14
26231,10105,14,14
26231,18720,14,14
26238,10229,14,14
26285,10504,14,14
26358,10755,14,14
26365,12412,14,14
26733,10205,14,14
26743,10251,14,14
26796,10722,14,14
27029,157432,14,14
27055,14069,14,14
27374,14348,14,14
27374,15846,14,14
27374,17894,14,14
27427,15687,14,14
27427,20696,14,14
27472,10968,14,14
27485,12591,14,14
27665,17285,14,14
27665,25192,14,14
27703,152391,14,14
27711,10312,14,14
27711,10640,14,14
27897,16241,14,14
28122,12481,14,14
28122,45669,14,14
28339,10445,14,14
28551,16025,14,14
28572,20018,14,14
28627,21873,14,14
28684,100167,14,14
28786,23969,14,14
28833,22469,14,14
29000,15702,14,14
29310,10354,14,14
29789,10366,14,14
29817,16025,14,14
30260,13511,14,14
30260,14788,14,14
30530,157432,14,14
30809,27665,14,14
30951,27105,14,14
31215,13109,14,14
31679,10782,14,14
32231,13109,14,14
33512,12399,14,14
34313,11400,14,14
35109,11514,14,14
37443,10427,14,14
38332,10510,14,14
38332,22967,14,14
38332,29415,14,14
38332,33512,14,14
45669,14314,14,14
76087,154383,14,14
100167,17037,14,14
100541,101219,14,14
100855,12187,14,14
100855,155099,14,14
101025,13538,14,14
101116,10449,14,14
101336,13312,14,14
101336,18691,14,14
101414,15321,14,14
102062,20018,14,14
102391,12903,14,14
102430,14079,14,14
102493,11134,14,14
103220,12790,14,14
152324,17633,14,14
152391,12236,14,14
152391,20175,14,14
152696,11022,14,14
153759,152621,14,14
153836,11782,14,14
153836,158008,14,14
154122,12452,14,14
154312,13538,14,14
154996,11514,14,14
154996,15697,14,14
154996,20462,14,14
154996,21719,14,14
155077,17476,14,14
155077,23340,14,14
155532,10415,14,14
155684,20462,14,14
155809,25974,14,14
156308,13081,14,14
156783,15001,14,14
157207,102019,14,14
157260,16209,14,14
158008,10274,14,14
158242,16473,14,14
158242,21605,14,14
158245,26304,14,14
158479,25532,14,14
158754,12711,14,14
159614,19996,14,14
162539,18412,14,14
162543,19689,14,14
163638,19718,14,14
163791,17103,14,14
164298,11809,14,14
165341,13724,14,14
165341,14091,14,14
165341,17562,14,14
174978,19206,14,14
174978,162868,14,14
186215,13635,14,14
10059,24975,15,15
10065,10059,15,15
10065,13246,15,15
10065,15515,15,15
10107,16632,15,15
10107,21189,15,15
10107,21255,15,15
10107,102619,15,15
10118,10407,15,15
10118,14314,15,15
10118,17433,15,15
10118,18842,15,15
10118,26238,15,15
10118,28219,15,15
10126,10051,15,15
10126,10133,15,15
10126,13782,15,15
10126,13920,15,15
10126,18411,15,15
10153,152620,15,15
10156,16245,15,15
10169,12193,15,15
10183,25219,15,15
10196,10582,15,15
10196,10854,15,15
10198,10380,15,15
10206,10646,15,15
10206,10972,15,15
10206,15753,15,15
10213,101053,15,15
10217,10237,15,15
10217,10994,15,15
10217,11577,15,15
10217,12901,15,15
10217,14230,15,15
10227,10236,15,15
10229,11879,15,15
10231,10153,15,15
10231,152621,15,15
10236,219853,15,15
10242,17580,15,15
10244,28381,15,15
10262,175327,15,15
10274,11709,15,15
10274,13641,15,15
10297,12193,15,15
10320,16107,15,15
10320,26566,15,15
10332,10232,15,15
10332,10707,15,15
10332,11511,15,15
10332,19929,15,15
10332,20654,15,15
10340,10134,15,15
10340,11297,15,15
10340,16396,15,15
10347,13075,15,15
10354,10154,15,15
10372,11819,15,15
10372,12344,15,15
10380,11819,15,15
10388,11065,15,15
10388,11367,15,15
10388,20119,15,15
10415,10883,15,15
10431,12281,15,15
10463,12549,15,15
10474,13081,15,15
10498,10133,15,15
10498,10347,15,15
10498,15448,15,15
10498,20837,15,15
10504,10900,15,15
10504,157503,15,15
10504,159762,15,15
10504,164741,15,15
10513,26757,15,15
10513,26883,15,15
10528,101414,15,15
10554,26757,15,15
10558,12645,15,15
10561,13006,15,15
10562,13427,15,15
10562,19094,15,15
10568,156783,15,15
10582,12515,15,15
10599,13323,15,15
10599,13635,15,15
10625,22396,15,15
10625,27882,15,15
10635,10728,15,15
10646,21808,15,15
10662,10265,15,15
10679,10320,15,15
10679,12061,15,15
10679,19833,15,15
10689,10059,15,15
10692,13635,15,15
10707,14069,15,15
10722,24181,15,15
10722,100492,15,15
10728,12891,15,15
10764,20993,15,15
10776,20650,15,15
10780,10229,15,15
10780,11819,15,15
10780,26784,15,15
10793,11749,15,15
10794,11879,15,15
10794,13908,15,15
10826,10126,15,15
10826,24747,15,15
10826,155853,15,15
10853,11445,15,15
10876,13323,15,15
10876,18286,15,15
10883,17757,15,15
10883,20593,15,15
10899,11609,15,15
10899,26488,15,15
10902,10854,15,15
10920,13949,15,15
10939,10582,15,15
10960,11976,15,15
10972,11404,15,15
10979,12769,15,15
10979,21674,15,15
10981,11406,15,15
10981,17342,15,15
10999,11562,15,15
10999,15380,15,15
11011,10192,15,15
11041,12585,15,15
11052,11134,15,15
11062,101892,15,15
11129,15623,15,15
11134,11319,15,15
11134,16899,15,15
11152,10235,15,15
11162,21808,15,15
11165,11191,15,15
11187,10171,15,15
11187,12573,15,15
11187,13293,15,15
11191,13904,15,15
11223,21943,15,15
11223,24975,15,15
11223,25871,15,15
11224,11392,15,15
11262,37267,15,15
11264,17103,15,15
11288,104697,15,15
11289,11706,15,15
11297,10793,15,15
11303,14449,15,15
11319,10554,15,15
11340,11793,15,15
11348,12193,15,15
11348,23371,15,15
11354,11213,15,15
11354,13628,15,15
11354,22273,15,15
11354,159685,15,15
11356,14259,15,15
11357,17475,15,15
11406,11126,15,15
11416,11406,15,15
11416,49886,15,15
11420,27145,15,15
11423,11340,15,15
11423,20727,15,15
11423,21120,15,15
11471,10652,15,15
11471,23054,15,15
11472,10635,15,15
11493,13427,15,15
11506,13434,15,15
11506,19758,15,15
11507,10568,15,15
11509,10692,15,15
11509,11511,15,15
11509,22515,15,15
11511,156857,15,15
11560,16328,15,15
11560,21189,15,15
11577,11623,15,15
11577,13278,15,15
11602,12430,15,15
11602,153102,15,15
11606,22218,15,15
11609,11100,15,15
11631,11041,15,15
11653,10692,15,15
11704,10229,15,15
11717,10126,15,15
11749,12815,15,15
11772,11198,15,15
11772,14230,15,15
11772,19661,15,15
11780,10242,15,15
11782,10099,15,15
11793,10866,15,15
11819,26757,15,15
11822,11373,15,15
11891,11191,15,15
11891,156180,15,15
11904,12903,15,15
11904,156960,15,15
11918,10617,15,15
11926,15753,15,15
11926,158109,15,15
11934,11129,15,15
11936,11289,15,15
11965,11191,15,15
11965,154769,15,15
12007,27145,15,15
12025,11013,15,15
12025,11392,15,15
12049,11191,15,15
12049,172408,15,15
12050,21718,15,15
12061,19833,15,15
12068,20968,15,15
12072,11041,15,15
12072,13276,15,15
12088,14079,15,15
12088,24925,15,15
12118,14084,15,15
12151,13511,15,15
12151,17617,15,15
12151,153759,15,15
12160,29187,15,15
12160,172408,15,15
12187,15158,15,15
12236,18513,15,15
12250,15791,15,15
12260,15114,15,15
12312,11532,15,15
12312,17715,15,15
12312,27191,15,15
12312,33610,15,15
12312,102391,15,15
12342,19848,15,15
12412,22215,15,15
12479,10354,15,15
12479,21612,15,15
12567,14783,15,15
12591,18013,15,15
12591,157414,15,15
12616,15286,15,15
12616,152642,15,15
12677,166778,15,15
12701,11550,15,15
12711,154554,15,15
12769,12107,15,15
12818,10154,15,15
12857,15687,15,15
12860,14449,15,15
12880,166326,15,15
12928,23500,15,15
13009,157260,15,15
13019,153759,15,15
13034,23878,15,15
13064,10229,15,15
13081,24973,15,15
13127,10630,15,15
13135,10192,15,15
13135,10689,15,15
13232,11879,15,15
13232,13908,15,15
13249,17250,15,15
13249,17947,15,15
13288,10433,15,15
13293,155532,15,15
13312,16512,15,15
13318,16374,15,15
13323,16438,15,15
13339,10340,15,15
13383,11165,15,15
13383,15762,15,15
13383,166778,15,15
13511,30260,15,15
13530,25477,15,15
13612,10200,15,15
13612,10504,15,15
13612,49582,15,15
13627,17475,15,15
13641,17264,15,15
13645,10156,15,15
13645,11530,15,15
13660,21782,15,15
13683,10200,15,15
13724,10568,15,15
13724,13641,15,15
13765,10604,15,15
13765,11223,15,15
13779,15125,15,15
13779,27150,15,15
13779,45669,15,15
13779,159900,15,15
13846,19796,15,15
13905,16883,15,15
13905,18246,15,15
13905,102868,15,15
13949,11602,15,15
13949,15888,15,15
13986,13288,15,15
14011,10340,15,15
14012,15565,15,15
14076,100855,15,15
14091,17562,15,15
14096,165560,15,15
14176,162833,15,15
14352,16987,15,15
14355,12818,15,15
14361,18209,15,15
14379,10171,15,15
14416,100515,15,15
14432,10523,15,15
14454,30487,15,15
14482,101336,15,15
14532,10468,15,15
14588,10939,15,15
14588,22006,15,15
14617,12739,15,15
14617,12818,15,15
14617,17161,15,15
14707,13530,15,15
14788,11288,15,15
14850,15292,15,15
14954,10826,15,15
15018,15262,15,15
15034,16209,15,15
15078,12236,15,15
15105,11129,15,15
15115,11657,15,15
15115,17665,15,15
15187,22469,15,15
15187,24331,15,15
15192,15732,15,15
15207,16531,15,15
15217,11532,15,15
15234,104697,15,15
15234,155099,15,15
15238,15753,15,15
15250,14671,15,15
15332,11129,15,15
15332,13124,15,15
15332,14617,15,15
15426,11110,15,15
15540,11375,15,15
15562,11416,15,15
15562,13627,15,15
15588,13318,15,15
15608,10462,15,15
15609,16241,15,15
15660,152857,15,15
15697,13530,15,15
15702,10366,15,15
15762,16079,15,15
15806,13490,15,15
15819,162912,15,15
15850,10571,15,15
15862,18611,15,15
15862,18720,15,15
15862,22354,15,15
15862,23340,15,15
15862,28620,15,15
15869,10340,15,15
15888,10883,15,15
15913,13612,15,15
16067,12399,15,15
16067,16824,15,15
16067,21628,15,15
16067,101218,15,15
16067,158245,15,15
16067,164554,15,15
16079,11011,15,15
16079,24747,15,15
16122,20462,15,15
16122,25897,15,15
16328,10268,15,15
16328,10728,15,15
16328,15687,15,15
16385,176866,15,15
16396,11877,15,15
16473,27199,15,15
16486,17179,15,15
16512,13530,15,15
16512,13612,15,15
16512,24141,15,15
16512,32829,15,15
16608,10571,15,15
16649,11282,15,15
16801,10105,15,15
16803,13383,15,15
16803,17651,15,15
16803,166047,15,15
16824,15862,15,15
16883,12250,15,15
16899,12790,15,15
16910,10192,15,15
16910,101414,15,15
16987,11809,15,15
17037,24141,15,15
17130,154133,15,15
17150,16824,15,15
17185,11865,15,15
17185,19348,15,15
17185,101414,15,15
17188,15649,15,15
17188,16544,15,15
17188,22349,15,15
17188,156308,15,15
17188,28532466490,15,15
17201,14348,15,15
17284,12591,15,15
17342,23220,15,15
17344,15477,15,15
17374,165614,15,15
17433,15609,15,15
17546,19056,15,15
17580,19091,15,15
17601,23500,15,15
17627,11066,15,15
17632,27002,15,15
17633,13288,15,15
17637,16531,15,15
17665,12250,15,15
17666,13846,15,15
17910,11925,15,15
17910,22546,15,15
18063,162783,15,15
18091,25585,15,15
18126,18773,15,15
18219,23630,15,15
18240,10939,15,15
18335,22780,15,15
18411,10231,15,15
18411,10968,15,15
18411,152620,15,15
18496,22210,15,15
18663,24973,15,15
18677,10510,15,15
18691,14314,15,15
18700,16067,15,15
18700,22272,15,15
18774,11226,15,15
18809,11646,15,15
18900,30530,15,15
18924,10590,15,15
18938,10246,15,15
18938,18677,15,15
18938,100725,15,15
19056,12096,15,15
19233,11529,15,15
19233,23721,15,15
19240,10366,15,15
19351,17285,15,15
19351,18013,15,15
19675,10171,15,15
19689,18579,15,15
19848,18116,15,15
19996,13163,15,15
20092,21020,15,15
20114,18471,15,15
20185,27665,15,15
20335,25339,15,15
20370,10147,15,15
20391,10320,15,15
20407,10407,15,15
20441,21651,15,15
20443,31215,15,15
20462,20751,15,15
20650,11507,15,15
20650,11609,15,15
20654,11780,15,15
20781,103220,15,15
20839,10011,15,15
20898,20751,15,15
20898,27150,15,15
20898,28620,15,15
20898,157414,15,15
20968,100515,15,15
21175,13490,15,15
21297,11100,15,15
21322,10692,15,15
21322,11653,15,15
21322,22515,15,15
21368,18677,15,15
21373,10854,15,15
21373,18168,15,15
21373,20968,15,15
21466,15883,15,15
21569,22006,15,15
21588,10854,15,15
21628,19678,15,15
21719,10067,15,15
21719,13986,15,15
21821,14379,15,15
21821,29789,15,15
21897,25192,15,15
21915,10237,15,15
21915,12605,15,15
22210,11709,15,15
22218,10630,15,15
22313,15322,15,15
22391,31630,15,15
22546,18983,15,15
22576,15440,15,15
22576,18666,15,15
22576,22967,15,15
22780,20650,15,15
22834,13312,15,15
22834,14379,15,15
23042,19751,15,15
23104,15702,15,15
23153,19718,15,15
23328,12159,15,15
23328,12452,15,15
23340,19240,15,15
23371,14649,15,15
23455,13009,15,15
23478,10262,15,15
23513,12510,15,15
23573,158479,15,15
23641,16228,15,15
23716,17176,15,15
23722,23878,15,15
23839,21900,15,15
23839,23969,15,15
23849,12591,15,15
23849,26231,15,15
24094,13942,15,15
24126,10186,15,15
24126,10412,15,15
24181,10692,15,15
24281,10468,15,15
24331,20462,15,15
24355,29000,15,15
24447,11134,15,15
24447,12567,15,15
24447,17615,15,15
24453,15078,15,15
24453,26903,15,15
24614,10200,15,15
24700,22329,15,15
24764,18385,15,15
24883,17930,15,15
24908,14517,15,15
24925,11013,15,15
25064,11410,15,15
25366,22330,15,15
25422,20860,15,15
25517,10468,15,15
25585,20407,15,15
25588,24539,15,15
25588,101336,15,15
25683,10366,15,15
25692,14707,15,15
25694,23573,15,15
25694,26231,15,15
25694,100167,15,15
25897,13738,15,15
26039,15862,15,15
26238,13069,15,15
26301,10582,15,15
26365,10268,15,15
26377,158479,15,15
26387,17433,15,15
26387,162783,15,15
26462,14650,15,15
26733,17665,15,15
26743,162783,15,15
26757,10134,15,15
26757,11819,15,15
26794,16763,15,15
27029,11935,15,15
27145,12113,15,15
27195,15158,15,15
27427,14355,15,15
27427,14945,15,15
27485,22967,15,15
27610,21991,15,15
27711,11115,15,15
27779,10380,15,15
27982,13069,15,15
28122,16155,15,15
28173,15869,15,15
28224,16067,15,15
28228,10541,15,15
28228,13353,15,15
28228,20860,15,15
28252,24925,15,15
28526,13115,15,15
28572,15609,15,15
28572,17093,15,15
28620,17150,15,15
28684,20018,15,15
28684,25897,15,15
28716,15217,15,15
28716,22198,15,15
28743,33512,15,15
28786,16512,15,15
28915,10755,15,15
28943,11809,15,15
29789,20018,15,15
29789,23969,15,15
30530,27029,15,15
30545,13293,15,15
30545,13574,15,15
30809,21628,15,15
31398,10105,15,15
33414,163719,15,15
35109,10571,15,15
37267,10825,15,15
37455,26792,15,15
37455,27891,15,15
37680,10246,15,15
38332,12711,15,15
39733,12412,15,15
39795,14783,15,15
39795,22215,15,15
76087,10652,15,15
76087,15883,15,15
100167,16067,15,15
100167,16512,15,15
100167,19678,15,15
100167,27665,15,15
100492,10776,15,15
100492,19056,15,15
100492,19667,15,15
100554,11006,15,15
101053,11706,15,15
101119,10415,15,15
101218,20185,15,15
101414,10625,15,15
102062,13530,15,15
102493,16209,15,15
102601,14154,15,15
102868,29689,15,15
102924,12344,15,15
152324,12481,15,15
152324,18611,15,15
152391,28122,15,15
153509,49582,15,15
155532,10979,15,15
155654,11195,15,15
155684,11262,15,15
155809,17861,15,15
156928,16097,15,15
157188,10105,15,15
157188,14884,15,15
157188,17285,15,15
157260,11415,15,15
157409,12202,15,15
157860,15910,15,15
158242,12711,15,15
158245,25902,15,15
158245,28684,15,15
158245,155684,15,15
158754,16241,15,15
159614,12901,15,15
160183,10679,15,15
162539,13925,15,15
162543,10826,15,15
162543,12704,15,15
162543,13490,15,15
162783,17433,15,15
163638,11782,15,15
163791,14076,15,15
164554,17285,15,15
165061,11623,15,15
165061,13645,15,15
165341,17615,15,15
171761,10679,15,15
174571,16328,15,15
174978,10125,15,15
10051,19372,16,16
10059,14588,16,16
10059,15049,16,16
10065,13278,16,16
10065,14011,16,16
10065,16328,16,16
10099,18456,16,16
10107,16696,16,16
10107,17601,16,16
10107,176866,16,16
10116,11577,16,16
10116,11872,16,16
10118,11507,16,16
10118,12573,16,16
10118,15702,16,16
10118,17415,16,16
10118,17584,16,16
10118,21874,16,16
10125,10547,16,16
10126,10366,16,16
10126,10927,16,16
10126,11935,16,16
10126,13383,16,16
10126,16619,16,16
10126,24076,16,16
10154,18089,16,16
10156,11213,16,16
10156,219853,16,16
10169,10384,16,16
10169,22313,16,16
10173,15798,16,16
10184,152621,16,16
10186,11368,16,16
10186,18448,16,16
10196,21373,16,16
10198,28368,16,16
10203,10107,16,16
10206,10793,16,16
10213,11006,16,16
10217,10431,16,16
10229,10780,16,16
10236,172408,16,16
10262,10153,16,16
10262,10415,16,16
10268,22215,16,16
10274,16419,16,16
10274,19718,16,16
10297,11934,16,16
10297,16987,16,16
10305,10547,16,16
10320,11511,16,16
10320,12343,16,16
10332,10555,16,16
10332,17721,16,16
10342,10242,16,16
10342,13920,16,16
10342,21588,16,16
10354,17374,16,16
10354,18006,16,16
10362,18579,16,16
10380,10513,16,16
10427,10564,16,16
10428,20269,16,16
10428,22078,16,16
10474,16004,16,16
10480,16004,16,16
10498,16438,16,16
10523,13784,16,16
10534,15262,16,16
10547,13081,16,16
10554,10994,16,16
10554,24257,16,16
10554,26238,16,16
10558,10169,16,16
10558,21649,16,16
10561,10372,16,16
10562,13434,16,16
10582,27300,16,16
10590,10690,16,16
10590,11507,16,16
10590,13293,16,16
10590,14650,16,16
10590,15782,16,16
10590,15798,16,16
10599,10787,16,16
10599,11442,16,16
10599,14011,16,16
10599,14432,16,16
10617,10403,16,16
10617,10991,16,16
10617,21186,16,16
10625,11442,16,16
10630,24669,16,16
10640,10156,16,16
10673,12928,16,16
10679,11213,16,16
10679,16079,16,16
10679,17546,16,16
10679,21507,16,16
10692,11747,16,16
10722,20968,16,16
10722,21189,16,16
10776,10372,16,16
10780,15933,16,16
10780,162649,16,16
10791,11336,16,16
10854,10332,16,16
10884,11013,16,16
10890,19946,16,16
10899,11013,16,16
10899,21471,16,16
10939,10810,16,16
10960,12567,16,16
10972,171055,16,16
10974,21569,16,16
10981,11198,16,16
10984,12549,16,16
10994,12474,16,16
10994,27882,16,16
10994,159685,16,16
11006,11560,16,16
11011,11509,16,16
11011,33414,16,16
11023,11577,16,16
11029,15798,16,16
11030,10340,16,16
11052,11709,16,16
11062,171948,16,16
11065,10561,16,16
11069,12098,16,16
11069,15566,16,16
11133,21588,16,16
11165,22778,16,16
11187,23722,16,16
11224,10123,16,16
11224,154109,16,16
11264,24447,16,16
11289,10154,16,16
11289,11316,16,16
11316,10235,16,16
11323,18439,16,16
11348,15262,16,16
11348,23641,16,16
11354,10662,16,16
11356,10979,16,16
11356,100855,16,16
11368,24443,16,16
11373,10297,16,16
11373,10620,16,16
11373,16245,16,16
11411,15869,16,16
11415,24435,16,16
11422,10312,16,16
11422,15883,16,16
11423,23878,16,16
11445,12160,16,16
11471,24747,16,16
11472,12099,16,16
11472,18827,16,16
11493,11819,16,16
11493,27610,16,16
11503,10876,16,16
11506,13846,16,16
11506,42476,16,16
11507,10354,16,16
11507,16901,16,16
11509,10192,16,16
11514,17475,16,16
11577,16552,16,16
11577,22780,16,16
11602,10513,16,16
11602,22899,16,16
11605,10685,16,16
11606,101118,16,16
11609,24973,16,16
11617,11319,16,16
11640,10342,16,16
11646,10407,16,16
11646,17476,16,16
11646,24141,16,16
11653,10320,16,16
11653,100492,16,16
11717,12368,16,16
11717,12739,16,16
11717,18471,16,16
11717,21665,16,16
11766,11709,16,16
11772,13574,16,16
11780,10707,16,16
11793,152621,16,16
11822,10463,16,16
11822,13266,16,16
11822,164554,16,16
11877,10461,16,16
11891,156233,16,16
11904,11655,16,16
11925,100492,16,16
11934,11422,16,16
11935,10662,16,16
11965,12049,16,16
11976,10354,16,16
11976,102493,16,16
12025,11955,16,16
12025,22515,16,16
12028,15798,16,16
12050,19751,16,16
12072,10782,16,16
12072,12113,16,16
12072,18491,16,16
12099,10274,16,16
12159,13779,16,16
12236,10200,16,16
12236,12573,16,16
12253,10899,16,16
12260,11782,16,16
12260,12050,16,16
12302,10555,16,16
12302,15542,16,16
12343,13135,16,16
12343,24181,16,16
12344,20041,16,16
12510,15448,16,16
12573,16531,16,16
12591,13779,16,16
12645,10561,16,16
12645,15933,16,16
12677,16967,16,16
12678,11404,16,16
12678,101892,16,16
12701,11918,16,16
12711,10297,16,16
12739,159031,16,16
12857,29014,16,16
12858,12159,16,16
12928,10206,16,16
13009,10274,16,16
13009,21373,16,16
13019,11404,16,16
13034,14012,16,16
13034,18385,16,16
13034,27150,16,16
13064,13660,16,16
13153,11069,16,16
13246,12302,16,16
13249,11749,16,16
13288,169911,16,16
13293,10513,16,16
13293,22313,16,16
13301,10312,16,16
13477,15933,16,16
13511,14788,16,16
13511,21334,16,16
13574,14481,16,16
13574,15933,16,16
13612,10474,16,16
13612,11631,16,16
13612,12399,16,16
13641,12790,16,16
13645,11877,16,16
13645,21839,16,16
13709,26734,16,16
13765,11069,16,16
13779,17392,16,16
13779,17715,16,16
13779,21620,16,16
13779,169911,16,16
13782,10196,16,16
13846,16544,16,16
13884,21241,16,16
13908,21649,16,16
14011,18149,16,16
14091,10065,16,16
14091,10445,16,16
14096,17264,16,16
14154,15292,16,16
14196,10960,16,16
14214,18345,16,16
14230,14355,16,16
14230,17264,16,16
14230,17615,16,16
14230,19996,16,16
14259,10547,16,16
14261,153910,16,16
14292,13684,16,16
14352,10890,16,16
14352,16699,16,16
14355,25064,16,16
14389,156783,16,16
14420,10196,16,16
14432,14588,16,16
14432,22006,16,16
14443,101194,16,16
14454,17627,16,16
14454,19678,16,16
14527,13846,16,16
14532,27665,16,16
14588,10227,16,16
14650,12857,16,16
14650,19996,16,16
14650,102493,16,16
14671,11022,16,16
14671,11879,16,16
14707,11416,16,16
14767,10265,16,16
14767,10617,16,16
14767,17018,16,16
14788,17103,16,16
14874,13118,16,16
14884,14454,16,16
14954,21322,16,16
14954,102619,16,16
15034,22198,16,16
15093,24908,16,16
15103,10237,16,16
15115,10722,16,16
15125,13812,16,16
15238,11411,16,16
15331,10568,16,16
15338,10853,16,16
15357,10265,16,16
15448,10460,16,16
15588,10779,16,16
15609,10329,16,16
15609,14454,16,16
15702,10340,16,16
15753,10415,16,16
15845,22198,16,16
15862,12159,16,16
15862,20401,16,16
15862,33168,16,16
15869,15753,16,16
15881,28526,16,16
15888,37220,16,16
15925,15001,16,16
15981,13669,16,16
15981,21120,16,16
16008,13490,16,16
16064,11602,16,16
16067,10755,16,16
16067,20199,16,16
16079,19667,16,16
16176,10876,16,16
16209,21718,16,16
16241,159900,16,16
16328,11936,16,16
16328,18827,16,16
16396,162833,16,16
16512,17742,16,16
16512,20462,16,16
16512,20858,16,16
16617,13109,16,16
16801,22354,16,16
16803,12160,16,16
16987,164298,16,16
17093,13312,16,16
17130,10125,16,16
17150,11514,16,16
17185,10474,16,16
17201,153863,16,16
17264,19751,16,16
17389,100541,16,16
17433,12399,16,16
17433,16067,16,16
17476,11223,16,16
17476,11514,16,16
17498,21335,16,16
17592,11126,16,16
17615,12099,16,16
17615,19886,16,16
17617,13908,16,16
17666,11530,16,16
17742,17607,16,16
17742,17715,16,16
17742,19116,16,16
17757,15322,16,16
17768,19975,16,16
17768,22469,16,16
17910,12891,16,16
18091,25192,16,16
18168,33414,16,16
18192,11041,16,16
18246,24382,16,16
18398,12202,16,16
18413,156857,16,16
18451,13283,16,16
18456,10156,16,16
18456,11678,16,16
18501,11891,16,16
18518,37455,16,16
18520,13283,16,16
18553,12049,16,16
18611,15697,16,16
18680,20407,16,16
18720,15862,16,16
18761,12281,16,16
18809,11357,16,16
18899,10183,16,16
19228,13403,16,16
19351,10468,16,16
19351,17637,16,16
19351,33512,16,16
19372,15105,16,16
19449,24281,16,16
19451,11560,16,16
19638,10133,16,16
19678,12236,16,16
20018,19240,16,16
20018,20683,16,16
20031,10939,16,16
20181,13645,16,16
20285,10237,16,16
20335,10242,16,16
20371,14012,16,16
20407,10668,16,16
20441,21569,16,16
20484,49582,16,16
20654,16097,16,16
20680,18680,16,16
20968,11780,16,16
21020,11223,16,16
21134,22215,16,16
21351,12818,16,16
21368,14004,16,16
21368,14454,16,16
21507,24121,16,16
21519,11023,16,16
21569,22545,16,16
21588,10722,16,16
21605,17637,16,16
21628,16512,16,16
21874,10154,16,16
21885,11529,16,16
21900,14884,16,16
21943,24975,16,16
21958,22985,16,16
22313,15262,16,16
22396,159685,16,16
22515,10826,16,16
22858,10747,16,16
22896,11282,16,16
23054,10474,16,16
23054,10776,16,16
23054,14949,16,16
23240,162543,16,16
23561,10668,16,16
23561,22078,16,16
23573,23954,16,16
23671,10449,16,16
23721,16295,16,16
23722,20092,16,16
23849,15862,16,16
23849,27560,16,16
23924,10561,16,16
23954,17285,16,16
24126,16590,16,16
24128,15034,16,16
24154,14884,16,16
24186,11126,16,16
24217,14596,16,16
24217,15286,16,16
24281,20462,16,16
24355,17607,16,16
24447,10690,16,16
24447,165614,16,16
24453,28627,16,16
24603,10983,16,16
24699,22574,16,16
24700,17894,16,16
24749,11472,16,16
24973,16552,16,16
25052,16419,16,16
25146,11514,16,16
25192,18566,16,16
25199,22446,16,16
25261,11182,16,16
25345,11357,16,16
25352,15307,16,16
25352,28889,16,16
25366,17041,16,16
25585,20484,16,16
25593,10059,16,16
25593,15687,16,16
25593,19690,16,16
25683,10192,16,16
25683,100541,16,16
25692,22417,16,16
25694,20185,16,16
25694,20407,16,16
25836,12443,16,16
25836,23671,16,16
25897,13288,16,16
26039,14004,16,16
26039,17476,16,16
26039,23811,16,16
26039,24154,16,16
26114,166047,16,16
26137,13109,16,16
26137,14884,16,16
26282,13543,16,16
26282,152620,16,16
26358,10366,16,16
26462,20462,16,16
26556,10265,16,16
26626,159900,16,16
26733,16910,16,16
26733,17176,16,16
26733,162539,16,16
26743,28915,16,16
26784,10780,16,16
26792,24331,16,16
26796,12202,16,16
26819,12452,16,16
27021,19690,16,16
27029,18286,16,16
27150,10504,16,16
27195,153863,16,16
27275,12725,16,16
27441,10960,16,16
27610,11704,16,16
27703,15078,16,16
27882,11303,16,16
27891,10123,16,16
27891,13306,16,16
27982,11022,16,16
28224,16122,16,16
28224,18700,16,16
28228,18566,16,16
28396,12711,16,16
28398,12250,16,16
28620,19240,16,16
28627,18513,16,16
28684,14884,16,16
28716,16254,16,16
28833,100725,16,16
28977,19751,16,16
29310,10690,16,16
29817,10468,16,16
29817,25532,16,16
29902,13312,16,16
30809,20645,16,16
32829,19678,16,16
32829,22061,16,16
33610,24975,16,16
35897,13288,16,16
100167,14454,16,16
100167,15697,16,16
100167,22061,16,16
100306,10920,16,16
100352,21944,16,16
101025,154122,16,16
101053,11316,16,16
101194,14443,16,16
101336,12903,16,16
101414,10463,16,16
101414,21322,16,16
102062,12903,16,16
102062,17093,16,16
102493,10274,16,16
102601,25533,16,16
102868,17580,16,16
102924,15262,16,16
152324,14012,16,16
152324,27150,16,16
153509,17392,16,16
153759,13477,16,16
153910,20462,16,16
153995,16241,16,16
154062,18215,16,16
154062,21781,16,16
154062,22329,16,16
154996,11182,16,16
155115,157503,16,16
155809,13104,16,16
156166,12399,16,16
156166,20462,16,16
157260,11282,16,16
157407,15702,16,16
158132,19678,16,16
158242,16241,16,16
159614,20142,16,16
159900,26743,16,16
159959,15625,16,16
159959,18063,16,16
159959,18899,16,16
162539,17345,16,16
162539,162543,16,16
162649,12725,16,16
163638,11289,16,16
164082,28889,16,16
164835,15262,16,16
164835,152620,16,16
165341,154460,16,16
165614,10059,16,16
166983,10513,16,16
10059,13246,17,17
10059,13293,17,17
10065,10206,17,17
10065,13511,17,17
10099,18242,17,17
10107,21322,17,17
10116,11100,17,17
10125,10768,17,17
10125,15234,17,17
10126,10571,17,17
10126,11509,17,17
10126,12452,17,17
10126,28228,17,17
10126,164298,17,17
10133,16385,17,17
10153,10920,17,17
10153,12645,17,17
10153,13477,17,17
10169,10513,17,17
10169,15933,17,17
10184,11926,17,17
10186,22349,17,17
10192,10625,17,17
10192,16696,17,17
10196,11747,17,17
10196,13009,17,17
10198,11602,17,17
10203,30530,17,17
10205,10059,17,17
10205,11415,17,17
10206,12474,17,17
10206,24359,17,17
10206,27275,17,17
10206,156308,17,17
10213,17562,17,17
10217,11030,17,17
10217,13293,17,17
10217,13660,17,17
10227,13318,17,17
10235,14230,17,17
10235,14650,17,17
10235,21718,17,17
10246,11476,17,17
10251,100725,17,17
10268,11195,17,17
10268,11577,17,17
10268,12099,17,17
10274,165341,17,17
10297,15068,17,17
10297,18399,17,17
10312,29187,17,17
10320,10599,17,17
10320,10707,17,17
10332,17881,17,17
10332,173560,17,17
10340,11976,17,17
10340,21958,17,17
10340,23973,17,17
10380,17137,17,17
10384,11819,17,17
10403,61001,17,17
10415,22313,17,17
10415,155532,17,17
10427,11316,17,17
10427,16254,17,17
10427,100139,17,17
10428,12098,17,17
10445,14079,17,17
10449,11653,17,17
10462,13006,17,17
10463,14154,17,17
10463,156308,17,17
10498,18230,17,17
10513,11235,17,17
10534,10265,17,17
10534,10780,17,17
10547,101118,17,17
10554,14076,17,17
10558,12725,17,17
10558,17021,17,17
10562,11529,17,17
10562,12549,17,17
10562,14536,17,17
10562,21120,17,17
10568,26566,17,17
10590,24669,17,17
10599,15782,17,17
10599,18471,17,17
10599,100492,17,17
10604,11423,17,17
10604,21992,17,17
10617,15068,17,17
10617,25885,17,17
10620,10826,17,17
10625,11508,17,17
10640,13904,17,17
10640,18501,17,17
10662,16438,17,17
10673,23716,17,17
10690,10059,17,17
10691,30306,17,17
10707,13905,17,17
10722,19833,17,17
10755,19351,17,17
10768,10059,17,17
10768,10415,17,17
10768,11340,17,17
10771,15910,17,17
10776,11129,17,17
10776,100855,17,17
10794,13511,17,17
10810,13817,17,17
10826,10192,17,17
10884,10173,17,17
10884,29446,17,17
10890,26556,17,17
10920,155644,17,17
10972,156308,17,17
10974,11006,17,17
10979,21519,17,17
10981,11428,17,17
10981,20727,17,17
10983,10604,17,17
10983,14389,17,17
10994,18491,17,17
10994,26556,17,17
10994,176866,17,17
11023,14004,17,17
11026,28551,17,17
11069,16622,17,17
11100,16209,17,17
11100,21718,17,17
11134,21241,17,17
11182,18513,17,17
11187,10229,17,17
11187,11560,17,17
11187,21134,17,17
11187,153910,17,17
11191,159251,17,17
11213,10504,17,17
11223,25345,17,17
11223,162912,17,17
11258,12860,17,17
11264,11062,17,17
11264,11562,17,17
11264,16396,17,17
11282,10118,17,17
11288,17930,17,17
11303,11631,17,17
11319,13300,17,17
11354,16282,17,17
11354,23393,17,17
11354,24698,17,17
11354,166047,17,17
11373,25064,17,17
11406,17947,17,17
11415,18827,17,17
11422,11965,17,17
11422,13318,17,17
11422,18501,17,17
11423,11562,17,17
11425,10692,17,17
11471,10776,17,17
11472,22729,17,17
11514,23104,17,17
11602,10184,17,17
11606,11129,17,17
11606,100855,17,17
11609,11368,17,17
11617,16801,17,17
11653,11129,17,17
11653,11509,17,17
11653,13817,17,17
11678,13574,17,17
11717,14597,17,17
11749,12281,17,17
11772,18663,17,17
11772,22780,17,17
11780,10854,17,17
11782,11766,17,17
11918,20114,17,17
11918,102123,17,17
11934,12605,17,17
11934,21569,17,17
11935,14767,17,17
11935,16699,17,17
11935,152642,17,17
12007,11550,17,17
12050,28884,17,17
12050,29484,17,17
12068,13490,17,17
12068,27552,17,17
12072,14596,17,17
12088,49582,17,17
12151,15322,17,17
12151,16064,17,17
12160,10981,17,17
12187,12739,17,17
12187,13293,17,17
12236,20175,17,17
12250,12338,17,17
12281,10415,17,17
12281,171948,17,17
12302,23716,17,17
12307,11935,17,17
12338,25974,17,17
12343,16079,17,17
12360,12160,17,17
12447,12804,17,17
12452,101219,17,17
12481,20860,17,17
12481,166047,17,17
12515,10568,17,17
12569,12900,17,17
12569,16519,17,17
12591,19884,17,17
12591,27199,17,17
12591,100167,17,17
12596,23671,17,17
12616,96565,17,17
12701,12113,17,17
12769,14076,17,17
12815,11100,17,17
12857,12099,17,17
12860,20837,17,17
12880,157281,17,17
13009,10340,17,17
13013,11223,17,17
13034,157407,17,17
13153,10407,17,17
13206,166326,17,17
13232,26757,17,17
13246,10196,17,17
13253,21900,17,17
13306,20370,17,17
13312,14004,17,17
13312,18720,17,17
13318,25533,17,17
13323,16385,17,17
13333,26390,17,17
13383,10340,17,17
13383,17665,17,17
13605,12368,17,17
13612,12903,17,17
13738,25897,17,17
13779,25477,17,17
13779,26114,17,17
13905,17665,17,17
14012,10329,17,17
14012,17476,17,17
14012,25897,17,17
14012,158754,17,17
14084,10890,17,17
14084,13323,17,17
14084,16306,17,17
14176,14527,17,17
14176,174978,17,17
14214,11368,17,17
14230,14650,17,17
14352,21176,17,17
14355,11129,17,17
14355,166778,17,17
14420,155633,17,17
14432,39721,17,17
14588,15370,17,17
14597,12903,17,17
14617,15881,17,17
14767,10347,17,17
14767,100826,17,17
14941,15798,17,17
14945,14196,17,17
14945,23630,17,17
15027,17177,17,17
15034,11532,17,17
15034,17584,17,17
15062,12591,17,17
15066,18149,17,17
15078,29415,17,17
15115,13246,17,17
15187,13779,17,17
15192,19305,17,17
15207,10200,17,17
15217,16209,17,17
15251,23299,17,17
15357,16987,17,17
15540,12996,17,17
15562,21943,17,17
15565,10433,17,17
15566,13153,17,17
15697,153995,17,17
15741,11507,17,17
15782,10305,17,17
15845,10099,17,17
15845,11195,17,17
15862,11026,17,17
15862,12591,17,17
15862,15187,17,17
15862,20018,17,17
15910,10571,17,17
15913,13738,17,17
15925,14199,17,17
16067,18566,17,17
16067,152857,17,17
16107,10604,17,17
16122,10171,17,17
16122,12312,17,17
16176,164298,17,17
16209,10728,17,17
16306,10561,17,17
16328,25593,17,17
16374,29187,17,17
16385,18439,17,17
16396,18716,17,17
16425,23266,17,17
16425,27552,17,17
16438,10133,17,17
16512,12903,17,17
16512,16824,17,17
16595,15913,17,17
16619,13331,17,17
16622,18717,17,17
16734,16589,17,17
16763,11514,17,17
16801,14613,17,17
16803,17177,17,17
16803,23721,17,17
16883,10332,17,17
17093,14314,17,17
17103,10144,17,17
17150,20645,17,17
17161,28526,17,17
17185,10156,17,17
17185,13318,17,17
17188,12443,17,17
17188,21711,17,17
17201,13671,17,17
17201,14461,17,17
17250,10673,17,17
17345,10332,17,17
17433,29902,17,17
17546,11471,17,17
17562,20142,17,17
17615,17264,17,17
17615,18451,17,17
17617,12151,17,17
17651,12708,17,17
17651,24975,17,17
17742,22328,17,17
17768,11646,17,17
17861,100515,17,17
17910,10884,17,17
17963,18680,17,17
18013,18720,17,17
18192,21866,17,17
18219,10554,17,17
18242,10782,17,17
18242,18591,17,17
18335,10305,17,17
18398,21944,17,17
18411,10169,17,17
18501,154383,17,17
18553,10652,17,17
18611,21897,17,17
18663,18335,17,17
18700,21719,17,17
18720,18013,17,17
18761,12474,17,17
18806,11356,17,17
18842,23371,17,17
18924,24447,17,17
18926,13006,17,17
19056,29689,17,17
19362,21992,17,17
19396,103220,17,17
19590,19975,17,17
19678,17093,17,17
19690,13283,17,17
19718,10427,17,17
19946,10662,17,17
19975,12452,17,17
20018,19004,17,17
20031,100855,17,17
20114,14168,17,17
20181,11336,17,17
20185,14012,17,17
20199,10842,17,17
20335,11780,17,17
20401,26792,17,17
20407,20092,17,17
20441,16295,17,17
20645,16824,17,17
20696,11472,17,17
20898,13339,17,17
20898,15049,17,17
20898,22225,17,17
20898,157407,17,17
20962,15958,17,17
21147,19206,17,17
21297,10237,17,17
21322,17176,17,17
21322,24382,17,17
21368,15862,17,17
21628,16025,17,17
21628,19449,17,17
21637,12342,17,17
21719,10105,17,17
21719,49582,17,17
21915,15093,17,17
22004,11653,17,17
22006,29187,17,17
22075,12573,17,17
22391,22546,17,17
22538,11631,17,17
22919,16295,17,17
22985,10513,17,17
23042,14811,17,17
23100,14295,17,17
23153,11316,17,17
23153,23158,17,17
23220,10171,17,17
23316,10825,17,17
23393,11006,17,17
23393,11511,17,17
23478,11411,17,17
23482,19351,17,17
23580,27321,17,17
23630,23455,17,17
23641,19661,17,17
23716,24181,17,17
23811,24141,17,17
23811,154996,17,17
23839,11182,17,17
23924,11323,17,17
23924,16987,17,17
24202,10554,17,17
24539,13612,17,17
24603,162539,17,17
24699,13899,17,17
24749,11316,17,17
25192,16122,17,17
25239,162543,17,17
25517,12236,17,17
25517,13288,17,17
25588,16025,17,17
25683,10340,17,17
25694,18013,17,17
25848,12236,17,17
25871,18566,17,17
26137,10366,17,17
26304,13738,17,17
26304,20018,17,17
26377,17768,17,17
26462,11904,17,17
26626,15078,17,17
26743,12312,17,17
26792,11822,17,17
26792,29789,17,17
27029,30530,17,17
27055,171761,17,17
27119,12481,17,17
27145,15262,17,17
27362,10200,17,17
27374,153863,17,17
27665,28915,17,17
27752,14654,17,17
27809,14230,17,17
27891,13738,17,17
28122,21620,17,17
28173,13069,17,17
28224,17433,17,17
28252,12790,17,17
28526,11226,17,17
28605,14454,17,17
28743,21719,17,17
28786,14884,17,17
28943,164741,17,17
29817,13738,17,17
29902,18691,17,17
30461,165341,17,17
33414,12096,17,17
33512,10366,17,17
33512,12903,17,17
37455,18680,17,17
37651,10297,17,17
38332,17093,17,17
38332,27891,17,17
39733,11415,17,17
39795,13300,17,17
68570,11182,17,17
68570,100725,17,17
100139,17562,17,17
100167,17742,17,17
100306,13069,17,17
100541,19884,17,17
100554,10620,17,17
101218,18013,17,17
101218,21900,17,17
101336,19915,17,17
101336,25532,17,17
101414,10196,17,17
101414,10692,17,17
101892,11404,17,17
102062,12399,17,17
102062,23482,17,17
102430,24149,17,17
102493,16254,17,17
102868,16425,17,17
102924,154133,17,17
152324,20092,17,17
152620,10866,17,17
152857,18566,17,17
153509,15697,17,17
153943,12605,17,17
154554,28122,17,17
154996,20018,17,17
155077,16617,17,17
155099,16035,17,17
155532,11507,17,17
155685,18385,17,17
156308,10630,17,17
156783,11006,17,17
156928,26796,17,17
157188,13738,17,17
157207,171948,17,17
157414,27891,17,17
159614,23158,17,17
160029,15873,17,17
162539,13782,17,17
162543,160183,17,17
162649,10462,17,17
163342,10662,17,17
163638,166385,17,17
163791,16396,17,17
164383,10510,17,17
165339,25261,17,17
165341,11706,17,17
165341,12761,17,17
174978,11530,17,17
174978,14527,17,17
10051,11965,18,18
10059,10900,18,18
10059,15332,18,18
10065,22825,18,18
10107,10571,18,18
10107,16282,18,18
10107,162912,18,18
10118,10072,18,18
10118,11532,18,18
10118,12891,18,18
10118,16617,18,18
10118,22215,18,18
10118,25181,18,18
10126,10599,18,18
10126,18773,18,18
10126,21507,18,18
10126,24404,18,18
10186,24126,18,18
10192,33414,18,18
10198,12645,18,18
10198,16356,18,18
10203,100826,18,18
10203,152642,18,18
10206,10685,18,18
10206,15250,18,18
10217,13574,18,18
10227,11422,18,18
10229,22858,18,18
10235,19048,18,18
10236,11891,18,18
10237,14230,18,18
10262,11489,18,18
10265,10599,18,18
10265,11935,18,18
10265,15448,18,18
10274,10213,18,18
10297,11416,18,18
10297,15925,18,18
10320,11646,18,18
10342,13397,18,18
10342,14949,18,18
10384,12725,18,18
10415,15933,18,18
10427,15741,18,18
10428,12573,18,18
10449,10564,18,18
10523,15105,18,18
10528,11653,18,18
10561,15608,18,18
10562,156308,18,18
10590,16356,18,18
10590,154903,18,18
10599,20119,18,18
10604,13153,18,18
10604,19848,18,18
10620,10707,18,18
10620,11011,18,18
10620,13782,18,18
10620,23266,18,18
10625,10900,18,18
10625,15623,18,18
10640,154383,18,18
10646,10156,18,18
10673,14176,18,18
10673,26083,18,18
10679,12202,18,18
10679,19667,18,18
10682,10582,18,18
10690,15367,18,18
10691,10559,18,18
10755,158191,18,18
10768,10646,18,18
10780,13543,18,18
10788,10564,18,18
10788,11410,18,18
10826,163719,18,18
10853,16412,18,18
10854,10107,18,18
10883,12725,18,18
10902,11037,18,18
10974,10652,18,18
10981,11976,18,18
10981,21241,18,18
10999,10604,18,18
11006,10564,18,18
11006,20694,18,18
11026,13497,18,18
11029,166337,18,18
11030,11936,18,18
11030,12099,18,18
11052,10213,18,18
11062,10685,18,18
11069,13153,18,18
11069,22827,18,18
11110,12302,18,18
11126,12510,18,18
11133,162543,18,18
11134,14783,18,18
11134,16254,18,18
11152,10354,18,18
11187,10118,18,18
11187,22096,18,18
11224,15862,18,18
11258,10156,18,18
11264,15933,18,18
11282,13115,18,18
11288,17188,18,18
11288,19796,18,18
11288,20365,18,18
11289,29484,18,18
11316,12050,18,18
11316,21612,18,18
11336,14596,18,18
11348,17632,18,18
11356,14788,18,18
11373,10776,18,18
11404,101119,18,18
11406,10347,18,18
11406,11416,18,18
11406,12113,18,18
11415,21718,18,18
11416,16903,18,18
11422,154383,18,18
11423,14079,18,18
11423,27150,18,18
11442,17462,18,18
11442,18215,18,18
11506,10728,18,18
11506,11316,18,18
11506,11404,18,18
11506,101116,18,18
11507,163638,18,18
11514,13627,18,18
11514,15307,18,18
11514,16801,18,18
11514,21719,18,18
11602,12344,18,18
11605,12549,18,18
11640,18246,18,18
11717,10156,18,18
11717,12510,18,18
11747,24747,18,18
11766,11289,18,18
11772,11195,18,18
11772,27275,18,18
11772,154903,18,18
11819,13543,18,18
11819,23742,18,18
11822,10192,18,18
11822,28585,18,18
11872,10768,18,18
11891,10236,18,18
11891,22178,18,18
11904,10460,18,18
11918,11052,18,18
11918,11879,18,18
11918,14084,18,18
11918,18242,18,18
11925,13383,18,18
11925,17721,18,18
11927,22538,18,18
11934,12072,18,18
11934,19372,18,18
11935,11303,18,18
11935,157432,18,18
11936,11976,18,18
12025,14517,18,18
12028,10384,18,18
12028,10685,18,18
12050,10427,18,18
12050,11472,18,18
12072,22825,18,18
12098,17861,18,18
12098,18809,18,18
12098,156857,18,18
12107,11489,18,18
12187,11562,18,18
12236,15609,18,18
12253,11442,18,18
12260,18963,18,18
12360,10453,18,18
12399,100643,18,18
12430,28219,18,18
12447,15006,18,18
12510,12569,18,18
12596,13081,18,18
12616,15869,18,18
12635,11013,18,18
12678,10547,18,18
12701,11400,18,18
12711,10755,18,18
12769,10793,18,18
12819,13009,18,18
12858,10297,18,18
12860,16458,18,18
12900,15093,18,18
12901,11706,18,18
12901,157260,18,18
13081,21711,18,18
13135,11865,18,18
13135,13605,18,18
13246,17665,18,18
13246,171761,18,18
13249,11550,18,18
13293,11918,18,18
13293,14671,18,18
13293,17617,18,18
13293,162649,18,18
13301,13124,18,18
13318,21247,18,18
13477,162649,18,18
13513,13530,18,18
13530,25574,18,18
13574,10513,18,18
13635,10692,18,18
13660,11013,18,18
13660,18663,18,18
13779,19675,18,18
13908,10229,18,18
13925,13397,18,18
14004,27891,18,18
14012,10170,18,18
14012,18720,18,18
14096,17615,18,18
14154,11891,18,18
14164,11927,18,18
14199,13009,18,18
14214,11766,18,18
14214,18860,18,18
14389,12338,18,18
14443,17967,18,18
14481,20667,18,18
14617,10206,18,18
14707,23220,18,18
14788,10972,18,18
15001,11925,18,18
15066,12253,18,18
15066,22858,18,18
15105,10227,18,18
15105,10236,18,18
15105,11891,18,18
15125,15910,18,18
15179,12050,18,18
15187,23104,18,18
15187,23969,18,18
15238,16903,18,18
15338,19963,18,18
15448,10582,18,18
15448,26708,18,18
15546,16589,18,18
15562,10854,18,18
15565,10200,18,18
15609,14004,18,18
15609,16682,18,18
15798,219796,18,18
15850,10073,18,18
15869,11411,18,18
15913,21719,18,18
15925,10625,18,18
16008,19091,18,18
16067,11026,18,18
16067,13612,18,18
16067,15187,18,18
16241,25588,18,18
16412,17177,18,18
16486,21057,18,18
16512,11822,18,18
16512,100167,18,18
16608,11514,18,18
16617,19884,18,18
16682,13306,18,18
16763,14314,18,18
16801,10782,18,18
16899,14096,18,18
16987,16438,18,18
17150,21719,18,18
17155,13383,18,18
17161,39733,18,18
17188,10461,18,18
17188,14076,18,18
17188,21120,18,18
17201,33009,18,18
17284,13779,18,18
17285,15862,18,18
17462,10689,18,18
17498,10890,18,18
17498,11052,18,18
17615,13399,18,18
17615,14848,18,18
17651,16107,18,18
17665,11744,18,18
17757,10780,18,18
17875,13904,18,18
17910,11509,18,18
17963,14650,18,18
18013,10170,18,18
18091,10011,18,18
18116,17389,18,18
18126,10065,18,18
18149,10890,18,18
18242,21264,18,18
18335,18663,18,18
18385,13266,18,18
18399,10625,18,18
18516,11877,18,18
18518,28743,18,18
18520,21718,18,18
18553,10312,18,18
18611,154996,18,18
18663,23973,18,18
18663,24669,18,18
18680,12591,18,18
18700,17284,18,18
18720,12236,18,18
18924,14346,18,18
18926,17632,18,18
19025,22827,18,18
19233,16971,18,18
19351,13530,18,18
19351,22834,18,18
19372,13817,18,18
19678,14454,18,18
19678,21900,18,18
19718,14536,18,18
19833,21189,18,18
19839,10312,18,18
19897,10433,18,18
19975,15049,18,18
20018,15862,18,18
20092,12159,18,18
20328,19091,18,18
20371,10011,18,18
20401,101336,18,18
20420,12616,18,18
20443,49582,18,18
20478,14707,18,18
20645,19351,18,18
20650,23973,18,18
20696,11195,18,18
21147,19758,18,18
21351,11529,18,18
21351,16971,18,18
21373,10242,18,18
21373,13009,18,18
21471,11065,18,18
21471,26083,18,18
21507,10474,18,18
21507,10826,18,18
21620,10755,18,18
21628,18013,18,18
21628,20018,18,18
21628,20185,18,18
21651,17091,18,18
21682,153756,18,18
21821,25146,18,18
21885,10646,18,18
21885,14588,18,18
21900,16622,18,18
21900,20199,18,18
21958,10229,18,18
22004,13081,18,18
22004,17476,18,18
22173,12299,18,18
22210,153836,18,18
22218,10793,18,18
22313,13293,18,18
22538,10779,18,18
22538,12007,18,18
22545,17091,18,18
22774,18774,18,18
23005,11165,18,18
23042,24094,18,18
23054,19056,18,18
23104,23839,18,18
23224,12790,18,18
23251,10737,18,18
23266,26566,18,18
23316,13266,18,18
23316,13353,18,18
23340,25902,18,18
23533,156960,18,18
23573,26743,18,18
23630,10059,18,18
23641,10968,18,18
23641,12549,18,18
23839,20185,18,18
23954,12399,18,18
24141,13513,18,18
24141,28889,18,18
24152,11319,18,18
24197,10134,18,18
24281,20269,18,18
24447,22215,18,18
24883,162833,18,18
25146,10571,18,18
25192,12903,18,18
25192,20645,18,18
25261,28122,18,18
25477,10340,18,18
25517,14884,18,18
25571,18827,18,18
25585,25366,18,18
25683,13246,18,18
25684,10235,18,18
25692,17633,18,18
25694,18691,18,18
25694,28572,18,18
25694,101336,18,18
26137,10073,18,18
26230,11744,18,18
26231,25532,18,18
26231,25897,18,18
26233,12573,18,18
26365,10213,18,18
26387,17041,18,18
26626,25192,18,18
27023,12573,18,18
27029,14168,18,18
27092,45669,18,18
27119,13612,18,18
27145,10866,18,18
27145,152621,18,18
27150,20199,18,18
27374,102954,18,18
27427,10960,18,18
27441,163638,18,18
27532,22215,18,18
27882,10265,18,18
27897,12711,18,18
28173,13434,18,18
28224,11026,18,18
28224,20645,18,18
28224,24154,18,18
28228,12903,18,18
28339,10568,18,18
28396,13109,18,18
28572,19449,18,18
29310,15034,18,18
29310,25402,18,18
29397,11182,18,18
29446,14091,18,18
29743,162912,18,18
29902,27891,18,18
30461,22210,18,18
30466,12711,18,18
30809,17150,18,18
33610,20860,18,18
37455,16241,18,18
37455,33512,18,18
68570,21873,18,18
100139,10065,18,18
100167,19004,18,18
100492,12708,18,18
100492,226276,18,18
100643,10183,18,18
101414,10192,18,18
101892,15798,18,18
102062,12591,18,18
102430,22827,18,18
102601,11115,18,18
102601,13904,18,18
103220,166385,18,18
152324,25422,18,18
152696,152621,18,18
152857,10825,18,18
152857,13288,18,18
153910,17433,18,18
153943,16987,18,18
154122,10433,18,18
154207,10105,18,18
154207,10244,18,18
154383,10200,18,18
155077,14454,18,18
155099,11623,18,18
155809,24603,18,18
156783,11509,18,18
156783,15452,18,18
157260,10564,18,18
157260,18983,18,18
158242,16512,18,18
158245,17476,18,18
162543,14949,18,18
166778,10154,18,18
171761,19092,18,18
171761,20612,18,18
174571,13635,18,18
174978,13645,18,18
10065,14650,19,19
10072,24973,19,19
10099,13124,19,19
10107,10707,19,19
10116,12616,19,19
10118,12159,19,19
10118,14091,19,19
10118,157260,19,19
10125,12769,19,19
10126,12072,19,19
10126,21569,19,19
10134,154133,19,19
10144,15234,19,19
10147,30748,19,19
10153,15819,19,19
10156,10523,19,19
10186,10144,19,19
10192,10826,19,19
10203,10498,19,19
10206,23973,19,19
10213,10237,19,19
10217,10231,19,19
10229,11793,19,19
10231,21915,19,19
10231,23742,19,19
10235,11415,19,19
10235,22215,19,19
10235,163638,19,19
10237,21120,19,19
10242,156857,19,19
10262,16495,19,19
10265,19946,19,19
10297,11059,19,19
10312,15105,19,19
10340,11289,19,19
10372,15819,19,19
10380,20041,19,19
10428,11617,19,19
10431,12769,19,19
10445,11415,19,19
10449,101414,19,19
10453,19074,19,19
10474,11411,19,19
10474,12343,19,19
10513,37220,19,19
10528,11609,19,19
10534,19074,19,19
10554,16356,19,19
10554,19675,19,19
10554,23641,19,19
10554,26282,19,19
10555,10227,19,19
10562,11289,19,19
10562,17930,19,19
10568,26733,19,19
10599,12368,19,19
10646,10236,19,19
10652,10523,19,19
10652,16374,19,19
10679,23054,19,19
10679,102868,19,19
10682,12510,19,19
10682,15093,19,19
10689,20391,19,19
10691,11367,19,19
10722,21322,19,19
10725,13064,19,19
10728,10154,19,19
10771,18566,19,19
10776,10513,19,19
10794,12769,19,19
10884,13641,19,19
10890,11809,19,19
10900,18439,19,19
10960,11282,19,19
10960,11415,19,19
10960,16649,19,19
10974,11865,19,19
10981,10305,19,19
10981,16901,19,19
10983,162543,19,19
10984,11926,19,19
10999,12725,19,19
11006,19996,19,19
11026,14454,19,19
11026,155685,19,19
11030,10960,19,19
11065,10403,19,19
11065,22446,19,19
11110,16883,19,19
11133,10625,19,19
11134,20605,19,19
11195,21782,19,19
11223,24331,19,19
11235,10462,19,19
11264,11029,19,19
11264,15034,19,19
11264,15217,19,19
11340,10184,19,19
11354,11173,19,19
11354,34313,19,19
11373,11747,19,19
11404,17188,19,19
11411,12645,19,19
11416,10118,19,19
11420,10229,19,19
11425,12338,19,19
11442,10787,19,19
11445,18456,19,19
11471,11865,19,19
11493,16228,19,19
11506,51546,19,19
11507,23455,19,19
11509,33414,19,19
11514,10123,19,19
11577,18663,19,19
11617,13064,19,19
11631,11935,19,19
11631,29891,19,19
11646,23839,19,19
11646,28585,19,19
11678,10994,19,19
11717,12447,19,19
11717,15782,19,19
11772,10554,19,19
11772,12804,19,19
11772,18242,19,19
11772,96565,19,19
11819,11926,19,19
11819,12725,19,19
11819,24217,19,19
11891,12049,19,19
11918,11935,19,19
11918,17632,19,19
11925,13009,19,19
11926,10229,19,19
11934,20119,19,19
11934,164298,19,19
11935,159762,19,19
12028,12596,19,19
12068,11780,19,19
12072,11550,19,19
12088,11532,19,19
12088,18827,19,19
12098,11509,19,19
12098,13779,19,19
12118,20114,19,19
12118,102123,19,19
12187,12368,19,19
12202,163719,19,19
12250,20968,19,19
12307,10403,19,19
12307,16519,19,19
12312,18111,19,19
12312,25146,19,19
12312,166326,19,19
12338,10679,19,19
12338,11425,19,19
12343,21471,19,19
12360,16412,19,19
12399,11416,19,19
12412,13819,19,19
12443,19983,19,19
12481,10510,19,19
12481,22967,19,19
12510,18761,19,19
12549,16228,19,19
12549,18491,19,19
12569,10403,19,19
12569,16619,19,19
12573,17715,19,19
12591,33512,19,19
12605,11416,19,19
12678,162868,19,19
12701,10372,19,19
12701,10380,19,19
12701,10780,19,19
12711,23839,19,19
12857,27441,19,19
12880,20269,19,19
12900,11303,19,19
12900,16385,19,19
13009,10555,19,19
13019,11602,19,19
13034,17607,19,19
13064,11069,19,19
13064,15562,19,19
13081,18516,19,19
13115,11706,19,19
13127,12281,19,19
13246,12061,19,19
13249,11926,19,19
13253,19975,19,19
13288,19454,19,19
13306,20175,19,19
13312,14379,19,19
13318,166392,19,19
13339,11223,19,19
13383,10788,19,19
13513,11532,19,19
13530,17037,19,19
13635,22515,19,19
13645,13846,19,19
13660,11392,19,19
13660,18032,19,19
13660,26365,19,19
13779,11904,19,19
13779,16531,19,19
13782,10192,19,19
13905,162543,19,19
13949,14481,19,19
14012,15697,19,19
14012,28627,19,19
14012,28915,19,19
14012,162783,19,19
14084,11126,19,19
14084,11605,19,19
14096,18827,19,19
14214,11006,19,19
14230,10059,19,19
14259,10072,19,19
14389,14949,19,19
14527,154312,19,19
14532,16241,19,19
14555,13574,19,19
14555,15262,19,19
14588,11471,19,19
14588,19963,19,19
14588,27300,19,19
14650,20142,19,19
14707,15049,19,19
14767,24303,19,19
14767,29891,19,19
14941,25836,19,19
15018,152621,19,19
15050,13497,19,19
15062,25995,19,19
15066,22985,19,19
15105,18553,19,19
15115,15251,19,19
15115,171761,19,19
15125,14012,19,19
15125,18611,19,19
15192,15540,19,19
15251,16883,19,19
15307,11514,19,19
15307,12903,19,19
15322,10133,19,19
15448,12639,19,19
15515,16728,19,19
15562,16967,19,19
15569,17185,19,19
15697,19454,19,19
15702,13109,19,19
15753,162649,19,19
15819,10787,19,19
15845,14096,19,19
15881,11289,19,19
16025,20683,19,19
16112,10685,19,19
16122,10433,19,19
16290,11375,19,19
16290,16728,19,19
16306,10582,19,19
16328,10635,19,19
16412,16971,19,19
16425,11640,19,19
16473,13779,19,19
16486,27105,19,19
16595,16067,19,19
16649,10768,19,19
16721,12050,19,19
16721,14091,19,19
16763,10073,19,19
16801,20199,19,19
16803,10810,19,19
16824,14454,19,19
16824,27665,19,19
16987,11303,19,19
17093,22576,19,19
17155,29310,19,19
17176,26566,19,19
17177,10523,19,19
17177,172408,19,19
17188,10449,19,19
17201,16486,19,19
17264,10354,19,19
17342,19590,19,19
17344,12159,19,19
17345,10205,19,19
17462,12447,19,19
17637,154207,19,19
17651,14214,19,19
17665,10332,19,19
17742,18385,19,19
17910,11030,19,19
17910,11640,19,19
17963,13293,19,19
18063,10067,19,19
18335,219796,19,19
18399,15001,19,19
18413,11780,19,19
18413,26566,19,19
18496,18924,19,19
18501,13318,19,19
18518,11918,19,19
18518,20462,19,19
18691,10504,19,19
18809,20443,19,19
19025,18717,19,19
19091,10342,19,19
19116,10755,19,19
19351,26304,19,19
19362,23533,19,19
19372,21651,19,19
19581,12573,19,19
19638,15819,19,19
20185,25532,19,19
20285,10780,19,19
20371,28620,19,19
20478,15125,19,19
20654,12338,19,19
20898,12481,19,19
21134,11023,19,19
21322,13490,19,19
21322,155853,19,19
21351,11445,19,19
21368,17284,19,19
21373,19689,19,19
21560,16067,19,19
21560,18677,19,19
21651,29187,19,19
21897,15697,19,19
21958,14671,19,19
22148,10235,19,19
22173,11065,19,19
22173,13904,19,19
22349,19094,19,19
22469,13377,19,19
22545,21255,19,19
22576,15207,19,19
22834,16025,19,19
22899,11022,19,19
22899,12113,19,19
22967,13109,19,19
23042,12050,19,19
23054,24121,19,19
23166,159959,19,19
23190,14079,19,19
23240,13009,19,19
23312,13266,19,19
23316,10123,19,19
23316,10171,19,19
23316,10755,19,19
23393,10620,19,19
23393,12302,19,19
23478,10558,19,19
23482,49582,19,19
23533,14295,19,19
23573,26231,19,19
23573,27560,19,19
23811,16122,19,19
23811,20401,19,19
23811,26039,19,19
23839,14884,19,19
24121,12202,19,19
24355,27150,19,19
24447,102493,19,19
24453,18677,19,19
24578,12049,19,19
24749,10213,19,19
25239,14176,19,19
25261,12858,19,19
25344,11415,19,19
25406,11749,19,19
25422,10200,19,19
25692,10067,19,19
25808,10105,19,19
25995,10067,19,19
25995,17715,19,19
25995,29000,19,19
26137,20860,19,19
26377,27560,19,19
26462,20199,19,19
26712,17176,19,19
26796,11392,19,19
26796,11780,19,19
27021,10059,19,19
27092,20993,19,19
27199,18566,19,19
27485,10171,19,19
27532,10274,19,19
28122,20993,19,19
28224,17150,19,19
28224,19240,19,19
28228,12591,19,19
28228,14295,19,19
28284,16967,19,19
28368,12113,19,19
28572,14454,19,19
28977,10274,19,19
28977,12761,19,19
29035,12452,19,19
29789,16067,19,19
30530,152642,19,19
31679,19454,19,19
34313,14596,19,19
35897,11026,19,19
38332,13312,19,19
39733,11289,19,19
45669,10244,19,19
100167,14532,19,19
100492,10707,19,19
100563,10690,19,19
101119,11489,19,19
101892,12769,19,19
102062,25897,19,19
102493,10562,19,19
102868,11925,19,19
102868,16008,19,19
152696,10558,19,19
152696,28219,19,19
153102,15262,19,19
154383,18501,19,19
154996,17285,19,19
155654,22198,19,19
156166,10011,19,19
156928,10722,19,19
158245,29817,19,19
158432,10558,19,19
158754,16512,19,19
159614,28252,19,19
159685,27803,19,19
162396,152391,19,19
162539,11925,19,19
162539,12250,19,19
162543,14214,19,19
162543,19771,19,19
165341,17264,19,19
166486,10262,19,19
174571,17651,19,19
10059,14671,20,20
10059,16328,20,20
10065,11678,20,20
10072,15234,20,20
10099,12447,20,20
10107,13905,20,20
10107,16619,20,20
10107,18286,20,20
10118,10590,20,20
10118,11375,20,20
10118,11411,20,20
10118,11918,20,20
10118,15262,20,20
10118,15798,20,20
10118,22822,20,20
10118,23742,20,20
10118,24202,20,20
10126,16801,20,20
10126,26733,20,20
10126,35927,20,20
10173,10116,20,20
10186,11877,20,20
10192,17721,20,20
10196,10568,20,20
10196,17345,20,20
10196,156857,20,20
10198,11400,20,20
10203,14343,20,20
10227,10599,20,20
10231,10883,20,20
10231,22465,20,20
10235,166385,20,20
10262,19094,20,20
10268,10554,20,20
10274,19690,20,20
10274,100139,20,20
10297,24181,20,20
10305,15006,20,20
10305,22218,20,20
10320,162539,20,20
10354,10445,20,20
10427,17264,20,20
10449,10186,20,20
10463,10974,20,20
10471,10999,20,20
10474,11606,20,20
10513,40443,20,20
10528,11319,20,20
10554,17632,20,20
10554,101118,20,20
10562,10427,20,20
10562,11489,20,20
10568,14420,20,20
10590,15062,20,20
10617,14461,20,20
10640,11445,20,20
10646,12049,20,20
10652,18553,20,20
10682,164741,20,20
10691,10453,20,20
10692,10320,20,20
10692,13490,20,20
10707,11013,20,20
10722,24382,20,20
10771,14314,20,20
10771,19675,20,20
10779,10927,20,20
10780,19661,20,20
10791,11411,20,20
10810,13318,20,20
10853,10939,20,20
10854,100515,20,20
10883,14481,20,20
10884,10564,20,20
10890,164298,20,20
10899,10981,20,20
10899,11935,20,20
10902,14954,20,20
10972,11100,20,20
10974,11605,20,20
10979,24202,20,20
10981,11415,20,20
10981,18466,20,20
11006,10728,20,20
11023,11505,20,20
11026,17037,20,20
11030,24447,20,20
11041,10460,20,20
11069,12088,20,20
11069,17768,20,20
11110,15762,20,20
11126,11934,20,20
11134,17374,20,20
11191,219853,20,20
11223,14855,20,20
11258,10388,20,20
11264,13669,20,20
11264,163791,20,20
11289,11976,20,20
11297,11029,20,20
11354,10779,20,20
11354,25064,20,20
11411,165340,20,20
11471,17177,20,20
11493,12549,20,20
11503,10927,20,20
11506,11198,20,20
11511,11011,20,20
11514,10481,20,20
11514,21821,20,20
11514,100541,20,20
11577,10217,20,20
11577,17584,20,20
11605,15562,20,20
11609,18827,20,20
11617,10463,20,20
11623,10125,20,20
11631,18411,20,20
11646,154554,20,20
11766,12815,20,20
11766,21241,20,20
11819,10780,20,20
11819,23371,20,20
11822,11187,20,20
11822,37455,20,20
11865,14824,20,20
11879,11935,20,20
11904,20116,20,20
11918,16004,20,20
11927,15278,20,20
11934,26488,20,20
11976,25052,20,20
12049,11891,20,20
12050,11976,20,20
12050,13884,20,20
12088,10635,20,20
12088,154122,20,20
12107,20365,20,20
12118,14020,20,20
12151,19638,20,20
12160,15105,20,20
12187,10554,20,20
12299,156180,20,20
12302,15762,20,20
12312,154996,20,20
12343,16971,20,20
12343,21569,20,20
12479,13819,20,20
12483,10196,20,20
12605,10617,20,20
12635,18700,20,20
12677,10192,20,20
12678,15649,20,20
12701,11411,20,20
12701,13574,20,20
12701,21958,20,20
12769,10412,20,20
12880,23312,20,20
12901,19718,20,20
13013,14295,20,20
13135,11420,20,20
13135,11442,20,20
13135,12368,20,20
13246,16883,20,20
13253,25995,20,20
13278,10154,20,20
13312,22576,20,20
13323,10876,20,20
13323,10890,20,20
13323,11605,20,20
13323,23948,20,20
13333,11646,20,20
13383,16328,20,20
13477,11926,20,20
13513,22330,20,20
13530,25192,20,20
13530,49582,20,20
13530,102062,20,20
13612,12007,20,20
13660,102601,20,20
13925,23299,20,20
13949,11235,20,20
14011,14876,20,20
14091,15741,20,20
14176,17930,20,20
14230,17562,20,20
14261,23316,20,20
14292,12253,20,20
14292,17910,20,20
14292,18132,20,20
14352,17130,20,20
14352,101194,20,20
14389,11110,20,20
14454,33168,20,20
14617,11373,20,20
14617,12368,20,20
14650,10059,20,20
14707,16801,20,20
14811,10728,20,20
14876,17875,20,20
14884,17633,20,20
15018,18491,20,20
15062,21605,20,20
15062,23328,20,20
15062,24355,20,20
15062,26137,20,20
15068,27195,20,20
15078,14884,20,20
15105,10652,20,20
15105,20441,20,20
15115,160183,20,20
15187,12088,20,20
15187,18513,20,20
15238,14596,20,20
15250,14596,20,20
15251,162543,20,20
15292,18501,20,20
15448,13899,20,20
15609,17433,20,20
15660,10073,20,20
15660,16241,20,20
15697,21628,20,20
15702,20680,20,20
15741,18860,20,20
15753,11602,20,20
15753,17498,20,20
15762,14199,20,20
15862,24141,20,20
15862,158245,20,20
15881,14536,20,20
15913,22576,20,20
16008,11747,20,20
16025,11476,20,20
16064,12151,20,20
16067,13109,20,20
16245,15883,20,20
16328,11766,20,20
16328,158008,20,20
16473,11646,20,20
16473,22740,20,20
16486,22574,20,20
16608,11059,20,20
16619,11303,20,20
16649,11195,20,20
16734,153756,20,20
16910,17176,20,20
16987,10890,20,20
17037,23839,20,20
17130,10134,20,20
17130,10780,20,20
17155,23005,20,20
17161,11226,20,20
17188,19206,20,20
17264,13283,20,20
17285,15913,20,20
17374,12050,20,20
17374,27427,20,20
17389,13779,20,20
17389,156960,20,20
17415,23991,20,20
17433,21900,20,20
17433,31679,20,20
17562,13283,20,20
17580,11780,20,20
17592,11303,20,20
17615,13163,20,20
17615,18440,20,20
17632,24217,20,20
17757,10198,20,20
17881,10196,20,20
17890,13383,20,20
17910,160183,20,20
18013,22576,20,20
18013,154207,20,20
18345,15187,20,20
18411,11297,20,20
18466,24149,20,20
18520,13300,20,20
18663,22780,20,20
18663,23363,20,20
18677,27891,20,20
18680,14884,20,20
18691,14379,20,20
18773,33414,20,20
18806,11606,20,20
18842,13452,20,20
18926,19638,20,20
19056,10826,20,20
19233,10474,20,20
19324,10481,20,20
19351,12903,20,20
19351,19240,20,20
19362,13109,20,20
19372,16295,20,20
19451,10690,20,20
19454,10764,20,20
19463,10582,20,20
19697,155853,20,20
19719,10780,20,20
20018,14532,20,20
20371,28915,20,20
20647,16473,20,20
20650,22780,20,20
20680,30466,20,20
20727,14079,20,20
21507,19056,20,20
21620,13266,20,20
21682,20860,20,20
21687,10787,20,20
21808,10192,20,20
21885,14432,20,20
22313,10169,20,20
22313,13574,20,20
22417,25692,20,20
22515,12202,20,20
22538,11258,20,20
22538,22396,20,20
22538,23948,20,20
22834,49582,20,20
22899,15262,20,20
23042,25052,20,20
23054,10826,20,20
23104,12312,20,20
23266,10196,20,20
23573,20407,20,20
23811,25588,20,20
23811,35109,20,20
23849,10771,20,20
23849,23482,20,20
23849,23573,20,20
23973,11530,20,20
24126,10793,20,20
24128,15217,20,20
24141,21900,20,20
24281,10755,20,20
24355,11904,20,20
24447,10568,20,20
24453,26304,20,20
25052,21241,20,20
25181,11936,20,20
25192,10755,20,20
25192,12399,20,20
25261,15440,20,20
25339,10983,20,20
25345,153756,20,20
25366,18345,20,20
25402,14654,20,20
25517,10011,20,20
25585,12591,20,20
25593,17562,20,20
25694,27560,20,20
25694,27891,20,20
25836,10237,20,20
25871,10297,20,20
25995,19116,20,20
26039,18720,20,20
26039,19351,20,20
26132,15107,20,20
26387,11423,20,20
26757,10229,20,20
26784,27145,20,20
27021,15687,20,20
27021,17562,20,20
27191,10366,20,20
27275,21991,20,20
27575,10433,20,20
27635,13109,20,20
27779,17498,20,20
27891,10510,20,20
27982,11562,20,20
27982,152621,20,20
28224,17476,20,20
28224,22061,20,20
28228,20269,20,20
28238,12236,20,20
28368,13069,20,20
28396,100541,20,20
28684,11514,20,20
28743,13950,20,20
28943,18471,20,20
29397,100725,20,20
30260,12107,20,20
30545,11400,20,20
31215,10460,20,20
32231,10825,20,20
32829,21628,20,20
38332,20175,20,20
39733,11316,20,20
100167,14379,20,20
100167,27321,20,20
100352,10192,20,20
100492,10692,20,20
100492,15115,20,20
100492,17721,20,20
100541,10481,20,20
100563,12479,20,20
100855,10547,20,20
101116,11356,20,20
101118,10747,20,20
101218,21628,20,20
102062,33512,20,20
102493,10173,20,20
153836,11786,20,20
154312,10067,20,20
155654,14230,20,20
157260,24050,20,20
157517,10433,20,20
158019,11891,20,20
158019,18501,20,20
158019,154383,20,20
158132,13738,20,20
158432,10780,20,20
158432,11704,20,20
162539,21588,20,20
163638,19396,20,20
165341,19751,20,20
174571,10599,20,20
10051,20441,21,21
10059,14230,21,21
10059,15115,21,21
10065,10939,21,21
10065,14084,21,21
10099,10625,21,21
10107,12302,21,21
10107,12704,21,21
10107,14597,21,21
10118,11282,21,21
10118,12474,21,21
10118,18566,21,21
10118,22985,21,21
10118,27532,21,21
10125,10793,21,21
10126,11609,21,21
10133,10534,21,21
10154,11195,21,21
10169,10747,21,21
10173,12187,21,21
10186,11530,21,21
10186,12187,21,21
10196,14416,21,21
10205,11706,21,21
10206,10883,21,21
10206,18491,21,21
10206,38690,21,21
10213,11100,21,21
10217,11100,21,21
10229,28173,21,21
10232,11640,21,21
10232,18579,21,21
10235,13884,21,21
10268,12050,21,21
10320,10620,21,21
10332,10854,21,21
10332,15762,21,21
10332,156928,21,21
10340,11529,21,21
10340,15869,21,21
10354,12479,21,21
10354,13819,21,21
10362,10232,21,21
10384,13170,21,21
10403,164741,21,21
10427,17562,21,21
10427,22729,21,21
10431,10793,21,21
10449,11319,21,21
10453,12118,21,21
10481,29431,21,21
10513,11602,21,21
10534,153943,21,21
10534,157503,21,21
10559,11133,21,21
10564,11410,21,21
10599,101414,21,21
10620,21588,21,21
10640,15338,21,21
10689,22391,21,21
10689,101414,21,21
10690,11152,21,21
10722,10692,21,21
10747,12187,21,21
10764,169911,21,21
10776,26282,21,21
10791,10780,21,21
10794,11368,21,21
10794,20650,21,21
10854,23698,21,21
10883,10534,21,21
10883,14649,21,21
10883,20041,21,21
10920,17498,21,21
10920,21649,21,21
10927,10582,21,21
10960,11766,21,21
10960,12857,21,21
10960,19751,21,21
10994,10890,21,21
10999,11319,21,21
11023,21560,21,21
11026,33610,21,21
11030,11062,21,21
11100,10564,21,21
11100,14654,21,21
11134,15741,21,21
11152,18983,21,21
11162,24181,21,21
11187,10329,21,21
11187,28743,21,21
11223,23104,21,21
11223,27199,21,21
11224,13353,21,21
11224,68570,21,21
11258,10498,21,21
11264,11400,21,21
11264,12159,21,21
11264,15262,21,21
11264,21120,21,21
11289,25767,21,21
11316,23158,21,21
11319,11282,21,21
11354,11420,21,21
11354,17890,21,21
11356,20365,21,21
11406,12447,21,21
11416,16699,21,21
11420,15250,21,21
11420,16064,21,21
11423,15049,21,21
11445,11065,21,21
11472,18983,21,21
11472,41933,21,21
11493,11198,21,21
11507,10059,21,21
11507,10564,21,21
11514,21873,21,21
11532,12903,21,21
11532,16241,21,21
11550,28219,21,21
11560,10776,21,21
11577,21782,21,21
11606,42738,21,21
11631,10662,21,21
11640,10332,21,21
11653,22006,21,21
11655,10662,21,21
11747,12202,21,21
11749,10144,21,21
11772,27472,21,21
11819,10994,21,21
11819,23991,21,21
11822,10791,21,21
11822,19590,21,21
11822,27485,21,21
11904,10154,21,21
11926,11879,21,21
11934,22545,21,21
11936,11316,21,21
11936,14783,21,21
11965,219853,21,21
11976,14536,21,21
12061,10555,21,21
12068,11609,21,21
12072,12344,21,21
12072,15018,21,21
12088,17342,21,21
12098,22469,21,21
12159,15187,21,21
12160,12049,21,21
12160,14432,21,21
12260,10728,21,21
12302,10232,21,21
12302,21189,21,21
12343,11006,21,21
12343,11129,21,21
12399,20370,21,21
12510,10403,21,21
12591,24331,21,21
12591,101336,21,21
12605,16699,21,21
12616,26701,21,21
12677,10340,21,21
12711,20462,21,21
12711,28833,21,21
12769,41482,21,21
12769,101116,21,21
12880,25517,21,21
12903,24664,21,21
13013,11514,21,21
13013,22597,21,21
13034,29000,21,21
13081,101119,21,21
13118,17075,21,21
13127,15292,21,21
13127,23363,21,21
13135,14876,21,21
13206,15910,21,21
13232,10118,21,21
13246,10065,21,21
13246,14416,21,21
13249,11400,21,21
13278,11918,21,21
13288,13612,21,21
13288,20269,21,21
13301,12049,21,21
13306,19454,21,21
13312,19351,21,21
13318,26132,21,21
13323,13689,21,21
13323,15778,21,21
13377,10510,21,21
13383,10707,21,21
13383,162543,21,21
13660,14154,21,21
13738,12236,21,21
13779,18385,21,21
13846,11530,21,21
13925,11747,21,21
14011,12447,21,21
14012,17285,21,21
14076,10340,21,21
14091,11062,21,21
14214,12815,21,21
14261,25808,21,21
14295,11822,21,21
14361,15238,21,21
14432,22778,21,21
14443,13669,21,21
14567,11289,21,21
14650,10268,21,21
14650,11766,21,21
14884,25422,21,21
14941,22349,21,21
15066,10462,21,21
15078,11514,21,21
15105,12049,21,21
15125,154207,21,21
15192,18215,21,21
15234,11029,21,21
15251,19771,21,21
15331,17116,21,21
15357,23500,21,21
15391,17857,21,21
15448,17179,21,21
15562,11191,21,21
15588,11865,21,21
15608,17757,21,21
15609,12312,21,21
15660,100167,21,21
15687,16649,21,21
15913,10468,21,21
15925,10604,21,21
15933,10169,21,21
15933,12725,21,21
16008,19056,21,21
16122,12399,21,21
16241,27092,21,21
16328,10679,21,21
16396,21120,21,21
16512,18720,21,21
16512,155077,21,21
16519,15357,21,21
16589,20874,21,21
16622,33610,21,21
16721,11069,21,21
16763,13013,21,21
16803,11609,21,21
16803,13318,21,21
16803,15845,21,21
16803,26712,21,21
16899,12050,21,21
17103,163791,21,21
17155,10480,21,21
17285,20370,21,21
17433,19449,21,21
17498,24908,21,21
17601,10662,21,21
17615,19690,21,21
17651,101414,21,21
17757,18192,21,21
18063,14012,21,21
18132,11657,21,21
18398,19091,21,21
18399,14199,21,21
18411,12474,21,21
18445,23839,21,21
18451,14848,21,21
18496,14230,21,21
18516,13846,21,21
18520,11226,21,21
18520,15720,21,21
18691,13312,21,21
18809,22740,21,21
18842,24217,21,21
18938,16025,21,21
19091,19697,21,21
19240,17742,21,21
19348,29187,21,21
19351,25902,21,21
19590,15307,21,21
19690,13399,21,21
19690,19751,21,21
19718,103220,21,21
20018,14454,21,21
20116,10073,21,21
20253,20839,21,21
20335,10854,21,21
20401,13312,21,21
20443,15050,21,21
20645,20018,21,21
20650,18663,21,21
20839,14482,21,21
20858,13333,21,21
20993,13266,21,21
21120,16396,21,21
21322,14954,21,21
21351,12160,21,21
21368,17037,21,21
21373,17826,21,21
21507,18773,21,21
21651,154769,21,21
21808,10205,21,21
21915,10231,21,21
21915,10900,21,21
21915,16519,21,21
22006,21255,21,21
22178,13904,21,21
22391,14346,21,21
22397,15049,21,21
22417,15913,21,21
22568,28889,21,21
22858,10534,21,21
22919,10236,21,21
22939,10927,21,21
22993,162543,21,21
23042,11282,21,21
23054,10340,21,21
23199,11904,21,21
23199,13612,21,21
23199,29000,21,21
23218,16519,21,21
23251,11065,21,21
23374,10213,21,21
23393,11744,21,21
23431,10192,21,21
23641,27145,21,21
23671,10237,21,21
23811,13288,21,21
23839,18013,21,21
23849,25694,21,21
23973,10449,21,21
23991,12113,21,21
24181,23716,21,21
24202,10297,21,21
24281,10105,21,21
24908,10682,21,21
25261,15207,21,21
25345,166047,21,21
25477,16241,21,21
25517,10105,21,21
25517,10755,21,21
25593,27441,21,21
25694,20484,21,21
25694,23849,21,21
25848,10246,21,21
25902,10571,21,21
26039,23954,21,21
26137,10340,21,21
26377,10771,21,21
26462,17433,21,21
26462,22960,21,21
26717,13009,21,21
27002,14649,21,21
27300,10853,21,21
27427,10173,21,21
27485,17285,21,21
27532,11226,21,21
27560,18720,21,21
27752,14945,21,21
27891,12903,21,21
28224,21628,21,21
28224,27665,21,21
28228,10366,21,21
28228,13377,21,21
28228,22078,21,21
28396,15913,21,21
28572,100167,21,21
28684,13738,21,21
28701,100725,21,21
28786,101336,21,21
28833,14884,21,21
28915,19915,21,21
29415,10200,21,21
29817,19449,21,21
29817,20018,21,21
30260,25836,21,21
30809,19240,21,21
32231,16801,21,21
32829,14004,21,21
33168,18720,21,21
37065,10635,21,21
38332,13109,21,21
45669,15910,21,21
76087,49886,21,21
100139,15741,21,21
100492,10826,21,21
100563,19451,21,21
101025,23220,21,21
101116,13511,21,21
101194,10051,21,21
101218,11476,21,21
101892,11623,21,21
102062,101336,21,21
102493,14811,21,21
102868,20612,21,21
152324,14379,21,21
152324,20751,21,21
153836,18451,21,21
154996,13288,21,21
155077,16763,21,21
155532,12677,21,21
162539,15149,21,21
162543,11640,21,21
162543,17665,21,21
163342,10890,21,21
163638,21718,21,21
165339,10668,21,21
166778,10590,21,21
166983,10747,21,21
186215,17890,21,21
10059,10547,22,22
10059,14617,22,22
10059,17462,22,22
10065,14230,22,22
10065,24975,22,22
10072,12596,22,22
10072,14941,22,22
10107,12708,22,22
10107,14176,22,22
10107,17857,22,22
10107,22173,22,22
10107,26566,22,22
10118,10782,22,22
10125,19796,22,22
10126,164741,22,22
10144,100855,22,22
10153,14773,22,22
10156,11182,22,22
10169,15262,22,22
10196,11133,22,22
10196,19697,22,22
10198,10780,22,22
10206,10072,22,22
10206,10673,22,22
10227,11367,22,22
10229,11562,22,22
10235,13819,22,22
10265,101194,22,22
10274,41933,22,22
10320,10342,22,22
10332,16425,22,22
10332,100515,22,22
10354,10235,22,22
10412,12099,22,22
10445,25344,22,22
10471,10604,22,22
10582,11410,22,22
10590,16903,22,22
10599,11373,22,22
10604,11069,22,22
10604,13765,22,22
10679,15115,22,22
10679,24181,22,22
10691,10810,22,22
10691,15105,22,22
10728,11282,22,22
10755,14012,22,22
10794,26757,22,22
10810,11717,22,22
10826,11258,22,22
10884,10635,22,22
10884,14945,22,22
10900,11605,22,22
10920,10415,22,22
10981,11704,22,22
10981,12159,22,22
10981,12996,22,22
10981,18116,22,22
10984,166983,22,22
10994,12585,22,22
11065,10051,22,22
11134,13283,22,22
11187,17389,22,22
11187,19362,22,22
11187,37455,22,22
11195,14811,22,22
11195,19718,22,22
11223,11059,22,22
11258,11303,22,22
11282,15446,22,22
11289,11282,22,22
11319,10673,22,22
11323,14226,22,22
11340,17757,22,22
11404,11877,22,22
11420,10902,22,22
11423,13669,22,22
11423,19590,22,22
11442,11375,22,22
11472,20572,22,22
11493,10927,22,22
11507,11289,22,22
11507,14230,22,22
11514,10183,22,22
11550,15262,22,22
11577,20650,22,22
11577,101118,22,22
11602,15322,22,22
11605,11316,22,22
11609,11030,22,22
11631,10347,22,22
11653,23716,22,22
11709,10213,22,22
11772,14091,22,22
11772,30260,22,22
11872,16209,22,22
11965,10156,22,22
11976,11134,22,22
12007,17947,22,22
12068,11744,22,22
12072,10968,22,22
12088,14196,22,22
12099,11226,22,22
12118,15278,22,22
12151,12281,22,22
12151,30260,22,22
12151,101116,22,22
12160,219853,22,22
12236,23969,22,22
12250,18412,22,22
12260,11766,22,22
12302,13782,22,22
12312,15062,22,22
12312,18345,22,22
12399,11182,22,22
12447,10198,22,22
12452,10183,22,22
12510,11935,22,22
12573,10105,22,22
12616,10305,22,22
12616,11282,22,22
12708,11110,22,22
12815,12769,22,22
12815,15006,22,22
12815,24973,22,22
12901,12050,22,22
13064,15062,22,22
13081,16544,22,22
13081,20462,22,22
13081,155099,22,22
13118,10504,22,22
13127,24973,22,22
13206,169911,22,22
13246,15251,22,22
13249,11606,22,22
13253,20185,22,22
13253,100541,22,22
13312,18691,22,22
13353,13377,22,22
13513,22568,22,22
13612,16025,22,22
13612,19915,22,22
13645,22545,22,22
13724,15446,22,22
13779,15187,22,22
13779,21682,22,22
13846,12281,22,22
13884,10979,22,22
14004,10854,22,22
14084,16385,22,22
14084,22446,22,22
14096,11936,22,22
14176,10072,22,22
14230,13641,22,22
14230,15741,22,22
14259,102601,22,22
14261,20462,22,22
14432,11471,22,22
14432,19963,22,22
14443,23924,22,22
14454,12573,22,22
14567,21674,22,22
14617,11129,22,22
14671,11918,22,22
14671,19661,22,22
14788,10630,22,22
14811,17584,22,22
14954,24382,22,22
14954,155853,22,22
15050,10123,22,22
15115,20391,22,22
15187,19975,22,22
15192,17179,22,22
15192,33009,22,22
15238,11793,22,22
15251,10205,22,22
15251,10707,22,22
15292,13157,22,22
15331,10504,22,22
15331,13232,22,22
15391,11357,22,22
15546,22740,22,22
15562,10312,22,22
15649,101116,22,22
15697,17715,22,22
15741,14096,22,22
15753,158109,22,22
15845,11152,22,22
15862,30487,22,22
15881,10690,22,22
15979,10200,22,22
16025,19351,22,22
16067,13530,22,22
16067,100541,22,22
16254,11472,22,22
16306,17116,22,22
16328,28526,22,22
16385,14468,22,22
16396,17930,22,22
16486,17894,22,22
16512,13109,22,22
16512,13779,22,22
16512,152857,22,22
16531,10755,22,22
16721,10554,22,22
17103,24669,22,22
17130,15262,22,22
17155,13318,22,22
17161,10445,22,22
17185,13064,22,22
17188,13846,22,22
17250,11560,22,22
17250,23161,22,22
17374,11152,22,22
17476,16824,22,22
17584,21718,22,22
17607,10755,22,22
17665,16883,22,22
17721,10192,22,22
17861,155633,22,22
17875,11065,22,22
17963,10407,22,22
17963,24141,22,22
18240,20119,22,22
18242,13797,22,22
18335,14076,22,22
18345,19581,22,22
18411,12281,22,22
18411,18761,22,22
18445,16617,22,22
18553,17091,22,22
18611,19240,22,22
18663,20650,22,22
18680,12236,22,22
18680,22967,22,22
18691,13612,22,22
18691,19675,22,22
18700,11514,22,22
18700,16824,22,22
18761,12645,22,22
18806,11368,22,22
19324,10147,22,22
19396,11706,22,22
19451,15446,22,22
19463,10662,22,22
19590,23533,22,22
19678,19449,22,22
19690,14848,22,22
19719,20285,22,22
20012,24149,22,22
20185,22576,22,22
20199,10433,22,22
20253,154109,22,22
20371,15697,22,22
20371,25192,22,22
20407,15697,22,22
20407,25192,22,22
20443,15187,22,22
20484,15697,22,22
20484,23340,22,22
20683,10067,22,22
20727,12159,22,22
21373,10620,22,22
21373,11640,22,22
21373,19056,22,22
21507,10340,22,22
21507,156857,22,22
21588,12704,22,22
21605,24149,22,22
21628,16824,22,22
21628,18720,22,22
21682,24975,22,22
21821,157414,22,22
21915,152620,22,22
22178,18501,22,22
22210,14355,22,22
22515,12096,22,22
22538,22939,22,22
22834,17633,22,22
23042,18983,22,22
23054,13490,22,22
23158,12790,22,22
23190,15049,22,22
23393,26566,22,22
23561,10329,22,22
23561,13530,22,22
23561,20269,22,22
23671,10972,22,22
23811,26304,22,22
23991,11550,22,22
24217,15262,22,22
24303,11631,22,22
24382,12096,22,22
24447,10232,22,22
24578,10236,22,22
24765,13157,22,22
24908,10561,22,22
25406,11550,22,22
25593,17615,22,22
25694,20371,22,22
25848,22967,22,22
25897,12236,22,22
26039,101218,22,22
26233,15307,22,22
26282,152621,22,22
26377,11476,22,22
26462,153910,22,22
26733,10620,22,22
26784,10562,22,22
26796,18579,22,22
27021,14091,22,22
27119,49582,22,22
27145,13069,22,22
27300,10640,22,22
27362,10433,22,22
27560,13738,22,22
27665,10105,22,22
27779,15262,22,22
28051,10342,22,22
28228,10171,22,22
28551,13738,22,22
28572,16067,22,22
28572,16241,22,22
28572,18013,22,22
28716,10960,22,22
28743,10510,22,22
29000,20462,22,22
29310,22198,22,22
29891,11927,22,22
30260,16590,22,22
30260,100855,22,22
30466,13109,22,22
30487,18938,22,22
30487,21628,22,22
30545,11550,22,22
31630,163638,22,22
32829,18720,22,22
33168,19678,22,22
36180,10599,22,22
38332,101336,22,22
100306,10134,22,22
100492,10196,22,22
100492,10242,22,22
100554,12250,22,22
100563,15446,22,22
100855,24126,22,22
101053,13115,22,22
101116,11297,22,22
101116,101118,22,22
101218,19449,22,22
102493,12815,22,22
102868,15762,22,22
102868,155853,22,22
152857,12236,22,22
153509,33610,22,22
153995,10825,22,22
154312,13986,22,22
155099,102786,22,22
160183,11780,22,22
162539,10205,22,22
162649,10134,22,22
163638,14824,22,22
186215,15001,22,22
10065,14292,23,23
10107,12096,23,23
10107,13153,23,23
10107,26488,23,23
10118,10974,23,23
10118,11653,23,23
10118,13013,23,23
10118,21134,23,23
10126,23721,23,23
10133,12007,23,23
10153,13069,23,23
10153,37220,23,23
10153,153102,23,23
10154,11282,23,23
10183,29350,23,23
10186,175327,23,23
10196,21944,23,23
10198,16064,23,23
10213,10427,23,23
10213,14091,23,23
10213,17264,23,23
10217,10899,23,23
10217,13908,23,23
10231,12701,23,23
10236,154769,23,23
10242,17345,23,23
10274,11392,23,23
10274,18983,23,23
10297,10265,23,23
10297,17890,23,23
10305,100855,23,23
10340,10794,23,23
10342,10722,23,23
10380,13069,23,23
10453,13689,23,23
10471,22446,23,23
10481,30748,23,23
10498,61001,23,23
10504,11375,23,23
10504,162912,23,23
10523,172408,23,23
10534,30530,23,23
10562,11428,23,23
10562,19206,23,23
10590,10513,23,23
10590,11653,23,23
10604,11223,23,23
10617,12759,23,23
10625,15105,23,23
10625,15192,23,23
10630,171055,23,23
10673,14767,23,23
10685,14076,23,23
10691,11965,23,23
10747,18335,23,23
10768,11530,23,23
10771,17715,23,23
10776,18663,23,23
10779,12072,23,23
10899,10617,23,23
10939,18456,23,23
10960,10690,23,23
10974,10227,23,23
10981,16035,23,23
10984,17617,23,23
11023,16630,23,23
11041,18286,23,23
11052,10568,23,23
11069,11223,23,23
11100,10568,23,23
11100,11410,23,23
11126,10981,23,23
11126,164298,23,23
11165,10236,23,23
11165,11065,23,23
11187,11030,23,23
11224,22397,23,23
11258,14443,23,23
11288,10630,23,23
11319,14824,23,23
11323,12585,23,23
11336,24197,23,23
11354,11059,23,23
11354,27029,23,23
11373,11165,23,23
11373,11511,23,23
11423,10407,23,23
11493,27982,23,23
11503,12616,23,23
11506,13500,23,23
11506,38223,23,23
11507,15741,23,23
11530,10461,23,23
11609,13511,23,23
11631,17130,23,23
11640,162539,23,23
11772,10968,23,23
11793,13069,23,23
11819,27002,23,23
11872,11282,23,23
11872,14811,23,23
11925,11744,23,23
11926,10262,23,23
11926,152696,23,23
11927,14020,23,23
11955,19667,23,23
12007,10534,23,23
12049,219853,23,23
12072,21915,23,23
12088,15187,23,23
12098,11646,23,23
12118,14443,23,23
12151,11749,23,23
12151,12430,23,23
12187,11022,23,23
12302,14954,23,23
12302,24181,23,23
12307,10582,23,23
12312,15125,23,23
12312,21620,23,23
12343,17546,23,23
12343,24076,23,23
12344,11400,23,23
12510,20114,23,23
12573,15910,23,23
12573,49582,23,23
12616,11288,23,23
12616,20365,23,23
12645,152696,23,23
12677,11100,23,23
12678,12596,23,23
12701,15250,23,23
12711,15702,23,23
12769,12187,23,23
12815,22218,23,23
12860,11935,23,23
12903,45669,23,23
13064,11022,23,23
13124,12007,23,23
13135,12447,23,23
13135,13124,23,23
13135,15238,23,23
13206,25219,23,23
13232,16004,23,23
13246,15115,23,23
13246,160183,23,23
13266,10755,23,23
13293,14481,23,23
13318,14850,23,23
13318,27711,23,23
13333,15391,23,23
13427,152620,23,23
13497,10073,23,23
13574,17617,23,23
13605,12483,23,23
13635,11865,23,23
13641,20142,23,23
13660,17584,23,23
13660,22780,23,23
13709,14626,23,23
13812,13013,23,23
14096,10232,23,23
14261,20683,23,23
14292,11368,23,23
14292,12368,23,23
14352,10779,23,23
14379,13288,23,23
14389,17861,23,23
14413,15049,23,23
14420,18579,23,23
14454,24141,23,23
14532,10170,23,23
14588,14432,23,23
14588,22778,23,23
14650,22391,23,23
14767,15278,23,23
14788,14941,23,23
14811,11282,23,23
15062,23199,23,23
15093,15357,23,23
15192,16839,23,23
15251,14416,23,23
15370,15107,23,23
15540,16486,23,23
15542,11657,23,23
15566,11423,23,23
15569,19233,23,23
15609,10825,23,23
15609,12903,23,23
15609,15078,23,23
15660,25532,23,23
15697,25477,23,23
15753,20667,23,23
15753,152696,23,23
15762,17546,23,23
15862,23839,23,23
16067,12591,23,23
16067,20462,23,23
16067,23340,23,23
16067,28786,23,23
16079,11471,23,23
16176,27882,23,23
16438,157429,23,23
16438,162912,23,23
16486,17391,23,23
16544,11530,23,23
16608,156960,23,23
16696,10854,23,23
16803,10474,23,23
16803,13782,23,23
16883,17345,23,23
17021,11793,23,23
17103,18335,23,23
17285,14379,23,23
17415,13452,23,23
17433,20683,23,23
17562,10354,23,23
18219,12567,23,23
18230,15357,23,23
18240,18456,23,23
18246,10192,23,23
18456,19372,23,23
18516,10110,23,23
18520,12790,23,23
18520,13163,23,23
18691,22576,23,23
18774,21674,23,23
18806,12187,23,23
18860,21674,23,23
18938,10460,23,23
19004,16241,23,23
19091,20328,23,23
19233,13511,23,23
19409,10890,23,23
19590,12573,23,23
19689,11780,23,23
19690,10232,23,23
19963,15338,23,23
19975,14707,23,23
20012,10340,23,23
20092,14079,23,23
20181,11623,23,23
20441,22545,23,23
20478,12452,23,23
20781,13009,23,23
20858,12342,23,23
20898,14012,23,23
21120,11530,23,23
21368,11505,23,23
21628,22576,23,23
21866,18192,23,23
21992,14295,23,23
22218,10972,23,23
22313,10747,23,23
22330,12342,23,23
22515,17721,23,23
22538,10133,23,23
22546,12567,23,23
22780,23363,23,23
22786,10347,23,23
22827,17637,23,23
22858,11926,23,23
23164,49582,23,23
23190,17041,23,23
23199,10504,23,23
23312,10171,23,23
23340,20645,23,23
23393,10205,23,23
23393,10707,23,23
23431,18399,23,23
23561,10171,23,23
23573,20371,23,23
23580,14533,23,23
23580,155684,23,23
23811,27321,23,23
23839,28889,23,23
23948,14443,23,23
23954,10170,23,23
24076,11747,23,23
24094,11415,23,23
24141,19449,23,23
24152,10590,23,23
24281,12312,23,23
24404,10662,23,23
24453,29817,23,23
24539,12312,23,23
24539,16122,23,23
25344,14536,23,23
25532,10755,23,23
26039,16512,23,23
26304,11514,23,23
26419,11319,23,23
26819,10407,23,23
27021,11319,23,23
27374,16286,23,23
27610,10198,23,23
27665,152857,23,23
27897,33512,23,23
28122,13538,23,23
28173,10866,23,23
28238,20018,23,23
28396,101219,23,23
28572,16512,23,23
28572,16824,23,23
28684,25532,23,23
28786,16241,23,23
28915,13738,23,23
28915,25192,23,23
29035,12098,23,23
29400,100725,23,23
30260,101892,23,23
30466,10825,23,23
30487,19678,23,23
30951,23057,23,23
31630,11709,23,23
32231,12711,23,23
37267,12903,23,23
68570,16630,23,23
76087,13118,23,23
100554,10707,23,23
100643,10147,23,23
101025,16155,23,23
101053,14536,23,23
101218,15862,23,23
101414,18412,23,23
102062,27891,23,23
102493,11289,23,23
102493,21519,23,23
152391,19884,23,23
152696,17947,23,23
154062,20804,23,23
154312,49582,23,23
155654,13641,23,23
157260,11152,23,23
159614,10427,23,23
160183,12708,23,23
162543,10196,23,23
162543,101043,23,23
162649,10169,23,23
162783,10244,23,23
163342,14084,23,23
163638,19048,23,23
165061,11877,23,23
165341,10564,23,23
10059,10779,24,24
10059,11925,24,24
10107,10981,24,24
10107,23431,24,24
10107,152642,24,24
10116,10305,24,24
10118,18663,24,24
10126,13135,24,24
10126,15609,24,24
10126,16097,24,24
10133,11935,24,24
10154,25892,24,24
10169,15286,24,24
10183,30748,24,24
10186,24443,24,24
10198,10231,24,24
10205,11023,24,24
10213,11226,24,24
10213,12567,24,24
10229,12193,24,24
10236,15105,24,24
10237,14076,24,24
10246,12858,24,24
10262,19796,24,24
10297,19667,24,24
10297,22173,24,24
10354,24749,24,24
10384,13069,24,24
10403,15712,24,24
10403,25885,24,24
10403,34313,24,24
10427,14783,24,24
10431,10685,24,24
10449,10590,24,24
10463,16035,24,24
10523,17177,24,24
10561,13434,24,24
10562,11297,24,24
10582,10559,24,24
10590,11562,24,24
10599,10604,24,24
10599,21569,24,24
10604,17342,24,24
10617,164741,24,24
10625,10133,24,24
10662,10571,24,24
10682,10133,24,24
10690,15741,24,24
10692,102619,24,24
10776,10568,24,24
10810,25212,24,24
10876,10682,24,24
10883,165340,24,24
10890,10779,24,24
10899,24181,24,24
10927,12007,24,24
10983,13009,24,24
10994,12193,24,24
10999,13241,24,24
11026,152391,24,24
11030,163791,24,24
11110,14416,24,24
11191,10652,24,24
11191,154383,24,24
11262,156960,24,24
11264,11173,24,24
11264,14076,24,24
11319,13163,24,24
11323,14468,24,24
11336,156308,24,24
11411,13069,24,24
11416,100725,24,24
11420,15066,24,24
11445,10652,24,24
11471,19091,24,24
11472,20673,24,24
11493,26238,24,24
11506,10372,24,24
11506,11195,24,24
11509,24382,24,24
11532,49582,24,24
11560,10884,24,24
11605,13232,24,24
11609,12050,24,24
11617,20683,24,24
11646,12312,24,24
11653,26083,24,24
11704,13434,24,24
11717,13323,24,24
11744,10854,24,24
11772,18491,24,24
11891,158019,24,24
11918,11819,24,24
11936,25892,24,24
12050,14650,24,24
12050,18827,24,24
12061,21189,24,24
12068,10332,24,24
12151,10920,24,24
12151,18192,24,24
12187,10144,24,24
12253,14292,24,24
12281,10547,24,24
12281,10793,24,24
12299,15370,24,24
12312,155684,24,24
12360,10810,24,24
12399,20751,24,24
12412,26717,24,24
12481,11223,24,24
12483,11152,24,24
12569,11323,24,24
12573,16617,24,24
12573,22078,24,24
12678,14941,24,24
12678,23671,24,24
12708,11006,24,24
12739,18215,24,24
12860,18286,24,24
13013,27411,24,24
13064,26784,24,24
13135,10206,24,24
13135,11373,24,24
13206,10764,24,24
13246,14214,24,24
13246,15762,24,24
13246,20391,24,24
13249,10685,24,24
13301,14164,24,24
13306,10782,24,24
13323,18439,24,24
13377,10755,24,24
13477,11411,24,24
13477,11793,24,24
13511,101892,24,24
13513,13765,24,24
13530,10504,24,24
13538,10123,24,24
13612,13109,24,24
13645,13746,24,24
13709,14571,24,24
13779,12098,24,24
13779,12452,24,24
14011,10826,24,24
14011,11129,24,24
14011,11442,24,24
14096,18089,24,24
14314,10571,24,24
14389,12250,24,24
14416,18579,24,24
14454,20484,24,24
14555,10229,24,24
14671,13574,24,24
14707,20683,24,24
14707,49582,24,24
14767,14020,24,24
15018,13170,24,24
15034,14811,24,24
15066,22313,24,24
15115,12061,24,24
15115,12302,24,24
15115,14214,24,24
15125,15187,24,24
15192,14597,24,24
15192,18373,24,24
15192,22329,24,24
15207,10123,24,24
15217,14091,24,24
15307,13779,24,24
15370,26132,24,24
15448,153863,24,24
15542,11392,24,24
15609,14532,24,24
15649,14259,24,24
15687,103220,24,24
15697,16067,24,24
15753,12193,24,24
15753,13908,24,24
15762,11747,24,24
15845,12815,24,24
15862,13530,24,24
16079,10722,24,24
16176,28943,24,24
16209,11226,24,24
16385,12585,24,24
16396,11530,24,24
16486,15577,24,24
16512,19678,24,24
16544,11877,24,24
16590,10125,24,24
16595,16512,24,24
16987,10265,24,24
17103,21120,24,24
17155,12072,24,24
17185,10779,24,24
17188,16396,24,24
17207,21885,24,24
17264,13399,24,24
17345,16883,24,24
17462,15238,24,24
17546,10826,24,24
17562,11709,24,24
17607,13266,24,24
17861,11780,24,24
17963,23839,24,24
18168,10192,24,24
18192,17757,24,24
18219,16869,24,24
18445,12159,24,24
18518,17389,24,24
18573,19324,24,24
18677,10468,24,24
19116,13266,24,24
19451,10059,24,24
19690,10354,24,24
20080,10236,24,24
20114,11303,24,24
20391,11657,24,24
20401,14884,24,24
20696,12567,24,24
21297,11356,24,24
21373,18773,24,24
22004,10170,24,24
22218,10384,24,24
22545,29187,24,24
22858,11411,24,24
23190,11423,24,24
23431,21322,24,24
23561,10105,24,24
23573,16857,24,24
23580,20401,24,24
23580,21560,24,24
23849,16512,24,24
23878,20860,24,24
23924,10779,24,24
23948,13118,24,24
24076,11511,24,24
24281,10297,24,24
24453,25588,24,24
24908,11065,24,24
25345,24975,24,24
25836,10412,24,24
25871,20462,24,24
26039,11026,24,24
26039,14532,24,24
26039,20401,24,24
26177,17637,24,24
26285,11423,24,24
26358,18566,24,24
26594,17179,24,24
27092,13339,24,24
27119,10468,24,24
27665,10011,24,24
27779,11704,24,24
27882,11809,24,24
27891,10073,24,24
27891,14884,24,24
28228,10510,24,24
28368,13434,24,24
28551,14884,24,24
29310,16254,24,24
29902,16025,24,24
29902,17093,24,24
30260,10144,24,24
30487,13288,24,24
30487,19240,24,24
31215,10825,24,24
31630,10960,24,24
33610,156960,24,24
100139,11709,24,24
100139,16899,24,24
100554,102868,24,24
101116,10461,24,24
101116,30260,24,24
101218,18677,24,24
153759,152620,24,24
153995,10340,24,24
154996,10571,24,24
155099,16552,24,24
158245,21560,24,24
158245,154996,24,24
163638,16400,24,24
165061,11530,24,24
166486,10415,24,24
10051,12160,25,25
10059,15452,25,25
10059,15806,25,25
10065,11934,25,25
10072,11100,25,25
10072,12281,25,25
10072,162830,25,25
10107,10388,25,25
10107,10625,25,25
10107,10640,25,25
10107,19372,25,25
10116,10793,25,25
10118,30260,25,25
10125,11288,25,25
10126,11375,25,25
10126,16971,25,25
10126,26137,25,25
10134,11400,25,25
10144,20365,25,25
10186,16495,25,25
10186,24883,25,25
10192,10722,25,25
10198,10169,25,25
10203,15712,25,25
10206,11793,25,25
10229,102924,25,25
10242,19697,25,25
10262,15798,25,25
10262,162833,25,25
10274,11152,25,25
10274,18451,25,25
10274,21612,25,25
10297,10876,25,25
10297,18286,25,25
10312,10523,25,25
10403,17130,25,25
10415,10534,25,25
10415,100306,25,25
10554,11609,25,25
10554,18491,25,25
10558,155644,25,25
10568,10692,25,25
10590,13511,25,25
10590,18663,25,25
10617,100826,25,25
10625,19372,25,25
10635,10154,25,25
10673,10463,25,25
10685,10125,25,25
10692,24382,25,25
10722,10826,25,25
10776,10791,25,25
10780,10462,25,25
10780,26883,25,25
10793,14076,25,25
10794,100855,25,25
10853,154383,25,25
10854,15149,25,25
10890,10133,25,25
10899,18809,25,25
10972,11877,25,25
11006,10445,25,25
11006,12050,25,25
11026,11013,25,25
11026,13006,25,25
11026,23164,25,25
11026,158191,25,25
11030,11749,25,25
11030,12567,25,25
11052,10564,25,25
11062,11288,25,25
11062,11606,25,25
11062,16590,25,25
11066,10673,25,25
11066,16617,25,25
11066,20462,25,25
11100,10554,25,25
11100,14811,25,25
11126,17601,25,25
11129,10523,25,25
11129,11422,25,25
11133,12515,25,25
11134,22729,25,25
11162,11609,25,25
11162,13782,25,25
11187,24141,25,25
11187,28833,25,25
11223,101025,25,25
11264,11126,25,25
11288,11877,25,25
11288,41482,25,25
11297,16590,25,25
11319,10213,25,25
11348,21958,25,25
11354,16987,25,25
11356,12677,25,25
11420,164835,25,25
11507,10173,25,25
11511,11955,25,25
11530,10433,25,25
11602,13006,25,25
11631,18761,25,25
11631,21665,25,25
11640,156857,25,25
11678,23641,25,25
11772,171055,25,25
11782,10274,25,25
11819,18842,25,25
11879,12151,25,25
11918,13574,25,25
11936,16400,25,25
11955,10342,25,25
11965,13784,25,25
12050,13500,25,25
12068,15001,25,25
12068,17176,25,25
12118,17592,25,25
12202,10320,25,25
12302,21808,25,25
12312,17704,25,25
12343,14432,25,25
12343,15115,25,25
12360,10853,25,25
12483,10826,25,25
12510,11303,25,25
12510,26488,25,25
12549,10169,25,25
12573,10407,25,25
12591,10571,25,25
12591,25517,25,25
12678,10384,25,25
12708,15251,25,25
12711,162783,25,25
12815,158769,25,25
12819,10274,25,25
12819,14196,25,25
12901,12790,25,25
13064,12253,25,25
13081,17666,25,25
13127,10431,25,25
13127,13846,25,25
13246,14420,25,25
13278,15981,25,25
13293,11819,25,25
13293,15933,25,25
13301,11927,25,25
13312,17633,25,25
13323,18230,25,25
13383,14416,25,25
13477,10513,25,25
13477,152696,25,25
13511,24973,25,25
13530,15187,25,25
13641,28339,25,25
13645,10810,25,25
13738,10171,25,25
13765,16218,25,25
13908,10558,25,25
13949,10883,25,25
13949,16064,25,25
14011,10206,25,25
14011,13124,25,25
14012,152857,25,25
14084,10876,25,25
14154,11115,25,25
14214,17075,25,25
14259,100855,25,25
14355,10568,25,25
14389,10788,25,25
14416,10196,25,25
14555,13293,25,25
14617,11442,25,25
14650,19690,25,25
14650,163638,25,25
14671,11819,25,25
14876,11605,25,25
14876,14855,25,25
14954,22515,25,25
15018,12725,25,25
15062,13153,25,25
15066,10747,25,25
15125,17715,25,25
15125,157860,25,25
15187,27199,25,25
15238,10231,25,25
15238,15262,25,25
15251,11744,25,25
15322,15819,25,25
15357,17601,25,25
15515,16750,25,25
15562,25345,25,25
15565,13306,25,25
15625,10764,25,25
15753,11340,25,25
15753,15262,25,25
16176,27803,25,25
16473,16589,25,25
16622,154122,25,25
16763,10170,25,25
16803,10884,25,25
16883,10205,25,25
16987,17601,25,25
17188,10630,25,25
17188,24883,25,25
17188,162833,25,25
17188,171055,25,25
17433,15862,25,25
17498,21297,25,25
17546,11011,25,25
17562,14848,25,25
17592,10265,25,25
17632,16903,25,25
17651,13628,25,25
17665,17345,25,25
17919,13333,25,25
17967,13669,25,25
18192,10169,25,25
18242,23057,25,25
18242,33009,25,25
18345,13530,25,25
18445,13206,25,25
18451,11134,25,25
18611,20645,25,25
18691,18720,25,25
18774,22774,25,25
18806,100855,25,25
18860,11415,25,25
18924,14355,25,25
18926,11235,25,25
19091,18398,25,25
19348,21255,25,25
19372,22545,25,25
19697,17176,25,25
19897,12481,25,25
20253,68570,25,25
20285,10534,25,25
20365,10116,25,25
20401,16241,25,25
20407,17285,25,25
20647,12903,25,25
20650,23363,25,25
20839,25192,25,25
21134,21718,25,25
21351,101118,25,25
21368,22061,25,25
21628,16067,25,25
21628,27665,25,25
21885,101118,25,25
21931,10791,25,25
21958,11022,25,25
22397,14707,25,25
22774,11289,25,25
22786,10561,25,25
23057,13403,25,25
23312,10105,25,25
23561,10407,25,25
23561,10468,25,25
23573,12236,25,25
23573,23849,25,25
23580,16512,25,25
23580,154996,25,25
23722,14079,25,25
23777,15105,25,25
23811,23954,25,25
24700,159031,25,25
24749,19718,25,25
25683,13109,25,25
25694,16824,25,25
25694,22967,25,25
25808,10170,25,25
25848,26743,25,25
25897,10171,25,25
25897,10329,25,25
25974,12250,25,25
26114,10340,25,25
26282,17970,25,25
26285,10407,25,25
26390,11476,25,25
26462,154207,25,25
26556,11809,25,25
26594,102954,25,25
26626,13612,25,25
26626,14707,25,25
26796,155633,25,25
27055,14389,25,25
27092,13538,25,25
27485,21719,25,25
27610,12725,25,25
27665,13738,25,25
27779,12113,25,25
28051,21588,25,25
28224,28915,25,25
28228,10825,25,25
28339,165614,25,25
28368,152621,25,25
29817,11514,25,25
29902,11224,25,25
30260,14941,25,25
30809,15697,25,25
38332,10200,25,25
100492,13246,25,25
101336,13109,25,25
102062,16025,25,25
102062,17637,25,25
102493,15741,25,25
102924,10780,25,25
103220,10445,25,25
103220,11786,25,25
152324,20370,25,25
152324,155685,25,25
153836,15687,25,25
154122,10329,25,25
154207,10251,25,25
155654,14650,25,25
157860,10668,25,25
158008,16649,25,25
158245,21897,25,25
158479,12236,25,25
158754,13950,25,25
159203,20860,25,25
162539,155633,25,25
163791,10144,25,25
165341,15446,25,25
174571,101414,25,25
10059,14788,26,26
10059,16649,26,26
10065,17462,26,26
10116,10125,26,26
10118,19661,26,26
10126,21373,26,26
10134,11926,26,26
10144,41482,26,26
10153,11562,26,26
10153,16228,26,26
10153,21991,26,26
10153,22899,26,26
10169,11793,26,26
10196,11657,26,26
10196,18413,26,26
10203,153943,26,26
10203,162912,26,26
10206,10794,26,26
10213,10960,26,26
10213,13009,26,26
10213,18520,26,26
10217,14654,26,26
10235,17562,26,26
10236,10652,26,26
10242,10620,26,26
10242,12704,26,26
10242,15251,26,26
10242,17665,26,26
10242,171761,26,26
10274,14355,26,26
10274,15367,26,26
10297,11955,26,26
10297,11162403133,26,26
10320,13490,26,26
10320,17857,26,26
10342,17653,26,26
10428,10782,26,26
10445,14783,26,26
10445,16209,26,26
10474,10305,26,26
10513,11400,26,26
10534,152642,26,26
10559,17091,26,26
10582,11258,26,26
10599,12605,26,26
10604,20532,26,26
10617,23117,26,26
10625,10787,26,26
10625,21569,26,26
10640,17177,26,26
10690,13641,26,26
10691,11133,26,26
10747,14076,26,26
10771,19897,26,26
10780,14596,26,26
10794,18663,26,26
10876,10051,26,26
10883,10169,26,26
10883,10920,26,26
10883,19260,26,26
10884,12343,26,26
10890,16619,26,26
10899,14767,26,26
10939,18240,26,26
10972,102019,26,26
10979,10461,26,26
10979,11507,26,26
10984,11411,26,26
10994,27803,26,26
11026,10171,26,26
11029,41482,26,26
11030,10728,26,26
11065,13689,26,26
11066,11368,26,26
11110,10342,26,26
11110,12061,26,26
11110,12708,26,26
11152,24050,26,26
11165,14874,26,26
11187,18680,26,26
11223,152642,26,26
11264,14079,26,26
11282,11195,26,26
11282,12891,26,26
11354,17875,26,26
11368,34115,26,26
11415,10154,26,26
11415,11282,26,26
11415,11289,26,26
11420,11550,26,26
11506,11550,26,26
11506,15753,26,26
11550,10372,26,26
11605,10728,26,26
11646,15702,26,26
11653,11373,26,26
11704,15869,26,26
11717,11442,26,26
11749,10116,26,26
11772,11282,26,26
11822,18680,26,26
11925,10722,26,26
11934,17155,26,26
12025,21651,26,26
12049,15105,26,26
12050,15446,26,26
12068,14420,26,26
12088,25574,26,26
12118,11631,26,26
12202,18168,26,26
12343,13246,26,26
12344,154133,26,26
12360,15027,26,26
12399,45669,26,26
12447,10780,26,26
12452,10073,26,26
12452,10825,26,26
12567,16400,26,26
12569,15093,26,26
12573,18566,26,26
12573,153910,26,26
12639,13232,26,26
12701,17947,26,26
12739,19305,26,26
12815,11368,26,26
12903,101025,26,26
13009,10173,26,26
13009,12343,26,26
13034,17704,26,26
13073,11223,26,26
13073,12098,26,26
13127,10305,26,26
13153,17342,26,26
13206,10067,26,26
13278,11030,26,26
13278,11368,26,26
13511,10144,26,26
13574,155532,26,26
13612,21368,26,26
13645,10110,26,26
13846,11749,26,26
14091,14945,26,26
14154,18501,26,26
14164,11011,26,26
14214,10504,26,26
14230,11195,26,26
14230,102493,26,26
14432,15338,26,26
14555,11235,26,26
14588,10156,26,26
14671,13293,26,26
14707,17342,26,26
14874,11653,26,26
15001,10320,26,26
15001,19056,26,26
15018,12645,26,26
15093,16987,26,26
15125,20199,26,26
15187,22397,26,26
15187,25871,26,26
15357,10890,26,26
15569,21351,26,26
15608,11041,26,26
15608,15322,26,26
15608,15819,26,26
15609,16734,26,26
15609,18938,26,26
15741,12567,26,26
15741,13884,26,26
15762,19056,26,26
15862,12452,26,26
15869,10134,26,26
16067,24141,26,26
16254,11936,26,26
16396,10415,26,26
16721,15034,26,26
16734,101025,26,26
16803,19056,26,26
16899,10427,26,26
16899,11936,26,26
16987,23500,26,26
17021,11411,26,26
17037,15125,26,26
17037,15187,26,26
17093,18720,26,26
17093,154207,26,26
17155,28716,26,26
17250,18032,26,26
17415,24217,26,26
17498,15093,26,26
17580,10242,26,26
17584,14811,26,26
17651,10599,26,26
17651,13635,26,26
17665,17721,26,26
17757,15608,26,26
17910,10590,26,26
18091,10067,26,26
18240,10474,26,26
18242,14919,26,26
18242,16249,26,26
18345,11532,26,26
18860,14346,26,26
18924,18022,26,26
19091,13628,26,26
19233,11445,26,26
19351,20116,26,26
19351,27891,26,26
19372,18553,26,26
20391,13628,26,26
20443,157414,26,26
20646,10722,26,26
20650,24669,26,26
20694,12815,26,26
20898,23340,26,26
20993,10755,26,26
21120,11877,26,26
21507,14949,26,26
21560,15913,26,26
21821,10067,26,26
22939,10051,26,26
22967,10825,26,26
23218,15093,26,26
23312,10073,26,26
23328,11904,26,26
23340,15078,26,26
23431,10340,26,26
23641,12474,26,26
23722,18466,26,26
24100,10983,26,26
24128,16419,26,26
24355,10504,26,26
24382,12202,26,26
24447,10274,26,26
24453,152391,26,26
25181,12567,26,26
25192,28915,26,26
25261,16025,26,26
25402,10274,26,26
25517,10171,26,26
25571,18089,26,26
25585,12236,26,26
25683,10073,26,26
26039,15078,26,26
26377,18677,26,26
26462,13013,26,26
26488,11927,26,26
26784,15869,26,26
27021,17615,26,26
27055,28398,26,26
27092,10067,26,26
27145,14596,26,26
27416,12761,26,26
27552,162543,26,26
27610,10462,26,26
27809,14654,26,26
28122,28627,26,26
28122,159900,26,26
28224,16512,26,26
28228,12399,26,26
28368,14596,26,26
28572,18691,26,26
28833,20185,26,26
28915,10668,26,26
30470,10780,26,26
31377,12818,26,26
76087,11129,26,26
100139,17264,26,26
100541,10147,26,26
100855,10384,26,26
101025,13986,26,26
101025,18385,26,26
101118,10547,26,26
102493,21134,26,26
152391,12711,26,26
153509,37267,26,26
153943,11323,26,26
155654,25402,26,26
157207,15006,26,26
157260,10960,26,26
157260,19751,26,26
158008,103220,26,26
158245,17150,26,26
158432,17498,26,26
159685,157432,26,26
160183,26566,26,26
162543,10788,26,26
165061,10461,26,26
174571,14214,26,26
10059,10474,27,27
10059,13135,27,27
10065,11926,27,27
10065,14079,27,27
10099,10787,27,27
10107,10453,27,27
10107,14020,27,27
10107,19946,27,27
10116,13081,27,27
10118,10433,27,27
10118,13300,27,27
10118,18983,27,27
10126,10123,27,27
10126,13513,27,27
10153,17757,27,27
10153,152621,27,27
10156,10652,27,27
10169,13949,27,27
10184,15888,27,27
10217,12769,27,27
10227,10156,27,27
10229,10590,27,27
10235,19996,27,27
10237,11410,27,27
10242,16963,27,27
10244,29397,27,27
10262,12028,27,27
10265,24404,27,27
10297,11165,27,27
10297,15278,27,27
10305,171055,27,27
10354,10427,27,27
10412,12479,27,27
10445,12761,27,27
10445,20615,27,27
10523,10236,27,27
10523,11191,27,27
10528,10788,27,27
10547,10461,27,27
10582,15105,27,27
10590,11022,27,27
10604,12098,27,27
10604,13513,27,27
10620,11925,27,27
10646,11605,27,27
10682,12151,27,27
10691,17419,27,27
10755,15910,27,27
10779,11052,27,27
10826,13397,27,27
10854,26588,27,27
10876,12007,27,27
10884,11066,27,27
10899,11416,27,27
10979,11560,27,27
10981,11400,27,27
10981,16400,27,27
10984,10237,27,27
11011,10826,27,27
11062,10793,27,27
11069,10604,27,27
11133,20328,27,27
11165,15370,27,27
11187,12312,27,27
11191,10810,27,27
11195,27532,27,27
11224,11476,27,27
11258,10559,27,27
11262,17653,27,27
11264,10984,27,27
11264,12260,27,27
11282,11289,27,27
11303,17130,27,27
11319,20605,27,27
11340,11879,27,27
11348,26282,27,27
11354,12307,27,27
11354,13635,27,27
11354,15001,27,27
11404,10793,27,27
11411,152620,27,27
11416,18286,27,27
11507,18774,27,27
11577,22546,27,27
11631,159762,27,27
11653,12693,27,27
11749,162868,27,27
11772,13511,27,27
11772,18132,27,27
11822,10171,27,27
11822,11423,27,27
11891,11422,27,27
11904,11223,27,27
11918,11303,27,27
11965,10523,27,27
12007,10513,27,27
12025,21397,27,27
12151,14481,27,27
12151,14555,27,27
12342,11532,27,27
12447,12443,27,27
12645,10513,27,27
12769,30260,27,27
12804,17137,27,27
12815,10144,27,27
12880,22078,27,27
12901,10232,27,27
13253,28889,27,27
13288,17433,27,27
13333,18809,27,27
13383,11110,27,27
13477,12193,27,27
13641,158008,27,27
13660,12412,27,27
13683,10481,27,27
13782,11865,27,27
13884,11195,27,27
13884,11282,27,27
13908,10231,27,27
13908,20041,27,27
13950,10504,27,27
14196,10125,27,27
14348,13403,27,27
14355,10599,27,27
14361,17756,27,27
14432,10156,27,27
14454,20371,27,27
14617,101414,27,27
14650,17615,27,27
14707,15062,27,27
14874,12818,27,27
14919,13709,27,27
15034,14091,27,27
15192,14348,27,27
15426,15192,27,27
15542,10332,27,27
15562,17475,27,27
15566,12088,27,27
15609,22576,27,27
15741,11936,27,27
15753,10747,27,27
15862,15125,27,27
16067,22576,27,27
16374,10652,27,27
16622,24149,27,27
16696,11425,27,27
16763,10105,27,27
16971,17091,27,27
17176,11425,27,27
17284,11822,27,27
17374,11936,27,27
17462,23431,27,27
17483,17768,27,27
17498,18230,27,27
17584,22215,27,27
17637,13013,27,27
17665,10205,27,27
17665,16910,27,27
17768,22397,27,27
17890,14954,27,27
17910,11195,27,27
18132,13628,27,27
18203,17179,27,27
18439,16385,27,27
18520,22215,27,27
18553,21255,27,27
18553,154769,27,27
18743,12928,27,27
19240,10073,27,27
19351,10011,27,27
19719,13006,27,27
20041,10662,27,27
20391,100554,27,27
20462,19324,27,27
20839,10067,27,27
20858,12573,27,27
20968,155633,27,27
21351,30260,27,27
21943,153756,27,27
22218,171948,27,27
22313,22985,27,27
22349,18716,27,27
22354,10067,27,27
22780,24669,27,27
22985,11926,27,27
23104,10297,27,27
23153,19396,27,27
23573,20484,27,27
23671,12443,27,27
23742,11411,27,27
23954,10668,27,27
24202,11226,27,27
24202,13464,27,27
24281,18566,27,27
24541,10274,27,27
24749,19396,27,27
25192,27665,27,27
25532,10825,27,27
25683,101219,27,27
25694,10771,27,27
25848,10771,27,27
25995,11904,27,27
26039,28786,27,27
26594,14597,27,27
26733,26566,27,27
27119,14707,27,27
27145,13434,27,27
27199,20462,27,27
27416,19751,27,27
27610,12113,27,27
27665,10170,27,27
28122,13339,27,27
28339,12099,27,27
28572,15862,27,27
28620,15078,27,27
28716,25402,27,27
28889,13109,27,27
29446,14230,27,27
29743,157432,27,27
29861,23057,27,27
30545,15869,27,27
30545,154133,27,27
30809,11026,27,27
31679,20462,27,27
34905,13641,27,27
100492,11509,27,27
101025,19324,27,27
101336,27891,27,27
102619,12202,27,27
103220,13819,27,27
103220,24925,27,27
152324,13538,27,27
152696,13434,27,27
153836,11472,27,27
155099,11529,27,27
155684,10571,27,27
157860,10468,27,27
162543,11006,27,27
162543,11392,27,27
163051,100725,27,27
10059,14259,28,28
10118,10747,28,28
10118,11560,28,28
10118,12412,28,28
10118,12677,28,28
10126,10981,28,28
10126,19884,28,28
10126,23500,28,28
10133,26523,28,28
10156,172408,28,28
10173,100855,28,28
10184,21915,28,28
10196,171761,28,28
10232,10205,28,28
10236,12049,28,28
10262,18716,28,28
10274,19886,28,28
10297,17592,28,28
10340,15250,28,28
10354,10690,28,28
10412,13819,28,28
10428,10468,28,28
10428,11066,28,28
10445,11472,28,28
10474,10685,28,28
10590,101118,28,28
10599,10981,28,28
10599,13513,28,28
10604,14079,28,28
10604,24149,28,28
10617,162912,28,28
10640,10939,28,28
10679,11258,28,28
10682,19074,28,28
10691,11065,28,28
10691,15292,28,28
10707,16883,28,28
10755,21620,28,28
10768,10866,28,28
10793,41482,28,28
10854,15791,28,28
10884,10268,28,28
10900,22446,28,28
10927,11052,28,28
10960,10235,28,28
10972,24443,28,28
10983,23266,28,28
11030,15234,28,28
11052,22729,28,28
11069,15062,28,28
11133,10320,28,28
11165,22173,28,28
11195,11282,28,28
11223,20478,28,28
11303,12007,28,28
11319,10154,28,28
11319,10974,28,28
11354,11357,28,28
11404,175327,28,28
11406,11420,28,28
11416,102123,28,28
11423,10866,28,28
11493,13170,28,28
11609,11560,28,28
11617,13109,28,28
11623,219796,28,28
11640,13397,28,28
11653,10652,28,28
11749,10547,28,28
11872,16721,28,28
11877,10433,28,28
11879,14168,28,28
11904,10340,28,28
11918,13908,28,28
11926,13949,28,28
12025,10620,28,28
12050,18860,28,28
12061,11258,28,28
12061,24181,28,28
12072,15103,28,28
12072,100306,28,28
12118,10682,28,28
12118,13323,28,28
12250,12515,28,28
12250,21588,28,28
12260,11872,28,28
12281,16590,28,28
12342,22994,28,28
12343,20080,28,28
12510,18286,28,28
12569,15192,28,28
12591,10340,28,28
12591,102062,28,28
12645,11926,28,28
12769,166337,28,28
12860,11303,28,28
13073,13153,28,28
13135,10826,28,28
13153,15477,28,28
13246,12250,28,28
13253,20858,28,28
13278,17967,28,28
13301,11162,28,28
13383,20504,28,28
13511,25836,28,28
13612,11367,28,28
13641,163638,28,28
13660,16004,28,28
13660,18132,28,28
13779,33610,28,28
13949,10372,28,28
13949,17617,28,28
13986,10011,28,28
14012,19678,28,28
14084,18439,28,28
14096,10173,28,28
14259,11029,28,28
14292,15981,28,28
14416,155633,28,28
14454,20858,28,28
14617,13605,28,28
14671,12701,28,28
14767,18286,28,28
14788,15649,28,28
14811,16209,28,28
14811,21718,28,28
14941,11623,28,28
15027,16971,28,28
15066,17116,28,28
15115,16883,28,28
15125,25422,28,28
15192,13899,28,28
15192,19228,28,28
15251,16963,28,28
15331,13684,28,28
15440,10123,28,28
15448,13671,28,28
15452,14389,28,28
15542,13628,28,28
15562,10692,28,28
15562,14767,28,28
15609,17476,28,28
15782,11749,28,28
15782,17342,28,28
15798,100855,28,28
15981,16396,28,28
16004,11965,28,28
16067,18720,28,28
16067,20018,28,28
16067,100167,28,28
16112,17250,28,28
16122,10668,28,28
16328,13641,28,28
16803,10463,28,28
16803,16079,28,28
17188,18341,28,28
17284,15307,28,28
17285,11182,28,28
17285,19675,28,28
17344,16218,28,28
17433,157188,28,28
17475,166047,28,28
17483,11617,28,28
17601,11303,28,28
17715,10755,28,28
17742,164042,28,28
17875,12299,28,28
17963,16617,28,28
18013,10105,28,28
18111,17768,28,28
18246,26566,28,28
18345,13100,28,28
18413,10826,28,28
18516,11530,28,28
18520,11282,28,28
18680,10468,28,28
18680,21719,28,28
18761,13477,28,28
18774,10354,28,28
18774,11289,28,28
18860,16419,28,28
19091,12202,28,28
19351,10755,28,28
19451,163638,28,28
19884,13109,28,28
20199,10067,28,28
20328,12202,28,28
20371,11423,28,28
20504,162543,28,28
20650,10125,28,28
20680,15187,28,28
20751,10183,28,28
21351,11717,28,28
21943,166047,28,28
22006,15883,28,28
22538,101194,28,28
22858,15753,28,28
22899,10866,28,28
22985,11411,28,28
23190,49582,28,28
23251,11891,28,28
23371,10780,28,28
23431,12068,28,28
23431,14954,28,28
23573,158132,28,28
23580,15078,28,28
23671,10186,28,28
23722,11904,28,28
24094,16419,28,28
24181,11006,28,28
24281,13530,28,28
24447,11766,28,28
24453,25192,28,28
24539,28915,28,28
24749,12790,28,28
24908,10582,28,28
25239,11934,28,28
25352,11822,28,28
25517,10073,28,28
25571,28884,28,28
25684,10274,28,28
25694,15862,28,28
25808,14314,28,28
26039,28915,28,28
26231,13738,28,28
26358,10825,28,28
26358,12903,28,28
26462,10105,28,28
26462,10791,28,28
26523,164741,28,28
27374,22329,28,28
27665,12399,28,28
27809,10268,28,28
28122,13986,28,28
28396,19884,28,28
28398,12708,28,28
28526,10173,28,28
28627,27092,28,28
28684,16025,28,28
28716,15034,28,28
28915,10468,28,28
30260,10979,28,28
30951,101450,28,28
31445,15869,28,28
33168,18938,28,28
33512,14884,28,28
100139,10173,28,28
100855,154903,28,28
101194,10779,28,28
101218,15913,28,28
101219,15609,28,28
102062,14295,28,28
102493,17584,28,28
102868,12515,28,28
158245,19240,28,28
165341,19690,28,28
10059,10884,29,29
10107,49886,29,29
10118,10794,29,29
10118,12344,29,29
10118,14596,29,29
10118,18242,29,29
10118,23561,29,29
10125,19983,29,29
10126,17177,29,29
10126,27882,29,29
10134,28219,29,29
10144,166337,29,29
10169,11926,29,29
10196,16883,29,29
10198,29950,29,29
10203,12616,29,29
10206,10513,29,29
10206,11126,29,29
10206,11872,29,29
10227,12049,29,29
10232,11392,29,29
10235,17264,29,29
10236,11965,29,29
10244,100725,29,29
10268,11062,29,29
10268,23630,29,29
10274,14346,29,29
10320,11165,29,29
10332,10826,29,29
10332,11006,29,29
10340,11062,29,29
10362,11744,29,29
10372,12193,29,29
10388,15105,29,29
10463,23973,29,29
10513,14773,29,29
10528,10599,29,29
10547,10793,29,29
10555,10528,29,29
10555,11891,29,29
10604,18116,29,29
10620,10065,29,29
10620,10679,29,29
10630,14259,29,29
10646,10312,29,29
10646,13318,29,29
10662,26523,29,29
10673,10625,29,29
10682,12118,29,29
10691,15027,29,29
10728,13464,29,29
10755,23954,29,29
10794,23363,29,29
10794,155099,29,29
10826,13490,29,29
10883,21991,29,29
10884,25593,29,29
10899,11392,29,29
10920,10534,29,29
10974,10474,29,29
10979,25892,29,29
10983,11744,29,29
11006,10568,29,29
11069,12342,29,29
11100,18774,29,29
11100,22774,29,29
11134,14346,29,29
11134,18963,29,29
11223,13779,29,29
11282,25767,29,29
11288,11749,29,29
11289,25892,29,29
11316,13464,29,29
11319,17910,29,29
11348,12113,29,29
11348,15250,29,29
11354,13627,29,29
11423,15187,29,29
11471,13635,29,29
11472,21612,29,29
11493,12007,29,29
11514,10825,29,29
11530,11877,29,29
11605,10793,29,29
11609,30260,29,29
11631,152642,29,29
11631,157432,29,29
11709,17050,29,29
11717,14084,29,29
11766,16419,29,29
11772,12474,29,29
11819,27472,29,29
11891,10640,29,29
11918,16699,29,29
11925,12068,29,29
11927,11508,29,29
11934,10652,29,29
11965,29187,29,29
12088,23158,29,29
12088,25402,29,29
12098,26796,29,29
12107,25862,29,29
12118,18411,29,29
12151,12645,29,29
12151,13477,29,29
12187,12253,29,29
12202,10625,29,29
12260,11472,29,29
12344,20667,29,29
12452,10571,29,29
12481,101336,29,29
12483,10689,29,29
12515,11023,29,29
12616,11704,29,29
12677,101414,29,29
13206,49582,29,29
13249,11213,29,29
13249,16112,29,29
13278,11319,29,29
13288,10468,29,29
13306,23312,29,29
13323,11126,29,29
13377,10073,29,29
13477,10883,29,29
13530,154207,29,29
13574,15888,29,29
13660,11918,29,29
13683,10825,29,29
13779,153995,29,29
14011,10604,29,29
14214,10590,29,29
14230,15114,29,29
14432,13118,29,29
14567,21241,29,29
14617,12447,29,29
14767,16699,29,29
14954,17176,29,29
15093,12569,29,29
15238,10372,29,29
15331,17075,29,29
15357,10876,29,29
15391,22740,29,29
15448,17201,29,29
15609,10755,29,29
15609,12399,29,29
15798,10547,29,29
16004,10692,29,29
16067,162783,29,29
16097,155633,29,29
16254,10427,29,29
16290,13452,29,29
16306,10498,29,29
16622,21682,29,29
16721,15217,29,29
16899,13464,29,29
16971,10523,29,29
17155,17250,29,29
17161,14536,29,29
17177,10652,29,29
17185,10340,29,29
17188,11100,29,29
17201,13403,29,29
17264,14848,29,29
17433,14413,29,29
17617,11819,29,29
17633,10171,29,29
17910,11766,29,29
18132,156857,29,29
18192,13477,29,29
18219,10297,29,29
18230,12569,29,29
18242,101450,29,29
18335,23363,29,29
18520,10232,29,29
18899,10340,29,29
19351,25192,29,29
19351,101336,29,29
20114,11126,29,29
20181,11530,29,29
20335,100515,29,29
20371,17285,29,29
20420,10582,29,29
21471,20119,29,29
21719,25192,29,29
22148,102493,29,29
22417,15307,29,29
22515,19667,29,29
22545,49886,29,29
22546,10960,29,29
22568,11822,29,29
23220,10433,29,29
23478,10380,29,29
23561,10170,29,29
23561,12399,29,29
23573,12858,29,29
23716,11006,29,29
23878,166047,29,29
24126,10685,29,29
24453,16122,29,29
24699,15958,29,29
25264,12591,29,29
25422,10481,29,29
25533,11965,29,29
25683,11822,29,29
25974,10620,29,29
26285,23839,29,29
26377,101336,29,29
26462,10297,29,29
27092,25261,29,29
27195,18203,29,29
27199,10297,29,29
27275,12113,29,29
27300,10582,29,29
28238,16824,29,29
28572,16025,29,29
28620,21560,29,29
28915,27665,29,29
30625,100725,29,29
31679,13288,29,29
33414,19667,29,29
33512,10123,29,29
36930,12236,29,29
100167,19240,29,29
100306,12725,29,29
100492,12202,29,29
100492,13905,29,29
100643,10825,29,29
102619,13628,29,29
102924,13293,29,29
153836,13500,29,29
153836,13819,29,29
155654,12790,29,29
162543,16883,29,29
163342,13323,29,29
163638,22215,29,29
163791,18335,29,29
164383,10366,29,29
165341,10960,29,29
165341,100139,29,29
166486,10237,29,29
10059,11356,30,30
10059,22825,30,30
10065,16245,30,30
10072,101892,30,30
10107,10242,30,30
10107,10474,30,30
10107,13383,30,30
10116,10590,30,30
10118,13574,30,30
10125,26370,30,30
10126,11865,30,30
10126,14432,30,30
10184,11411,30,30
10192,163719,30,30
10196,17665,30,30
10206,11704,30,30
10213,19690,30,30
10217,153836,30,30
10237,12050,30,30
10242,11110,30,30
10274,11013,30,30
10274,12819,30,30
10297,154769,30,30
10340,14649,30,30
10380,11400,30,30
10415,10380,30,30
10427,16899,30,30
10427,20673,30,30
10449,12996,30,30
10474,21134,30,30
10534,26701,30,30
10554,12549,30,30
10558,17693,30,30
10561,165340,30,30
10562,21915,30,30
10590,10728,30,30
10599,14588,30,30
10604,12088,30,30
10604,15566,30,30
10625,20441,30,30
10635,13300,30,30
10682,153943,30,30
10685,41482,30,30
10692,21322,30,30
10722,156783,30,30
10791,11749,30,30
10794,10116,30,30
10826,11747,30,30
10826,21944,30,30
10876,10662,30,30
10883,10902,30,30
10883,17498,30,30
10883,21915,30,30
10920,10747,30,30
10927,14020,30,30
10979,22774,30,30
10984,158109,30,30
11165,11445,30,30
11187,11069,30,30
11187,11918,30,30
11187,15562,30,30
11235,15018,30,30
11264,10380,30,30
11264,17041,30,30
11264,154133,30,30
11289,13942,30,30
11323,176866,30,30
11336,10059,30,30
11354,10312,30,30
11354,11165,30,30
11354,13950,30,30
11373,17857,30,30
11411,152621,30,30
11493,27275,30,30
11506,11022,30,30
11577,14650,30,30
11646,30466,30,30
11717,26594,30,30
11717,102954,30,30
11749,19758,30,30
11766,11134,30,30
11772,102601,30,30
11780,162539,30,30
11782,12260,30,30
11782,165341,30,30
11872,10297,30,30
11918,11927,30,30
11926,162649,30,30
11934,11420,30,30
11934,13323,30,30
11976,12815,30,30
12061,16008,30,30
12072,10558,30,30
12160,11965,30,30
12302,16008,30,30
12344,10780,30,30
12368,19228,30,30
12412,14536,30,30
12430,18842,30,30
12447,10558,30,30
12447,17188,30,30
12447,154133,30,30
12549,12474,30,30
12596,12678,30,30
12605,102123,30,30
12616,17947,30,30
12678,10144,30,30
12701,15869,30,30
12708,11780,30,30
12819,10427,30,30
12900,16519,30,30
12901,25181,30,30
13034,17041,30,30
13100,11646,30,30
13118,10974,30,30
13153,16218,30,30
13232,18242,30,30
13306,23954,30,30
13306,24664,30,30
13383,16008,30,30
13500,19751,30,30
13612,11223,30,30
13645,16544,30,30
13683,10147,30,30
13724,11472,30,30
14011,11420,30,30
14084,10051,30,30
14096,11709,30,30
14230,19690,30,30
14454,158245,30,30
14482,16025,30,30
14588,10652,30,30
14650,15114,30,30
14707,23969,30,30
14850,13127,30,30
14884,10764,30,30
15125,20370,30,30
15125,25219,30,30
15234,10125,30,30
15307,11646,30,30
15448,16486,30,30
15448,21687,30,30
15562,11011,30,30
15562,18809,30,30
15588,10206,30,30
15608,11400,30,30
15608,13477,30,30
15649,10793,30,30
15753,11235,30,30
16067,13738,30,30
16155,10433,30,30
16328,10173,30,30
16425,100492,30,30
16512,11224,30,30
16512,22576,30,30
16519,16987,30,30
16622,14079,30,30
16696,10983,30,30
16696,11955,30,30
16801,10170,30,30
16803,14432,30,30
16971,10652,30,30
17201,17894,30,30
17374,12790,30,30
17433,12903,30,30
17580,11747,30,30
17757,12645,30,30
17963,13206,30,30
18132,11392,30,30
18335,24669,30,30
18445,11918,30,30
18445,14012,30,30
18611,15078,30,30
18860,21241,30,30
19348,15883,30,30
19351,28915,30,30
20370,10183,30,30
20370,10825,30,30
21175,11747,30,30
21519,22215,30,30
21628,15862,30,30
21885,14788,30,30
21885,15798,30,30
21897,10571,30,30
22004,18566,30,30
22313,23742,30,30
22349,162833,30,30
22515,11011,30,30
22538,14020,30,30
22538,17592,30,30
22919,12049,30,30
22985,13006,30,30
23722,15049,30,30
23811,15078,30,30
24100,10620,30,30
24765,10582,30,30
24765,10640,30,30
25683,11655,30,30
25902,13288,30,30
26137,12591,30,30
26358,10073,30,30
26358,10510,30,30
26757,17970,30,30
26796,10692,30,30
26796,100515,30,30
26812,10960,30,30
27055,12708,30,30
27779,10558,30,30
28224,15697,30,30
28228,10105,30,30
28339,10960,30,30
28368,15262,30,30
28627,12858,30,30
28716,11782,30,30
28915,12399,30,30
29350,10764,30,30
29446,14650,30,30
76087,15105,30,30
100492,100352,30,30
102493,12412,30,30
102493,21782,30,30
103220,24050,30,30
152696,11819,30,30
153509,21682,30,30
155115,152642,30,30
155809,10722,30,30
158109,11819,30,30
162543,11013,30,30
162543,21944,30,30
164082,11822,30,30
171055,15006,30,30
10059,14011,31,31
10107,11013,31,31
10118,10635,31,31
10118,11013,31,31
10126,21322,31,31
10126,23924,31,31
10173,11198,31,31
10206,13170,31,31
10213,100139,31,31
10217,10213,31,31
10217,12050,31,31
10231,154133,31,31
10235,13283,31,31
10242,16008,31,31
10251,29397,31,31
10265,23513,31,31
10268,14811,31,31
10305,102019,31,31
10320,10297,31,31
10340,10445,31,31
10340,15217,31,31
10342,100515,31,31
10415,23742,31,31
10428,10460,31,31
10445,22729,31,31
10453,10890,31,31
10474,10568,31,31
10474,18663,31,31
10513,22465,31,31
10562,11706,31,31
10590,12253,31,31
10630,26809,31,31
10685,100855,31,31
10691,166392,31,31
10707,160183,31,31
10722,14954,31,31
10768,12028,31,31
10793,10305,31,31
10794,27472,31,31
10883,15380,31,31
10884,12819,31,31
10983,10242,31,31
10994,11493,31,31
10999,16903,31,31
11069,13765,31,31
11100,14567,31,31
11133,101414,31,31
11182,23969,31,31
11213,21134,31,31
11258,15370,31,31
11282,11936,31,31
11288,11297,31,31
11336,11162,31,31
11420,17947,31,31
11420,21958,31,31
11423,11904,31,31
11423,152621,31,31
11514,25345,31,31
11577,154903,31,31
11605,12412,31,31
11606,11609,31,31
11640,21944,31,31
11653,11865,31,31
11704,12645,31,31
11704,17947,31,31
11772,18032,31,31
11872,12901,31,31
11872,19718,31,31
11918,10682,31,31
12025,10403,31,31
12050,16419,31,31
12061,13782,31,31
12061,14954,31,31
12072,13427,31,31
12187,13908,31,31
12187,100855,31,31
12281,12107,31,31
12307,12118,31,31
12343,10722,31,31
12344,19638,31,31
12481,10123,31,31
12567,13942,31,31
12567,25892,31,31
12605,10403,31,31
12635,11410,31,31
12645,11793,31,31
12769,12596,31,31
12815,171948,31,31
12860,10890,31,31
13206,20993,31,31
13249,10305,31,31
13253,15187,31,31
13276,10329,31,31
13306,23316,31,31
13318,23251,31,31
13383,20646,31,31
13530,28915,31,31
13605,12739,31,31
13612,11224,31,31
13627,166047,31,31
13641,31630,31,31
13709,18373,31,31
14011,10689,31,31
14076,10793,31,31
14076,219796,31,31
14196,11282,31,31
14214,13884,31,31
14432,15370,31,31
14532,17285,31,31
14707,10481,31,31
15001,13383,31,31
15105,10523,31,31
15105,10981,31,31
15115,12250,31,31
15125,166326,31,31
15440,12236,31,31
15448,13797,31,31
15562,10617,31,31
15609,28684,31,31
15778,10051,31,31
15782,10728,31,31
15845,11472,31,31
15913,10123,31,31
15981,12549,31,31
16008,11511,31,31
16008,11780,31,31
16008,100492,31,31
16025,20018,31,31
16112,11415,31,31
16176,10297,31,31
16328,12567,31,31
16328,23374,31,31
16412,12049,31,31
16512,10825,31,31
16512,14012,31,31
16608,20478,31,31
16971,10051,31,31
17103,10646,31,31
17177,17091,31,31
17188,10072,31,31
17374,11195,31,31
17433,10771,31,31
17433,18691,31,31
17580,100492,31,31
17742,45116,31,31
18242,16728,31,31
18411,13477,31,31
18496,10268,31,31
18496,18022,31,31
18611,17150,31,31
18680,17285,31,31
19351,14295,31,31
19946,164741,31,31
20407,10011,31,31
20484,17285,31,31
20484,25192,31,31
20751,10200,31,31
20898,18611,31,31
21020,12342,31,31
21368,16067,31,31
21373,11011,31,31
22004,17150,31,31
22210,11782,31,31
22774,21674,31,31
23100,13333,31,31
23104,10407,31,31
23104,12159,31,31
23218,101194,31,31
23266,10826,31,31
23374,11472,31,31
23811,11026,31,31
23878,13109,31,31
24121,19667,31,31
24154,16473,31,31
24539,25192,31,31
24765,10362,31,31
24765,10853,31,31
25264,11223,31,31
25422,10147,31,31
25533,15292,31,31
25690,156960,31,31
25808,15910,31,31
25844,10571,31,31
26462,10154,31,31
27002,12113,31,31
27472,10229,31,31
28224,14532,31,31
28339,11709,31,31
28368,152620,31,31
30260,24973,31,31
31445,13069,31,31
100492,11258,31,31
100541,13109,31,31
101116,10125,31,31
101218,16512,31,31
101336,14884,31,31
102493,11316,31,31
102601,15292,31,31
152324,157407,31,31
152696,15933,31,31
153102,10866,31,31
153102,13434,31,31
153995,13109,31,31
154383,11891,31,31
154903,10793,31,31
157260,12479,31,31
163791,24669,31,31
174978,13846,31,31
10059,10646,32,32
10065,13574,32,32
10107,11133,32,32
10118,24669,32,32
10126,11934,32,32
10126,12151,32,32
10126,21944,32,32
10126,163342,32,32
10134,11918,32,32
10169,10231,32,32
10169,11411,32,32
10186,13280,32,32
10192,11165,32,32
10213,11706,32,32
10213,13115,32,32
10217,14196,32,32
10229,23742,32,32
10235,18963,32,32
10268,15217,32,32
10274,10568,32,32
10274,17264,32,32
10332,18579,32,32
10342,24975,32,32
10354,15741,32,32
10427,19690,32,32
10428,10668,32,32
10471,10498,32,32
10474,10793,32,32
10474,11793,32,32
10481,29350,32,32
10498,15093,32,32
10554,11198,32,32
10561,17415,32,32
10562,10780,32,32
10599,12739,32,32
10599,20080,32,32
10625,18471,32,32
10625,164741,32,32
10662,11935,32,32
10673,10776,32,32
10673,10981,32,32
10673,11934,32,32
10682,11052,32,32
10685,11749,32,32
10690,19690,32,32
10690,101053,32,32
10691,10523,32,32
10691,13817,32,32
10771,17285,32,32
10793,10125,32,32
10793,100855,32,32
10854,153756,32,32
10884,165341,32,32
10899,166047,32,32
10902,10196,32,32
10974,11655,32,32
10981,11289,32,32
10981,14346,32,32
10994,12007,32,32
11026,10011,32,32
11026,11505,32,32
11065,18439,32,32
11162,10625,32,32
11187,17963,32,32
11187,18445,32,32
11195,17584,32,32
11264,11026,32,32
11288,12281,32,32
11316,16400,32,32
11373,18240,32,32
11406,14596,32,32
11423,153995,32,32
11442,15238,32,32
11493,12193,32,32
11493,26282,32,32
11507,11976,32,32
11717,10652,32,32
11766,21134,32,32
11819,22858,32,32
11879,10498,32,32
11879,10900,32,32
11955,29689,32,32
11965,21255,32,32
12061,10232,32,32
12160,14588,32,32
12202,19667,32,32
12447,10461,32,32
12510,13323,32,32
12569,19409,32,32
12573,14012,32,32
12573,14613,32,32
12591,23954,32,32
12605,10498,32,32
12605,17130,32,32
12645,10883,32,32
12701,19638,32,32
12769,11749,32,32
12769,15798,32,32
12815,10630,32,32
12858,10011,32,32
12860,15278,32,32
12880,23316,32,32
12880,23954,32,32
13013,11646,32,32
13019,11550,32,32
13081,23450,32,32
13293,10747,32,32
13383,21175,32,32
13612,157432,32,32
13635,24382,32,32
13709,17179,32,32
14091,16254,32,32
14096,10568,32,32
14176,11489,32,32
14352,10265,32,32
14454,11822,32,32
14454,12591,32,32
14555,12113,32,32
14588,15027,32,32
14788,10449,32,32
14945,11936,32,32
15018,152620,32,32
15115,15762,32,32
15125,19675,32,32
15187,11059,32,32
15250,11022,32,32
15448,13725,32,32
15798,19206,32,32
15806,14389,32,32
16067,19678,32,32
16097,100515,32,32
16254,12567,32,32
16254,14096,32,32
16486,15068,32,32
16763,10011,32,32
17155,11420,32,32
17546,12096,32,32
17580,13905,32,32
17584,13464,32,32
17633,10755,32,32
17890,11646,32,32
17963,11904,32,32
17963,15187,32,32
18089,13464,32,32
18230,12605,32,32
18230,16987,32,32
18466,12159,32,32
18691,17633,32,32
18743,18399,32,32
19351,21897,32,32
19678,16025,32,32
19689,155633,32,32
19848,17389,32,32
20080,12049,32,32
20142,13399,32,32
20181,10072,32,32
20181,10186,32,32
20365,24669,32,32
20443,20462,32,32
20462,20370,32,32
21020,24149,32,32
21351,10474,32,32
21351,10939,32,32
21368,14532,32,32
21368,19004,32,32
21373,156857,32,32
21373,156928,32,32
21588,12068,32,32
21900,10105,32,32
22006,17091,32,32
22354,10433,32,32
22397,12159,32,32
22469,10200,32,32
22939,10900,32,32
23218,12510,32,32
23513,11935,32,32
23721,12049,32,32
23849,25517,32,32
24339,18203,32,32
24973,16035,32,32
25192,19915,32,32
25517,10329,32,32
26036,11744,32,32
26594,10460,32,32
26784,152620,32,32
27362,10011,32,32
27532,10960,32,32
27560,14012,32,32
27665,10668,32,32
27891,10366,32,32
28173,10134,32,32
28228,10170,32,32
28339,163638,32,32
28526,11023,32,32
28526,11706,32,32
28620,17476,32,32
28627,153509,32,32
28716,15741,32,32
28915,17285,32,32
28977,15446,32,32
30470,11550,32,32
30470,17947,32,32
32231,10147,32,32
33512,12236,32,32
101414,10826,32,32
102601,18501,32,32
102924,11550,32,32
102924,13574,32,32
152324,29000,32,32
153759,11041,32,32
157429,159762,32,32
162539,16079,32,32
163638,11472,32,32
163638,13163,32,32
163791,21120,32,32
169911,10755,32,32
10059,10412,33,33
10107,11631,33,33
10107,15883,33,33
10107,16245,33,33
10118,10011,33,33
10118,10968,33,33
10118,15562,33,33
10118,17632,33,33
10118,20650,33,33
10126,19372,33,33
10126,21189,33,33
10147,29350,33,33
10169,11602,33,33
10186,13081,33,33
10229,22985,33,33
10262,10412,33,33
10297,20114,33,33
10320,11744,33,33
10320,14954,33,33
10340,16035,33,33
10354,11282,33,33
10388,166392,33,33
10431,10186,33,33
10471,101414,33,33
10504,19074,33,33
10558,10513,33,33
10561,17632,33,33
10562,10232,33,33
10562,31445,33,33
10604,12342,33,33
10620,10722,33,33
10691,17875,33,33
10692,13920,33,33
10794,26784,33,33
10853,25212,33,33
10884,10690,33,33
10890,23924,33,33
10899,10192,33,33
10900,26488,33,33
10999,10558,33,33
10999,16228,33,33
11110,10555,33,33
11126,10890,33,33
11282,13942,33,33
11348,10169,33,33
11354,10810,33,33
11373,11965,33,33
11373,12202,33,33
11411,10866,33,33
11422,11891,33,33
11445,18240,33,33
11506,11289,33,33
11506,152620,33,33
11507,22774,33,33
11514,11357,33,33
11532,12711,33,33
11577,13511,33,33
11623,24973,33,33
11655,15105,33,33
11709,15317,33,33
11717,12605,33,33
11749,16552,33,33
11822,10329,33,33
11877,11530,33,33
11879,20420,33,33
11904,14707,33,33
11918,13293,33,33
11918,27029,33,33
11918,159685,33,33
11955,13920,33,33
12007,27982,33,33
12049,10312,33,33
12049,10652,33,33
12068,10205,33,33
12068,100492,33,33
12202,18773,33,33
12299,22718,33,33
12342,18116,33,33
12344,152620,33,33
12412,11560,33,33
12430,10920,33,33
12443,16552,33,33
12452,10481,33,33
12479,14079,33,33
12678,10972,33,33
12769,13511,33,33
12900,10682,33,33
12901,18827,33,33
13064,10297,33,33
13109,10764,33,33
13124,11303,33,33
13293,15888,33,33
13323,15093,33,33
13500,12790,33,33
13530,19678,33,33
13530,23954,33,33
13574,162649,33,33
13641,18451,33,33
13641,19996,33,33
13724,10235,33,33
13925,17826,33,33
14012,28743,33,33
14076,10685,33,33
14091,10154,33,33
14379,10755,33,33
14567,16419,33,33
14617,18149,33,33
14707,18513,33,33
14788,101892,33,33
14876,11891,33,33
15125,11532,33,33
15125,16531,33,33
15192,21781,33,33
15192,102954,33,33
15357,11809,33,33
15562,11357,33,33
15697,19351,33,33
15702,12711,33,33
15778,13118,33,33
15862,11904,33,33
16067,23839,33,33
16079,12096,33,33
16176,23500,33,33
16254,12790,33,33
16290,16750,33,33
16473,11059,33,33
16512,12591,33,33
16595,14379,33,33
16696,13635,33,33
16803,12708,33,33
16987,10203,33,33
17021,28219,33,33
17201,21057,33,33
17392,13288,33,33
17433,25532,33,33
17450,12996,33,33
17580,13490,33,33
17826,11925,33,33
17963,11918,33,33
18132,15542,33,33
18230,10890,33,33
18413,10205,33,33
18456,10474,33,33
18691,19351,33,33
18924,10274,33,33
19451,19751,33,33
20114,10265,33,33
20199,10011,33,33
20401,11223,33,33
20727,24149,33,33
21175,11511,33,33
21897,13288,33,33
21958,10372,33,33
21958,23742,33,33
22330,156960,33,33
22354,10244,33,33
22899,152620,33,33
23100,156960,33,33
23190,10297,33,33
23431,15925,33,33
23478,152696,33,33
23513,10779,33,33
23513,16987,33,33
23573,10771,33,33
23580,16579,33,33
23777,49886,33,33
24186,10794,33,33
24973,102786,33,33
25422,13109,33,33
26039,16067,33,33
26594,12569,33,33
27300,10362,33,33
27427,10274,33,33
27427,10568,33,33
28122,17392,33,33
28173,152621,33,33
28224,19678,33,33
30461,14091,33,33
31679,10433,33,33
31679,25192,33,33
33414,13628,33,33
33610,12573,33,33
101194,11935,33,33
103220,10564,33,33
153102,165340,33,33
153509,12452,33,33
153509,16155,33,33
153943,10133,33,33
154207,10011,33,33
154207,10433,33,33
155684,13288,33,33
155809,10242,33,33
157429,152642,33,33
158245,13288,33,33
160183,100554,33,33
162396,15078,33,33
162539,10679,33,33
10059,13574,34,34
10059,19983,34,34
10118,17970,34,34
10118,18089,34,34
10144,16552,34,34
10227,18240,34,34
10229,17970,34,34
10297,23431,34,34
10297,166047,34,34
10340,11415,34,34
10463,10554,34,34
10523,154769,34,34
10554,18663,34,34
10554,20650,34,34
10568,10707,34,34
10590,10118,34,34
10590,11368,34,34
10590,12368,34,34
10590,13908,34,34
10604,16622,34,34
10617,14767,34,34
10617,176866,34,34
10630,19983,34,34
10646,11678,34,34
10646,27029,34,34
10747,11749,34,34
10755,22078,34,34
10768,10564,34,34
10768,21466,34,34
10779,10265,34,34
10779,12900,34,34
10780,11411,34,34
10780,22465,34,34
10791,14076,34,34
10883,10237,34,34
10899,16699,34,34
10972,11530,34,34
11011,12202,34,34
11026,25588,34,34
11029,20365,34,34
11126,14084,34,34
11258,10227,34,34
11262,10192,34,34
11289,10213,34,34
11289,14230,34,34
11319,14783,34,34
11336,12113,34,34
11336,101119,34,34
11340,10231,34,34
11354,18456,34,34
11356,10415,34,34
11404,19094,34,34
11472,11226,34,34
11506,10213,34,34
11506,152621,34,34
11507,14650,34,34
11514,156960,34,34
11577,30260,34,34
11605,10415,34,34
11646,26916,34,34
11655,12007,34,34
11655,12049,34,34
11747,13920,34,34
11747,163719,34,34
11918,10265,34,34
11918,11323,34,34
12050,14230,34,34
12061,21322,34,34
12187,13574,34,34
12250,15149,34,34
12250,15321,34,34
12281,10384,34,34
12307,159685,34,34
12344,11550,34,34
12616,11749,34,34
12678,12769,34,34
12739,18591,34,34
13104,162539,34,34
13253,24355,34,34
13301,11213,34,34
13530,27665,34,34
13612,10668,34,34
13905,10555,34,34
13908,13293,34,34
14084,15093,34,34
14096,11134,34,34
14164,10236,34,34
14164,12049,34,34
14164,13301,34,34
14176,10125,34,34
14259,11404,34,34
14432,15027,34,34
14432,27300,34,34
14482,10123,34,34
14671,13908,34,34
15001,14954,34,34
15062,11646,34,34
15115,14416,34,34
15115,17580,34,34
15448,15192,34,34
15542,18132,34,34
15609,14012,34,34
15609,152857,34,34
15649,15798,34,34
15881,11316,34,34
16008,16079,34,34
16328,12815,34,34
16425,10722,34,34
16425,11747,34,34
16425,11780,34,34
16803,20080,34,34
17037,14707,34,34
17103,14788,34,34
17155,12605,34,34
17155,14588,34,34
17201,102954,34,34
17389,10200,34,34
17392,10433,34,34
17651,13246,34,34
17651,15115,34,34
17721,17176,34,34
17742,29516,34,34
17881,16097,34,34
18111,11617,34,34
18126,10788,34,34
18246,17176,34,34
18773,13490,34,34
19348,17091,34,34
19661,16903,34,34
19689,100515,34,34
19884,10123,34,34
20199,10251,34,34
21719,10668,34,34
22218,12028,34,34
22397,12452,34,34
22827,10504,34,34
22985,11793,34,34
23042,18089,34,34
23251,11115,34,34
23340,17150,34,34
23393,12061,34,34
23431,16097,34,34
23561,10755,34,34
23580,13288,34,34
23721,10236,34,34
23811,25192,34,34
23849,16067,34,34
24382,11955,34,34
24447,12099,34,34
24603,162543,34,34
25064,10590,34,34
25192,13738,34,34
25339,13397,34,34
25477,13109,34,34
26039,19678,34,34
26137,10825,34,34
26137,12903,34,34
26137,14295,34,34
26282,11022,34,34
26377,20839,34,34
26556,164741,34,34
27055,15452,34,34
27610,10380,34,34
27882,164741,34,34
28627,10571,34,34
28915,13288,34,34
29014,163638,34,34
29743,152642,34,34
29891,11631,34,34
31377,101414,34,34
100139,13500,34,34
101194,10876,34,34
152696,152620,34,34
153759,10169,34,34
159614,11472,34,34
162543,11657,34,34
163791,10646,34,34
10065,16649,35,35
10116,10685,35,35
10126,12711,35,35
10126,17296,35,35
10126,20441,35,35
10133,12900,35,35
10203,11052,35,35
10205,10154,35,35
10205,14536,35,35
10206,10968,35,35
10229,15250,35,35
10262,17930,35,35
10265,10133,35,35
10265,17130,35,35
10297,10480,35,35
10312,10156,35,35
10340,12113,35,35
10362,10788,35,35
10384,10134,35,35
10388,12299,35,35
10427,17615,35,35
10445,14346,35,35
10558,15262,35,35
10561,10231,35,35
10568,10342,35,35
10780,27002,35,35
10826,13920,35,35
10927,26523,35,35
10972,14941,35,35
10979,10554,35,35
10981,165560,35,35
11006,101053,35,35
11023,11476,35,35
11052,20694,35,35
11110,16008,35,35
11165,11891,35,35
11165,12049,35,35
11165,17875,35,35
11187,17433,35,35
11258,10523,35,35
11288,166337,35,35
11289,14346,35,35
11289,14650,35,35
11420,10462,35,35
11422,11191,35,35
11506,10125,35,35
11511,12202,35,35
11530,17930,35,35
11577,14230,35,35
11602,10920,35,35
11605,10568,35,35
11609,23973,35,35
11655,11965,35,35
11717,11303,35,35
11822,14613,35,35
11879,11927,35,35
11925,10854,35,35
11936,12891,35,35
12049,154769,35,35
12050,10728,35,35
12088,27752,35,35
12098,12088,35,35
12098,15391,35,35
12187,18242,35,35
12312,11904,35,35
12312,15187,35,35
12342,11822,35,35
12343,15105,35,35
12344,28219,35,35
12447,10072,35,35
12447,19206,35,35
12616,11550,35,35
12708,10205,35,35
12880,27429,35,35
12903,49582,35,35
13127,12299,35,35
13206,20269,35,35
13306,166326,35,35
13353,10073,35,35
13353,10755,35,35
13477,10561,35,35
13738,13288,35,35
13925,21944,35,35
14012,10668,35,35
14076,15562,35,35
14355,11258,35,35
14361,20739,35,35
14389,11780,35,35
14454,11224,35,35
14650,10564,35,35
14650,13641,35,35
14650,16254,35,35
14707,164383,35,35
14874,26083,35,35
15115,14420,35,35
15187,15307,35,35
15192,13725,35,35
15234,102786,35,35
15569,11410,35,35
15625,10067,35,35
15697,14379,35,35
15753,10902,35,35
15753,11879,35,35
15778,14443,35,35
15869,11809,35,35
16067,15125,35,35
16112,10793,35,35
16155,19351,35,35
16176,22538,35,35
16486,15192,35,35
17161,14346,35,35
17201,14597,35,35
18192,15819,35,35
18398,10707,35,35
18445,15187,35,35
18677,10011,35,35
19233,11717,35,35
19351,12591,35,35
20181,165061,35,35
21147,12281,35,35
22210,10099,35,35
22538,18761,35,35
22967,12903,35,35
23363,104697,35,35
23671,10412,35,35
24141,20185,35,35
24281,17637,35,35
24973,19206,35,35
25052,13942,35,35
25192,10668,35,35
25199,10999,35,35
25422,10183,35,35
25694,16512,35,35
26039,14454,35,35
26743,15697,35,35
27665,10329,35,35
28398,11110,35,35
100541,10123,35,35
152696,17970,35,35
152696,154133,35,35
153836,100139,35,35
154122,10171,35,35
155685,49582,35,35
156783,11511,35,35
157260,23630,35,35
160183,15806,35,35
160183,100492,35,35
166778,11368,35,35
174571,10320,35,35
10059,15234,36,36
10099,10604,36,36
10107,10196,36,36
10116,10144,36,36
10118,11428,36,36
10118,26757,36,36
10126,10825,36,36
10126,11631,36,36
10126,18471,36,36
10126,23054,36,36
10133,16438,36,36
10134,13232,36,36
10134,17137,36,36
10154,10118,36,36
10156,29187,36,36
10186,19758,36,36
10192,29689,36,36
10229,21958,36,36
10242,23299,36,36
10265,20114,36,36
10340,11126,36,36
10340,163791,36,36
10342,26566,36,36
10384,10231,36,36
10428,10510,36,36
10474,21120,36,36
10474,23973,36,36
10513,16356,36,36
10528,12996,36,36
10547,11029,36,36
10554,12474,36,36
10554,49582,36,36
10555,15105,36,36
10562,12344,36,36
10590,10968,36,36
10599,10692,36,36
10630,100855,36,36
10646,11891,36,36
10679,21808,36,36
10747,104697,36,36
10791,11406,36,36
10810,101736,36,36
10826,14949,36,36
10826,29689,36,36
10854,155853,36,36
10876,15357,36,36
10899,11213,36,36
10902,11006,36,36
11062,14076,36,36
11126,15192,36,36
11126,23500,36,36
11191,11965,36,36
11264,21958,36,36
11282,25052,36,36
11316,11472,36,36
11316,12901,36,36
11316,23224,36,36
11336,11550,36,36
11340,11041,36,36
11354,18240,36,36
11356,163791,36,36
11373,10692,36,36
11411,13434,36,36
11506,15262,36,36
11577,11368,36,36
11606,14788,36,36
11617,101414,36,36
11678,10968,36,36
11709,11766,36,36
11772,11392,36,36
11934,22006,36,36
11976,16419,36,36
12025,10692,36,36
12050,14096,36,36
12118,14168,36,36
12151,15819,36,36
12160,10312,36,36
12187,12701,36,36
12193,10297,36,36
12342,11904,36,36
12344,10866,36,36
12452,12711,36,36
12483,11282,36,36
12567,11289,36,36
12635,11392,36,36
12701,13293,36,36
12880,25219,36,36
12928,11605,36,36
13064,14091,36,36
13288,15910,36,36
13383,10192,36,36
13383,10474,36,36
13383,23240,36,36
13513,11423,36,36
13635,10826,36,36
13660,28526,36,36
13765,11059,36,36
13782,166328,36,36
13846,14527,36,36
14091,10646,36,36
14091,12819,36,36
14091,12857,36,36
14176,13846,36,36
14259,10646,36,36
14292,11560,36,36
14588,16412,36,36
14874,20441,36,36
15187,153756,36,36
15250,23742,36,36
15331,10794,36,36
15569,18806,36,36
15609,28551,36,36
15869,13543,36,36
15881,13115,36,36
16176,159685,36,36
16209,13464,36,36
16473,20478,36,36
16512,15307,36,36
16519,12569,36,36
16803,15115,36,36
16803,156783,36,36
17155,13246,36,36
17161,15881,36,36
17392,19351,36,36
17433,13738,36,36
17433,17742,36,36
17433,23482,36,36
17562,13399,36,36
17757,13477,36,36
17757,154133,36,36
17910,10791,36,36
18126,12250,36,36
18192,15262,36,36
18445,15062,36,36
18456,20119,36,36
18774,10690,36,36
18926,17415,36,36
19348,49886,36,36
20484,10011,36,36
20727,15049,36,36
20751,10825,36,36
20781,10235,36,36
20781,10274,36,36
21134,10568,36,36
21351,13511,36,36
21719,10170,36,36
22218,10412,36,36
22391,10213,36,36
22778,10652,36,36
22822,10685,36,36
22899,165340,36,36
23316,10073,36,36
23363,16035,36,36
23363,19206,36,36
23482,12236,36,36
23878,10340,36,36
25192,12312,36,36
25402,10235,36,36
26039,19240,36,36
26114,13109,36,36
27055,11110,36,36
27092,12481,36,36
27092,28627,36,36
27275,10380,36,36
28228,10755,36,36
28572,27891,36,36
100139,12050,36,36
100139,16254,36,36
100492,17546,36,36
102868,13628,36,36
152324,23340,36,36
152696,28997,36,36
153943,12118,36,36
160183,15452,36,36
163638,14848,36,36
165061,20181,36,36
171761,14069,36,36
10059,15515,37,37
10107,10559,37,37
10107,11303,37,37
10107,11392,37,37
10107,11935,37,37
10126,15845,37,37
10184,11793,37,37
10186,11356,37,37
10242,12250,37,37
10242,16883,37,37
10242,102868,37,37
10246,21873,37,37
10297,22538,37,37
10320,14199,37,37
10340,11872,37,37
10342,14069,37,37
10523,16971,37,37
10547,11749,37,37
10558,15933,37,37
10558,17617,37,37
10558,162649,37,37
10562,21711,37,37
10562,26784,37,37
10582,100492,37,37
10590,12447,37,37
10590,15562,37,37
10604,13333,37,37
10625,11605,37,37
10662,23500,37,37
10722,10679,37,37
10722,26712,37,37
10780,11793,37,37
10791,10793,37,37
10883,11602,37,37
10884,10590,37,37
11030,11289,37,37
11069,18809,37,37
11069,153756,37,37
11133,13383,37,37
11134,10590,37,37
11187,18111,37,37
11282,25892,37,37
11316,11195,37,37
11319,13283,37,37
11340,10558,37,37
11493,10994,37,37
11506,12596,37,37
11507,13884,37,37
11514,19884,37,37
11577,22822,37,37
11605,16004,37,37
11623,12769,37,37
11653,10679,37,37
11655,12307,37,37
11822,11223,37,37
11877,16544,37,37
11904,101025,37,37
11934,10890,37,37
11934,11605,37,37
11936,13942,37,37
11976,10445,37,37
12061,12250,37,37
12061,21808,37,37
12072,11235,37,37
12072,18926,37,37
12088,27150,37,37
12202,12096,37,37
12281,10262,37,37
12302,11258,37,37
12430,12113,37,37
12591,17284,37,37
12591,20018,37,37
12645,162649,37,37
12901,19751,37,37
12903,11406,37,37
13064,11879,37,37
13276,10171,37,37
13323,10051,37,37
13333,11904,37,37
13333,18116,37,37
13574,10747,37,37
13683,13109,37,37
13925,26566,37,37
14084,15778,37,37
14230,163638,37,37
14555,26883,37,37
15018,21991,37,37
15250,10372,37,37
15608,12645,37,37
15609,18720,37,37
15762,11780,37,37
15888,13170,37,37
16025,24331,37,37
16067,25532,37,37
16290,10968,37,37
16396,11297,37,37
16512,158245,37,37
16803,11471,37,37
16971,15883,37,37
17155,10156,37,37
17155,14432,37,37
17201,11428,37,37
17392,20462,37,37
17433,18013,37,37
17757,11400,37,37
17963,11030,37,37
18242,13803,37,37
20370,10123,37,37
20370,10200,37,37
20898,29000,37,37
21189,26566,37,37
21519,10568,37,37
21931,163638,37,37
22004,10468,37,37
22178,13318,37,37
22218,10685,37,37
22218,15006,37,37
22391,163638,37,37
23561,18566,37,37
23742,11793,37,37
23954,10123,37,37
24453,11505,37,37
24539,15697,37,37
24765,10528,37,37
24883,18716,37,37
25052,11415,37,37
25694,11476,37,37
26039,13288,37,37
26039,16122,37,37
26083,20119,37,37
26238,17970,37,37
26238,152621,37,37
26285,10297,37,37
27055,15806,37,37
27092,159900,37,37
27362,10123,37,37
27427,10690,37,37
27552,10620,37,37
27882,18471,37,37
28396,10366,37,37
29310,10960,37,37
30530,14168,37,37
33610,166047,37,37
100563,19751,37,37
100643,10481,37,37
102619,11011,37,37
153943,10890,37,37
159900,27092,37,37
159900,153509,37,37
162783,20462,37,37
164298,164741,37,37
166328,12704,37,37
166778,11766,37,37
171761,13952,37,37
10059,10206,38,38
10059,10794,38,38
10065,10646,38,38
10072,11029,38,38
10107,10203,38,38
10107,17875,38,38
10116,10340,38,38
10116,12028,38,38
10126,100492,38,38
10154,25767,38,38
10186,15798,38,38
10192,11955,38,38
10196,11110,38,38
10198,152620,38,38
10203,10265,38,38
10227,18456,38,38
10229,10340,38,38
10320,17890,38,38
10342,13952,38,38
10463,11704,38,38
10534,157432,38,38
10558,14481,38,38
10561,10920,38,38
10646,26083,38,38
10662,11809,38,38
10689,11319,38,38
10780,23371,38,38
10791,10685,38,38
10791,21958,38,38
10794,13574,38,38
10810,20119,38,38
10826,10722,38,38
10842,100725,38,38
10883,10558,38,38
10939,13118,38,38
10960,11195,38,38
10994,22538,38,38
11030,14076,38,38
11041,14020,38,38
11134,21718,38,38
11213,10554,38,38
11297,218885,38,38
11340,10513,38,38
11354,17475,38,38
11373,15105,38,38
11411,11550,38,38
11423,25477,38,38
11506,10116,38,38
11506,13276,38,38
11532,10183,38,38
11550,10229,38,38
11577,15562,38,38
11602,17970,38,38
11646,153910,38,38
11653,15115,38,38
11704,12113,38,38
11793,10134,38,38
11927,10265,38,38
11934,11471,38,38
11965,10227,38,38
11976,11415,38,38
12025,18553,38,38
12072,19719,38,38
12072,24197,38,38
12107,10072,38,38
12107,11029,38,38
12202,10722,38,38
12202,29689,38,38
12260,14783,38,38
12307,10779,38,38
12343,14588,38,38
12343,23721,38,38
12360,10156,38,38
12549,10184,38,38
12567,11316,38,38
12591,27891,38,38
12591,100541,38,38
12596,10415,38,38
12605,14084,38,38
12616,11415,38,38
12901,19396,38,38
13009,10983,38,38
13306,25517,38,38
13333,17342,38,38
13477,10380,38,38
13612,100167,38,38
13641,15687,38,38
13660,15542,38,38
13949,10902,38,38
14012,16734,38,38
14012,18700,38,38
14076,10125,38,38
14091,12099,38,38
14199,10196,38,38
14214,12515,38,38
14361,11375,38,38
14788,12028,38,38
15050,10366,38,38
15068,153863,38,38
15115,10788,38,38
15192,14461,38,38
15307,13109,38,38
15370,166392,38,38
15569,20031,38,38
15608,17947,38,38
15609,21560,38,38
15697,18720,38,38
15697,19675,38,38
15913,11514,38,38
16064,10231,38,38
16064,13908,38,38
16328,10590,38,38
16425,11511,38,38
16486,14919,38,38
16801,10468,38,38
17093,19351,38,38
17188,14941,38,38
17963,15062,38,38
18240,14588,38,38
18242,17894,38,38
18456,18240,38,38
18496,14654,38,38
18520,102493,38,38
19638,15322,38,38
19675,10755,38,38
20012,156960,38,38
20181,11877,38,38
20751,10481,38,38
21134,11316,38,38
21147,13746,38,38
21588,162539,38,38
21885,12187,38,38
22545,15883,38,38
22778,10236,38,38
23100,24149,38,38
23393,10332,38,38
23393,10679,38,38
23513,15357,38,38
23573,11476,38,38
23573,101336,38,38
23849,12236,38,38
24447,10354,38,38
25683,11373,38,38
26301,11133,38,38
26377,26743,38,38
26462,11030,38,38
27441,12761,38,38
27897,10200,38,38
100492,11865,38,38
103220,13009,38,38
158109,10513,38,38
10065,14588,39,39
10107,102868,39,39
10116,163791,39,39
10126,14588,39,39
10133,12072,39,39
10173,21334,39,39
10184,10561,39,39
10203,11303,39,39
10213,17615,39,39
10217,10154,39,39
10237,11623,39,39
10265,163342,39,39
10268,11872,39,39
10297,12860,39,39
10320,15001,39,39
10340,11348,39,39
10342,18412,39,39
10384,152620,39,39
10412,10564,39,39
10504,15105,39,39
10562,10461,39,39
10599,11129,39,39
10599,16971,39,39
10640,13318,39,39
10646,11935,39,39
10646,21471,39,39
10646,23716,39,39
10679,13782,39,39
10682,17130,39,39
10776,10646,39,39
10793,166337,39,39
10794,10979,39,39
10876,11503,39,39
10890,17601,39,39
10999,10513,39,39
11100,14091,39,39
11162,10192,39,39
11195,19396,39,39
11223,157432,39,39
11373,18456,39,39
11404,14527,39,39
11404,22349,39,39
11423,13530,39,39
11506,11877,39,39
11530,16544,39,39
11577,11319,39,39
11602,11022,39,39
11606,23973,39,39
11772,10547,39,39
11872,17584,39,39
11935,15278,39,39
11976,21241,39,39
12049,11965,39,39
12050,14346,39,39
12050,21874,39,39
12068,11509,39,39
12068,16097,39,39
12088,13073,39,39
12088,25684,39,39
12160,21255,39,39
12342,15391,39,39
12412,23455,39,39
12605,12072,39,39
12616,11297,39,39
12701,10462,39,39
13064,10154,39,39
13064,14671,39,39
13293,16064,39,39
13333,11532,39,39
13377,10170,39,39
13383,17580,39,39
13511,12677,39,39
13511,15649,39,39
13530,15862,39,39
13905,12250,39,39
14076,10547,39,39
14091,20696,39,39
14230,22391,39,39
14292,11319,39,39
14874,19372,39,39
14884,157414,39,39
15018,12474,39,39
15515,11375,39,39
15546,10366,39,39
16209,10154,39,39
16438,159762,39,39
16486,14597,39,39
16590,19094,39,39
16803,24076,39,39
16901,12159,39,39
17161,39795,39,39
17177,15883,39,39
17188,18716,39,39
17344,15562,39,39
17475,11357,39,39
17651,162543,39,39
18445,11532,39,39
18445,11904,39,39
18451,13163,39,39
18806,10116,39,39
18924,10268,39,39
19233,17177,39,39
20018,15697,39,39
20837,164741,39,39
21719,10468,39,39
21958,102924,39,39
22148,103220,39,39
22822,10793,39,39
23573,18091,39,39
23573,20839,39,39
23948,10051,39,39
23948,15778,39,39
24382,11011,39,39
24404,14084,39,39
24973,11529,39,39
26039,11505,39,39
26282,11562,39,39
27552,10707,39,39
100306,10169,39,39
102619,11955,39,39
152696,162649,39,39
152857,10755,39,39
156308,11489,39,39
158191,49582,39,39
159900,10571,39,39
10051,11129,40,40
10051,15883,40,40
10065,10779,40,40
10118,11609,40,40
10118,13293,40,40
10118,22780,40,40
10126,26556,40,40
10169,10462,40,40
10198,14481,40,40
10213,10635,40,40
10229,30545,40,40
10231,153102,40,40
10274,17562,40,40
10305,10144,40,40
10312,13817,40,40
10388,154383,40,40
10445,16400,40,40
10474,10780,40,40
10562,152620,40,40
10568,11006,40,40
10590,12739,40,40
10599,10126,40,40
10646,10662,40,40
10652,20080,40,40
10679,12096,40,40
10776,11560,40,40
10794,24973,40,40
10854,25475,40,40
10876,16987,40,40
10890,101194,40,40
10927,10133,40,40
10994,28943,40,40
11006,10690,40,40
11126,12072,40,40
11195,11766,40,40
11264,10630,40,40
11264,18466,40,40
11303,12860,40,40
11354,12007,40,40
11445,13118,40,40
11514,10366,40,40
11577,25181,40,40
11605,11126,40,40
11744,162543,40,40
11819,22985,40,40
11872,11069,40,40
11877,12281,40,40
11918,12007,40,40
11926,10198,40,40
11927,102123,40,40
11955,13635,40,40
12025,10156,40,40
12299,23364,40,40
12302,21322,40,40
12312,15660,40,40
12344,10462,40,40
12344,11819,40,40
12479,13300,40,40
12573,10244,40,40
12591,19351,40,40
12616,10134,40,40
12701,10229,40,40
12815,10116,40,40
13246,10788,40,40
13278,17910,40,40
13288,14314,40,40
13301,10779,40,40
13511,14941,40,40
13908,14649,40,40
14012,16682,40,40
14084,16519,40,40
14230,16899,40,40
14617,11865,40,40
14707,10183,40,40
14945,12567,40,40
14954,10692,40,40
15515,11428,40,40
15562,13628,40,40
16008,13905,40,40
16290,11428,40,40
16328,11013,40,40
16328,12857,40,40
17285,16512,40,40
17433,16824,40,40
17433,22834,40,40
17592,11605,40,40
17963,12159,40,40
17963,20462,40,40
18456,14432,40,40
20370,13109,40,40
20484,11423,40,40
20504,162539,40,40
21682,12573,40,40
22313,22858,40,40
23371,17947,40,40
23716,26566,40,40
23722,22827,40,40
23849,20371,40,40
24128,11195,40,40
24303,11927,40,40
24404,11927,40,40
25264,14295,40,40
25344,11316,40,40
25995,10504,40,40
28398,14389,40,40
29310,163638,40,40
30809,13288,40,40
101414,10776,40,40
102062,25532,40,40
157860,10105,40,40
166778,10974,40,40
10059,11926,41,41
10065,10474,41,41
10133,10051,41,41
10133,10779,41,41
10196,14420,41,41
10198,10229,41,41
10198,10462,41,41
10205,18006,41,41
10229,12187,41,41
10232,12515,41,41
10235,12790,41,41
10265,11717,41,41
10297,12202,41,41
10320,23431,41,41
10342,19092,41,41
10559,15370,41,41
10561,24146,41,41
10562,10462,41,41
10625,21471,41,41
10691,15873,41,41
10707,14420,41,41
10747,12769,41,41
10755,29516,41,41
10768,152621,41,41
10776,10968,41,41
10899,22538,41,41
10994,10968,41,41
11052,14783,41,41
11069,13333,41,41
11100,11472,41,41
11195,22546,41,41
11264,10305,41,41
11336,10134,41,41
11354,11258,41,41
11354,16699,41,41
11368,10547,41,41
11373,16696,41,41
11406,14649,41,41
11472,10232,41,41
11507,11560,41,41
11877,17930,41,41
11879,19463,41,41
11904,101219,41,41
11934,10265,41,41
12088,13206,41,41
12088,23220,41,41
12202,10196,41,41
12253,12368,41,41
12312,19004,41,41
12312,25902,41,41
12344,15819,41,41
12447,96565,41,41
12452,16801,41,41
12573,17633,41,41
12605,21665,41,41
12701,154133,41,41
12857,10274,41,41
12880,24664,41,41
13073,13333,41,41
13135,101414,41,41
13301,10236,41,41
13511,10979,41,41
13635,102619,41,41
13846,11297,41,41
13908,20667,41,41
14084,12118,41,41
14091,165341,41,41
14176,13746,41,41
14196,11162,41,41
14352,23513,41,41
14432,10652,41,41
14482,12236,41,41
14788,12678,41,41
15066,14855,41,41
15562,49886,41,41
15588,11493,41,41
15649,10685,41,41
16112,13249,41,41
16328,10690,41,41
16519,12605,41,41
16589,166047,41,41
17037,11904,41,41
17415,10372,41,41
17910,10599,41,41
18242,13671,41,41
18553,29187,41,41
20114,23513,41,41
20185,10105,41,41
20391,12250,41,41
20401,10123,41,41
21020,11059,41,41
21569,20119,41,41
21782,22215,41,41
22774,16419,41,41
23580,25192,41,41
24699,153863,41,41
24908,10388,41,41
25345,11059,41,41
26784,10866,41,41
29000,18566,41,41
101118,100855,41,41
101219,10200,41,41
163638,22729,41,41
10059,13323,42,42
10107,12202,42,42
10118,10547,42,42
10134,11704,42,42
10169,10999,42,42
10198,10902,42,42
10203,11631,42,42
10213,10564,42,42
10229,18842,42,42
10265,16699,42,42
10332,19092,42,42
10340,13232,42,42
10342,20612,42,42
10412,11392,42,42
10554,10116,42,42
10558,13949,42,42
10568,14416,42,42
10582,16971,42,42
10590,11030,42,42
10625,10265,42,42
10625,12635,42,42
10690,11013,42,42
10768,11336,42,42
10791,12193,42,42
10794,19661,42,42
10810,25447,42,42
10890,23513,42,42
10899,15782,42,42
11062,11356,42,42
11152,11282,42,42
11165,10640,42,42
11187,17483,42,42
11191,15105,42,42
11224,18091,42,42
11282,11976,42,42
11323,16385,42,42
11404,24883,42,42
11423,13069,42,42
11493,11348,42,42
11507,10690,42,42
11550,13434,42,42
11609,14259,42,42
11655,11416,42,42
11709,15720,42,42
11747,12096,42,42
11766,10173,42,42
11879,21551,42,42
12250,26566,42,42
12368,19305,42,42
12447,13006,42,42
12447,152696,42,42
13064,10791,42,42
13081,18716,42,42
13135,18149,42,42
13153,18116,42,42
13278,12253,42,42
13511,16590,42,42
13908,15286,42,42
14012,27665,42,42
14481,11819,42,42
14617,14876,42,42
14788,10072,42,42
15018,10968,42,42
15105,19372,42,42
15187,12573,42,42
15251,14420,42,42
15609,29817,42,42
15741,11472,42,42
15762,11511,42,42
16097,11657,42,42
16122,10755,42,42
16254,12050,42,42
16589,12342,42,42
16803,24578,42,42
17093,17633,42,42
17185,11493,42,42
17188,10415,42,42
17188,10547,42,42
17433,25897,42,42
17433,26231,42,42
17498,10403,42,42
17498,16519,42,42
17617,10513,42,42
17637,49582,42,42
17890,10320,42,42
17919,11069,42,42
18168,10692,42,42
18242,15846,42,42
18516,13645,42,42
18924,14196,42,42
19091,10332,42,42
19351,15697,42,42
19351,25897,42,42
19915,10764,42,42
20114,24404,42,42
20199,20462,42,42
20253,155778,42,42
20898,20370,42,42
21915,12510,42,42
22218,17188,42,42
22313,20667,42,42
22538,18411,42,42
22967,12236,42,42
23580,23954,42,42
24699,13671,42,42
25694,12236,42,42
25694,25517,42,42
26083,11891,42,42
26784,13069,42,42
27275,10462,42,42
27374,21781,42,42
27610,10134,42,42
27897,13109,42,42
28122,10067,42,42
28224,13288,42,42
31630,10690,42,42
101116,19206,42,42
102062,152857,42,42
102601,154383,42,42
153910,10433,42,42
157260,15446,42,42
160183,171761,42,42
162539,11780,42,42
162543,17345,42,42
174571,15115,42,42
10059,171055,43,43
10065,14432,43,43
10118,154903,43,43
10126,10826,43,43
10126,13246,43,43
10126,13779,43,43
10126,23513,43,43
10153,15608,43,43
10196,18246,43,43
10203,15093,43,43
10213,18827,43,43
10217,10169,43,43
10227,10297,43,43
10229,17415,43,43
10237,10590,43,43
10332,10107,43,43
10340,11926,43,43
10362,11392,43,43
10380,19613,43,43
10388,11445,43,43
10427,11226,43,43
10463,10305,43,43
10474,11316,43,43
10554,10513,43,43
10562,12159,43,43
10568,13925,43,43
10582,162543,43,43
10620,100492,43,43
10690,13724,43,43
10707,11006,43,43
10779,10203,43,43
10890,23500,43,43
11029,10547,43,43
11062,10984,43,43
11213,10154,43,43
11213,11653,43,43
11297,171055,43,43
11354,10403,43,43
11354,13153,43,43
11411,10134,43,43
11423,13288,43,43
11506,11297,43,43
11506,11749,43,43
11623,10412,43,43
11653,21471,43,43
11934,15782,43,43
11955,17721,43,43
11965,17091,43,43
12007,12193,43,43
12068,10555,43,43
12160,11191,43,43
12193,27029,43,43
12260,11282,43,43
12344,10231,43,43
12567,25767,43,43
12573,15702,43,43
12591,17037,43,43
12645,11411,43,43
12677,10776,43,43
12928,13323,43,43
13206,21620,43,43
13206,22078,43,43
13323,16519,43,43
13574,13949,43,43
13612,11503,43,43
13641,17562,43,43
13660,11069,43,43
13709,15577,43,43
14012,17433,43,43
14012,25532,43,43
14261,20116,43,43
14355,10776,43,43
14389,13009,43,43
14884,20751,43,43
15115,16008,43,43
15192,15958,43,43
15322,19638,43,43
15452,10679,43,43
15608,15262,43,43
15609,21897,43,43
15609,25532,43,43
15609,25902,43,43
15702,10460,43,43
15881,39795,43,43
16122,10468,43,43
16619,164741,43,43
16682,10433,43,43
16803,101414,43,43
17021,11819,43,43
17155,13323,43,43
17161,13115,43,43
17584,13300,43,43
17757,15819,43,43
18496,14650,43,43
18501,26132,43,43
21147,10461,43,43
22148,13115,43,43
22354,20462,43,43
23742,11926,43,43
25477,10825,43,43
26488,18286,43,43
28716,12790,43,43
76087,10523,43,43
100643,10200,43,43
100855,13081,43,43
101892,10793,43,43
102868,18412,43,43
154383,15107,43,43
10059,30260,44,44
10107,12072,44,44
10116,17103,44,44
10118,11423,44,44
10118,21519,44,44
10118,27472,44,44
10126,11655,44,44
10154,11062,44,44
10196,10242,44,44
10196,10788,44,44
10198,152621,44,44
10242,19771,44,44
10297,49886,44,44
10340,10725,44,44
10340,15262,44,44
10403,17018,44,44
10474,16396,44,44
10513,14649,44,44
10523,29187,44,44
10547,20365,44,44
10554,10968,44,44
10590,10974,44,44
10617,10107,44,44
10652,24578,44,44
10692,155853,44,44
10779,18230,44,44
10810,10652,44,44
10810,15873,44,44
10826,12096,44,44
10984,11793,44,44
10999,10231,44,44
11126,11420,44,44
11187,16617,44,44
11264,12815,44,44
11282,12567,44,44
11316,22729,44,44
11336,11749,44,44
11354,11191,44,44
11354,11425,44,44
11373,11191,44,44
11423,10144,44,44
11471,20328,44,44
11507,14567,44,44
11514,10073,44,44
11532,15609,44,44
11655,15238,44,44
11766,12412,44,44
11772,11562,44,44
11934,14084,44,44
11934,23500,44,44
11934,26556,44,44
12007,11704,44,44
12068,10242,44,44
12088,157860,44,44
12193,10876,44,44
12202,21944,44,44
12343,13635,44,44
12479,13399,44,44
12573,10842,44,44
12605,13323,44,44
12857,158008,44,44
13153,12159,44,44
13288,10011,44,44
14389,12704,44,44
14454,14012,44,44
14588,13118,44,44
14650,15741,44,44
14707,11514,44,44
15250,102924,44,44
15292,12299,44,44
15687,11766,44,44
15869,27002,44,44
16412,10236,44,44
16412,12160,44,44
17433,158479,44,44
17875,11891,44,44
17963,11532,44,44
18126,10620,44,44
18411,12645,44,44
18496,10274,44,44
18496,14196,44,44
19233,10939,44,44
19351,16025,44,44
19884,10147,44,44
19946,11303,44,44
19975,12159,44,44
20114,11605,44,44
20443,10433,44,44
21322,26566,44,44
21915,12151,44,44
22538,164298,44,44
22858,11793,44,44
22899,13434,44,44
23104,18566,44,44
23340,17476,44,44
23954,10329,44,44
24121,11011,44,44
24281,12399,44,44
24539,13288,44,44
25571,11195,44,44
26282,10134,44,44
27441,12790,44,44
29446,10268,44,44
31445,10866,44,44
101218,16067,44,44
152696,22465,44,44
154903,10685,44,44
158245,20645,44,44
162543,10983,44,44
164298,18471,44,44
186215,10692,44,44
186215,10722,44,44
10065,10099,45,45
10099,15192,45,45
10107,10927,45,45
10107,13782,45,45
10107,17161,45,45
10107,166047,45,45
10118,24050,45,45
10126,10776,45,45
10196,10620,45,45
10205,11392,45,45
10213,12479,45,45
10242,28051,45,45
10297,14874,45,45
10297,16699,45,45
10340,12901,45,45
10362,11925,45,45
10388,18501,45,45
10427,163638,45,45
10474,16886,45,45
10513,16903,45,45
10562,10866,45,45
10562,11415,45,45
10630,12187,45,45
10707,17665,45,45
10722,16097,45,45
10791,10984,45,45
10826,12202,45,45
10854,17653,45,45
10854,24975,45,45
10883,13170,45,45
10939,11065,45,45
10974,10463,45,45
11066,11319,45,45
11126,11605,45,45
11187,27485,45,45
11195,12891,45,45
11235,20593,45,45
11264,10685,45,45
11348,19638,45,45
11404,18716,45,45
11420,12193,45,45
11423,152620,45,45
11471,10625,45,45
11506,12260,45,45
11507,16254,45,45
11511,12096,45,45
11532,10460,45,45
11609,100855,45,45
11646,10842,45,45
11655,10779,45,45
11717,15192,45,45
11819,17632,45,45
11822,153910,45,45
11879,22786,45,45
11926,10153,45,45
11934,13318,45,45
12050,24050,45,45
12236,10510,45,45
12312,15702,45,45
12447,12107,45,45
12815,11507,45,45
12860,102123,45,45
13124,10156,45,45
13246,12708,45,45
13253,11822,45,45
13278,11560,45,45
13477,10902,45,45
13627,11357,45,45
13738,10329,45,45
14091,16899,45,45
14214,10974,45,45
15562,15391,45,45
15608,154133,45,45
15609,155684,45,45
16176,18471,45,45
16176,164741,45,45
16544,10110,45,45
16608,13627,45,45
17155,10340,45,45
17188,12281,45,45
17910,10320,45,45
18242,15296,45,45
18242,153863,45,45
18827,22215,45,45
19056,13628,45,45
19233,100855,45,45
19348,11191,45,45
20391,10196,45,45
20462,11182,45,45
20696,13464,45,45
23742,15753,45,45
24094,10728,45,45
25571,29484,45,45
25694,16067,45,45
27145,10134,45,45
27275,15262,45,45
27416,15446,45,45
27809,14650,45,45
28526,14536,45,45
29902,12236,45,45
37455,21719,45,45
100554,10332,45,45
152391,16025,45,45
157260,12761,45,45
162543,16328,45,45
163791,154903,45,45
165061,10449,45,45
10107,10332,46,46
10107,10854,46,46
10116,16396,46,46
10126,10523,46,46
10126,26712,46,46
10133,20837,46,46
10134,10184,46,46
10153,15888,46,46
10205,13819,46,46
10297,15883,46,46
10388,13904,46,46
10504,11891,46,46
10620,15115,46,46
10620,162539,46,46
10630,17930,46,46
10691,10107,46,46
10707,28051,46,46
10768,152620,46,46
10776,12549,46,46
10842,11182,46,46
11066,11030,46,46
11100,10274,46,46
11126,12605,46,46
11152,12761,46,46
11165,15105,46,46
11264,11976,46,46
11264,15250,46,46
11264,16901,46,46
11340,13434,46,46
11354,14767,46,46
11605,10646,46,46
11609,14230,46,46
11623,12028,46,46
11631,11927,46,46
11772,11173,46,46
11793,152620,46,46
11936,25767,46,46
12098,25264,46,46
12099,10690,46,46
12160,15883,46,46
12193,11935,46,46
12281,10972,46,46
12360,10523,46,46
12901,14196,46,46
12928,10265,46,46
13019,11336,46,46
13232,14671,46,46
13323,11052,46,46
13908,15819,46,46
13925,17176,46,46
14091,100139,46,46
14389,20335,46,46
14481,13908,46,46
15391,10200,46,46
15562,12202,46,46
15806,10679,46,46
15888,12474,46,46
16209,22215,46,46
16328,10065,46,46
16374,17091,46,46
16608,11357,46,46
16617,26792,46,46
16803,11006,46,46
16803,13246,46,46
17374,11472,46,46
18242,15158,46,46
18445,11030,46,46
18501,13904,46,46
18501,15107,46,46
18924,14654,46,46
21351,17177,46,46
21471,11891,46,46
22313,11819,46,46
22778,12049,46,46
23104,20462,46,46
23722,15187,46,46
24128,10728,46,46
26743,10433,46,46
27610,15262,46,46
27897,12236,46,46
28526,13819,46,46
38332,12236,46,46
100139,10568,46,46
100139,12099,46,46
101116,12281,46,46
102493,163638,46,46
158008,11766,46,46
10107,15881,47,47
10134,10153,47,47
10154,14346,47,47
10235,11766,47,47
10242,11744,47,47
10268,15034,47,47
10297,10342,47,47
10354,10568,47,47
10354,14536,47,47
10380,13170,47,47
10445,13300,47,47
10445,14824,47,47
10498,10582,47,47
10547,41482,47,47
10562,10728,47,47
10582,10599,47,47
10689,21931,47,47
10755,155685,47,47
10768,11297,47,47
10771,16531,47,47
10794,14671,47,47
10884,10065,47,47
10999,12474,47,47
11029,19206,47,47
11258,11503,47,47
11264,10415,47,47
11264,11288,47,47
11282,14346,47,47
11288,11530,47,47
11289,11195,47,47
11356,12028,47,47
11416,10662,47,47
11420,10372,47,47
11425,23431,47,47
11442,12368,47,47
11493,16903,47,47
11506,10134,47,47
11617,11373,47,47
11640,10826,47,47
11653,10126,47,47
11744,10707,47,47
11766,14230,47,47
11877,19094,47,47
11955,11011,47,47
11955,12202,47,47
12160,17177,47,47
12338,23716,47,47
12447,12113,47,47
12510,14084,47,47
12515,10564,47,47
12549,10968,47,47
12616,154133,47,47
12857,10554,47,47
12900,11052,47,47
12901,12099,47,47
13009,162539,47,47
13081,14527,47,47
13249,11162,47,47
13427,13006,47,47
13500,10232,47,47
13500,100139,47,47
13530,18720,47,47
14012,20401,47,47
14091,10690,47,47
14091,20781,47,47
15115,12708,47,47
15192,13797,47,47
15331,11356,47,47
15332,10689,47,47
15862,14707,47,47
16590,162833,47,47
16617,10366,47,47
16696,19697,47,47
16803,11357,47,47
16899,12567,47,47
17116,15331,47,47
17592,164741,47,47
18240,20080,47,47
18242,18203,47,47
19451,12761,47,47
20114,164741,47,47
21020,156960,47,47
21373,13397,47,47
21915,11631,47,47
22004,20462,47,47
23316,10329,47,47
23328,13612,47,47
23630,10213,47,47
23722,16901,47,47
24404,13323,47,47
26365,11706,47,47
27897,16025,47,47
28122,25261,47,47
28339,10354,47,47
28368,10134,47,47
30470,154133,47,47
101116,11404,47,47
101414,11373,47,47
102062,11066,47,47
165339,10011,47,47
10065,13323,48,48
10065,13817,48,48
10107,11927,48,48
10118,15187,48,48
10126,13323,48,48
10198,14773,48,48
10229,17632,48,48
10262,11297,48,48
10262,14076,48,48
10265,17592,48,48
10268,10154,48,48
10297,10779,48,48
10340,11288,48,48
10354,15317,48,48
10354,23153,48,48
10415,22858,48,48
10558,10237,48,48
10561,10866,48,48
10617,14226,48,48
10692,22515,48,48
10780,155644,48,48
10794,22780,48,48
10826,11955,48,48
10883,12474,48,48
10884,11766,48,48
10927,12900,48,48
10984,10134,48,48
11133,10599,48,48
11288,14076,48,48
11336,15262,48,48
11348,21915,48,48
11348,22858,48,48
11503,10498,48,48
11577,14076,48,48
11602,13477,48,48
11623,14259,48,48
11646,10782,48,48
11646,162783,48,48
11772,11069,48,48
11793,11550,48,48
11879,16699,48,48
11976,12891,48,48
12098,15566,48,48
12107,100855,48,48
12307,22538,48,48
12312,21897,48,48
12343,10156,48,48
12412,13300,48,48
12569,15448,48,48
12573,20462,48,48
12591,14454,48,48
12596,12107,48,48
12790,10235,48,48
12815,12596,48,48
13153,19848,48,48
13645,11297,48,48
13884,14346,48,48
13908,13574,48,48
14012,10468,48,48
14084,11052,48,48
14292,17967,48,48
15515,10787,48,48
15546,10571,48,48
15845,10427,48,48
16328,11392,48,48
17155,11373,48,48
17201,16750,48,48
17910,10213,48,48
18445,20462,48,48
19718,13115,48,48
19839,11065,48,48
20646,11747,48,48
21368,16512,48,48
21885,11356,48,48
22354,10011,48,48
22354,10251,48,48
22960,10571,48,48
22985,15753,48,48
23312,10329,48,48
23431,14949,48,48
23811,11505,48,48
23878,10825,48,48
23991,10780,48,48
24699,159031,48,48
24908,10927,48,48
25192,10468,48,48
25897,10755,48,48
26238,10134,48,48
27150,20462,48,48
30470,11400,48,48
31445,152620,48,48
102924,11819,48,48
153836,11709,48,48
166328,11657,48,48
174571,13246,48,48
174978,11749,48,48
10126,11223,49,49
10169,21649,49,49
10262,13746,49,49
10388,10362,49,49
10431,11356,49,49
10590,18242,49,49
10662,11303,49,49
10662,20837,49,49
10690,152301,49,49
10691,25447,49,49
10791,15250,49,49
10791,22218,49,49
10900,15238,49,49
10920,11340,49,49
10972,13746,49,49
11065,101194,49,49
11066,10067,49,49
11066,13013,49,49
11134,19048,49,49
11187,17342,49,49
11223,12236,49,49
11289,18983,49,49
11336,13427,49,49
11357,166047,49,49
11514,10510,49,49
11819,10169,49,49
11819,17415,49,49
11822,10297,49,49
11934,20441,49,49
12050,10690,49,49
12107,158769,49,49
12151,12344,49,49
12151,15608,49,49
12236,10123,49,49
12302,10342,49,49
12360,11367,49,49
12510,17592,49,49
12515,11316,49,49
12645,12193,49,49
13253,15307,49,49
13612,10662,49,49
13612,14855,49,49
14012,10105,49,49
14091,10568,49,49
14650,13500,49,49
14707,10147,49,49
14707,13109,49,49
15078,13109,49,49
15207,12236,49,49
15566,18466,49,49
15609,25897,49,49
15697,11505,49,49
16122,13288,49,49
17201,16728,49,49
17592,23513,49,49
17651,10320,49,49
17768,11822,49,49
17910,10196,49,49
18573,13206,49,49
18720,16025,49,49
20114,14084,49,49
20181,11404,49,49
20441,20119,49,49
20646,11511,49,49
20696,11936,49,49
21885,30260,49,49
24281,10407,49,49
24603,160183,49,49
25517,10123,49,49
26488,14168,49,49
27002,11550,49,49
27552,11110,49,49
28122,49582,49,49
28396,10073,49,49
30951,15158,49,49
100643,13109,49,49
101194,16987,49,49
155532,15066,49,49
162543,20504,49,49
163791,14788,49,49
174571,162543,49,49
10126,11471,50,50
10126,15192,50,50
10154,11415,50,50
10169,155644,50,50
10192,10126,50,50
10213,10568,50,50
10236,21255,50,50
10415,14555,50,50
10427,41933,50,50
10463,10794,50,50
10559,16412,50,50
10568,23393,50,50
10625,10991,50,50
10707,17580,50,50
10779,10403,50,50
10826,11011,50,50
10826,17721,50,50
10854,15321,50,50
10974,101414,50,50
11187,23839,50,50
11282,21241,50,50
11404,11530,50,50
11507,12260,50,50
11532,10147,50,50
11577,10144,50,50
11602,12645,50,50
11623,24669,50,50
11646,17433,50,50
11704,12725,50,50
11793,13434,50,50
11879,11503,50,50
12151,17757,50,50
12187,11772,50,50
12510,12860,50,50
12510,18411,50,50
12582,11165,50,50
12708,11744,50,50
12711,10782,50,50
13323,11303,50,50
13497,10755,50,50
13530,10297,50,50
13635,155853,50,50
14176,11530,50,50
14389,11657,50,50
14454,13779,50,50
14555,11550,50,50
14767,102123,50,50
14941,10793,50,50
15027,10236,50,50
15762,100492,50,50
16608,17475,50,50
17201,11375,50,50
17433,158132,50,50
17498,10582,50,50
17601,164741,50,50
17963,14012,50,50
18240,14432,50,50
18451,13399,50,50
18456,14588,50,50
18591,13403,50,50
18663,10125,50,50
20031,10652,50,50
20031,11717,50,50
20285,10462,50,50
20680,20462,50,50
20898,49582,50,50
21351,14588,50,50
22515,13628,50,50
22834,12236,50,50
23455,13115,50,50
23954,10171,50,50
23991,15262,50,50
25192,17285,50,50
25690,11059,50,50
27002,10780,50,50
27665,13288,50,50
28051,13397,50,50
76087,11471,50,50
102062,11617,50,50
162543,19697,50,50
162543,28051,50,50
163638,14783,50,50
10107,10498,51,51
10118,18827,51,51
10126,14084,51,51
10173,14076,51,51
10173,16495,51,51
10196,17721,51,51
10227,17875,51,51
10231,20667,51,51
10235,23374,51,51
10237,14788,51,51
10274,10564,51,51
10274,10974,51,51
10297,15001,51,51
10380,12474,51,51
10427,13724,51,51
10523,11965,51,51
10590,12474,51,51
10599,10776,51,51
10599,12447,51,51
10662,19946,51,51
10747,16035,51,51
10755,164042,51,51
10779,11323,51,51
10794,13293,51,51
10883,11562,51,51
10999,10811,51,51
11052,12479,51,51
11187,10372,51,51
11223,12591,51,51
11224,20839,51,51
11264,10728,51,51
11303,10662,51,51
11404,11623,51,51
11415,13464,51,51
11420,11704,51,51
11511,10192,51,51
11655,20114,51,51
11772,16903,51,51
11891,19704,51,51
11926,17617,51,51
12202,156857,51,51
12343,10981,51,51
12368,18215,51,51
12928,14084,51,51
13073,13627,51,51
13246,10555,51,51
13383,10884,51,51
13383,11744,51,51
13683,10183,51,51
13709,16839,51,51
14230,16254,51,51
14707,11904,51,51
14767,152642,51,51
14811,22215,51,51
15370,13904,51,51
15542,12096,51,51
16067,12452,51,51
17037,14012,51,51
17103,13511,51,51
17392,10011,51,51
17826,10196,51,51
17910,12338,51,51
18192,12113,51,51
18242,22574,51,51
18399,10604,51,51
19690,13163,51,51
21507,13490,51,51
23500,11303,51,51
24699,17179,51,51
24700,15846,51,51
25422,10825,51,51
26238,11562,51,51
28572,12236,51,51
28716,163638,51,51
29310,12790,51,51
101118,19206,51,51
10118,11319,52,52
10118,12050,52,52
10126,13109,52,52
10173,10449,52,52
10203,61001,52,52
10231,11879,52,52
10231,22899,52,52
10265,17601,52,52
10268,25052,52,52
10342,29689,52,52
10354,11023,52,52
10498,12900,52,52
10617,157432,52,52
10690,16899,52,52
10707,10788,52,52
10764,10668,52,52
10826,11511,52,52
10876,10265,52,52
10884,10154,52,52
10884,158008,52,52
10920,15066,52,52
11030,11288,52,52
11065,10927,52,52
11126,13323,52,52
11289,18089,52,52
11404,13645,52,52
11420,10153,52,52
11530,162833,52,52
11605,12344,52,52
11609,21519,52,52
11617,11865,52,52
11623,155099,52,52
11772,12549,52,52
11793,12701,52,52
11955,12096,52,52
12050,18983,52,52
12193,16699,52,52
12344,152621,52,52
13323,12118,52,52
13635,17176,52,52
13765,15391,52,52
14076,24669,52,52
14292,10297,52,52
15546,10073,52,52
15608,10780,52,52
15778,23948,52,52
15958,13403,52,52
16079,10826,52,52
16241,10571,52,52
17250,10154,52,52
17433,13312,52,52
17910,10297,52,52
17919,10604,52,52
18413,12302,52,52
18456,23721,52,52
18611,17476,52,52
19351,11066,52,52
19351,27665,52,52
20012,11059,52,52
21931,10213,52,52
25836,10431,52,52
26301,10559,52,52
26488,14020,52,52
26784,152621,52,52
26796,11011,52,52
28173,152620,52,52
28339,11134,52,52
100139,11134,52,52
152391,10123,52,52
153102,152620,52,52
163638,13300,52,52
164298,11303,52,52
165614,10213,52,52
10059,26370,53,53
10126,11373,53,53
10153,17970,53,53
10154,11976,53,53
10229,11704,53,53
10274,18440,53,53
10342,13628,53,53
10354,11289,53,53
10559,15027,53,53
10599,10890,53,53
10599,11609,53,53
10617,14168,53,53
10625,10227,53,53
10755,18385,53,53
10776,10673,53,53
10899,11631,53,53
10981,10728,53,53
11110,11006,53,53
11110,11744,53,53
11152,11226,53,53
11152,15446,53,53
11262,11646,53,53
11262,25871,53,53
11282,11415,53,53
11282,12761,53,53
11319,11069,53,53
11354,10236,53,53
11511,13920,53,53
11511,163719,53,53
11609,18663,53,53
11655,10236,53,53
11819,19661,53,53
11877,175327,53,53
12072,11602,53,53
12072,20285,53,53
12302,10826,53,53
12344,13069,53,53
12769,10630,53,53
13293,152696,53,53
14707,17483,53,53
14811,13464,53,53
15105,22178,53,53
15546,11223,53,53
15649,11404,53,53
16155,20462,53,53
16438,157432,53,53
17201,16699,53,53
17433,16595,53,53
17580,11511,53,53
18149,14855,53,53
18761,10125,53,53
18842,10372,53,53
20142,11134,53,53
21373,10826,53,53
21519,13300,53,53
21605,10407,53,53
22148,10427,53,53
22178,12299,53,53
23100,12342,53,53
23849,11476,53,53
24453,11026,53,53
26757,11562,53,53
27002,14596,53,53
27275,10134,53,53
76087,13318,53,53
101194,15357,53,53
101892,10685,53,53
152324,49582,53,53
162543,23299,53,53
165614,11415,53,53
10099,12483,54,54
10118,13511,54,54
10118,20462,54,54
10153,12725,54,54
10154,10974,54,54
10169,162649,54,54
10198,10372,54,54
10265,14352,54,54
10297,10403,54,54
10312,19372,54,54
10332,12202,54,54
10463,15562,54,54
10474,11126,54,54
10547,10685,54,54
10646,11631,54,54
10689,13009,54,54
10722,26733,54,54
10791,11926,54,54
10794,10229,54,54
10853,11965,54,54
10890,12118,54,54
11100,10590,54,54
11264,10445,54,54
11348,19661,54,54
11406,15262,54,54
11507,12815,54,54
11609,14650,54,54
11640,14949,54,54
11772,11013,54,54
11904,11423,54,54
12007,13170,54,54
12049,29187,54,54
12107,19796,54,54
12202,14949,54,54
12307,15357,54,54
12307,16987,54,54
12399,10764,54,54
12479,21718,54,54
12701,15262,54,54
12858,13612,54,54
13034,10554,54,54
13073,11357,54,54
13249,10793,54,54
13288,10668,54,54
13383,28051,54,54
13782,10065,54,54
14084,11303,54,54
14295,10571,54,54
14361,10200,54,54
14884,29789,54,54
15027,12049,54,54
15103,11235,54,54
15115,16107,54,54
15192,16750,54,54
15562,166047,54,54
15649,11623,54,54
15753,10229,54,54
16696,17721,54,54
17103,154903,54,54
17433,27891,54,54
17963,10297,54,54
18132,12096,54,54
18518,13206,54,54
19351,25532,54,54
21120,11297,54,54
21782,13300,54,54
21958,11562,54,54
22173,11891,54,54
22178,154383,54,54
22538,14443,54,54
22576,10571,54,54
23973,10144,54,54
24539,10011,54,54
26556,11303,54,54
28627,28122,54,54
38332,10123,54,54
101336,12236,54,54
152324,10504,54,54
154207,20462,54,54
162543,156857,54,54
10051,49886,55,55
10059,13511,55,55
10072,12678,55,55
10099,14199,55,55
10107,10561,55,55
10118,10842,55,55
10118,22546,55,55
10126,20080,55,55
10134,11235,55,55
10236,10312,55,55
10415,10968,55,55
10453,153943,55,55
10554,10229,55,55
10562,165340,55,55
10590,10154,55,55
10604,17768,55,55
10652,13318,55,55
10691,10312,55,55
10755,45116,55,55
10780,23991,55,55
10876,16519,55,55
10884,11976,55,55
10981,19206,55,55
11264,12193,55,55
11406,154133,55,55
11416,11918,55,55
11423,10125,55,55
11507,10554,55,55
11935,14020,55,55
12007,10134,55,55
12061,10826,55,55
12068,11925,55,55
12098,11416,55,55
12160,10810,55,55
12160,49886,55,55
12193,18286,55,55
12193,159685,55,55
12343,10523,55,55
12483,10213,55,55
12573,11187,55,55
12573,19675,55,55
13073,11423,55,55
13246,11110,55,55
13276,10755,55,55
13500,15446,55,55
13574,16064,55,55
13574,152696,55,55
13612,10468,55,55
13765,166047,55,55
14230,10173,55,55
14230,14654,55,55
14454,15307,55,55
14707,18111,55,55
15115,102868,55,55
15566,16901,55,55
15588,10340,55,55
16155,13288,55,55
16290,11415,55,55
16622,11904,55,55
16803,16971,55,55
16910,26566,55,55
18063,10764,55,55
18842,11562,55,55
20858,11423,55,55
21373,14949,55,55
21551,10347,55,55
21651,15883,55,55
23393,162539,55,55
23580,16067,55,55
25192,13288,55,55
26083,10156,55,55
26238,10372,55,55
26556,18471,55,55
28339,10690,55,55
30260,12677,55,55
45669,10433,55,55
102493,11282,55,55
154383,26132,55,55
155099,19206,55,55
155532,10747,55,55
165341,10568,55,55
10059,16176,56,56
10099,25406,56,56
10107,11609,56,56
10126,10183,56,56
10133,12860,56,56
10134,41439,56,56
10235,20142,56,56
10297,11011,56,56
10340,104697,56,56
10380,13241,56,56
10453,22446,56,56
10534,17601,56,56
10547,166337,56,56
10685,166337,56,56
10690,23670,56,56
10883,10184,56,56
10939,11367,56,56
10960,14196,56,56
11191,10227,56,56
11289,12891,56,56
11303,15278,56,56
11354,14671,56,56
11354,20114,56,56
11356,17103,56,56
11406,11550,56,56
11445,11367,56,56
11506,11623,56,56
11617,11493,56,56
11653,24181,56,56
11749,104697,56,56
12050,11415,56,56
12050,12815,56,56
12342,11646,56,56
12479,18963,56,56
12567,12891,56,56
12880,20175,56,56
13034,49582,56,56
13135,10340,56,56
13353,10366,56,56
13660,18242,56,56
13709,16604,56,56
14650,16899,56,56
14954,26566,56,56
15307,24664,56,56
15881,17161,56,56
16008,10242,56,56
16067,14012,56,56
16619,18471,56,56
17389,13109,56,56
17389,101025,56,56
17910,11319,56,56
18445,10297,56,56
19233,14432,56,56
19409,11927,56,56
19463,10561,56,56
19833,26566,56,56
20751,13109,56,56
21866,10169,56,56
21885,13511,56,56
22825,10471,56,56
23580,16122,56,56
23924,10876,56,56
26358,12399,56,56
26594,15192,56,56
27472,17970,56,56
100139,10232,56,56
100554,162539,56,56
101118,102786,56,56
163638,13283,56,56
163791,13511,56,56
10118,11226,57,57
10118,11529,57,57
10126,10625,57,57
10126,11653,57,57
10133,10471,57,57
10173,11356,57,57
10231,11562,57,57
10242,10555,57,57
10297,11191,57,57
10297,12307,57,57
10554,10184,57,57
10590,10673,57,57
10599,10463,57,57
10625,11303,57,57
10673,10312,57,57
10722,13920,57,57
10722,155853,57,57
10764,10468,57,57
10776,12474,57,57
10776,12677,57,57
10780,21649,57,57
10876,18230,57,57
10899,11927,57,57
10960,12050,57,57
10979,11319,57,57
10984,10534,57,57
11065,16385,57,57
11110,100492,57,57
11191,21255,57,57
11223,10156,57,57
11262,24331,57,57
11282,16419,57,57
11507,100563,57,57
11577,11282,57,57
11653,13246,57,57
11793,28219,57,57
12007,154133,57,57
12160,10559,57,57
12202,13628,57,57
12236,10366,57,57
12342,18809,57,57
12479,20605,57,57
12678,10415,57,57
12678,12028,57,57
12769,102786,57,57
12903,11182,57,57
13246,17580,57,57
13278,10297,57,57
13497,10329,57,57
14084,10999,57,57
14154,154383,57,57
14432,16412,57,57
14650,14654,57,57
14788,10144,57,57
14954,13490,57,57
15562,156960,57,57
15566,13765,57,57
15608,12113,57,57
15697,49582,57,57
15741,12050,57,57
17433,27560,57,57
17546,13628,57,57
17826,11011,57,57
18240,23721,57,57
18242,13725,57,57
19351,152857,57,57
19451,10564,57,57
21866,13477,57,57
22538,23500,57,57
23954,10755,57,57
24217,10780,57,57
26792,10183,57,57
27982,10134,57,57
100643,10123,57,57
101119,10461,57,57
162783,10433,57,57
10051,172408,58,58
10154,13942,58,58
10183,10764,58,58
10262,10461,58,58
10265,10297,58,58
10274,12901,58,58
10274,18827,58,58
10340,11606,58,58
10427,11134,58,58
10513,19260,58,58
10523,12049,58,58
10559,12693,58,58
10562,12260,58,58
10625,10571,58,58
10679,10555,58,58
10768,10449,58,58
10791,17103,58,58
10794,16004,58,58
11258,11323,58,58
11264,13765,58,58
11319,11030,58,58
11319,11472,58,58
11356,11029,58,58
11617,10340,58,58
11646,10244,58,58
11678,12193,58,58
11772,15062,58,58
11918,14767,58,58
11976,11289,58,58
12099,11472,58,58
12193,12007,58,58
12596,10431,58,58
12605,14020,58,58
13081,10110,58,58
13135,11129,58,58
13333,19848,58,58
13513,18345,58,58
13779,13612,58,58
14176,11877,58,58
14707,10571,58,58
15062,11223,58,58
15115,11110,58,58
15125,14314,58,58
15192,20804,58,58
15192,27105,58,58
15238,10471,58,58
15250,11562,58,58
15588,13064,58,58
15933,165340,58,58
16622,15125,58,58
16803,10227,58,58
17768,13779,58,58
17768,24975,58,58
18411,10125,58,58
19233,14588,58,58
19348,10312,58,58
19351,12399,58,58
19396,13115,58,58
20898,11904,58,58
21351,14432,58,58
21874,10728,58,58
21885,10652,58,58
21958,11819,58,58
23042,13464,58,58
23849,22967,58,58
25671,13530,58,58
25671,17637,58,58
26114,10825,58,58
27552,11006,58,58
27665,10171,58,58
30260,15649,58,58
31630,10235,58,58
100306,13434,58,58
100352,13490,58,58
101118,10305,58,58
10107,10691,59,59
10126,11303,59,59
10126,19833,59,59
10206,10630,59,59
10206,102601,59,59
10235,13399,59,59
10320,10192,59,59
10403,12118,59,59
10474,11653,59,59
10498,16519,59,59
10523,219853,59,59
10582,11925,59,59
10690,17615,59,59
10707,16008,59,59
10755,17704,59,59
10788,12996,59,59
10793,104697,59,59
10979,11282,59,59
10979,11289,59,59
11348,27472,59,59
11354,10342,59,59
11354,10692,59,59
11602,11235,59,59
11609,22780,59,59
11780,11657,59,59
12007,164835,59,59
12107,10972,59,59
12447,15262,59,59
12701,15322,59,59
12711,18566,59,59
12901,22215,59,59
13064,11918,59,59
13500,12099,59,59
13612,10156,59,59
13660,10673,59,59
13660,15562,59,59
13925,14949,59,59
15093,10890,59,59
15609,17150,59,59
15697,16531,59,59
15753,14481,59,59
17264,13163,59,59
17768,153756,59,59
17857,156960,59,59
20407,11423,59,59
21958,13574,59,59
22313,19638,59,59
22349,11297,59,59
23500,18471,59,59
23573,22967,59,59
24699,27105,59,59
25571,24050,59,59
102062,12236,59,59
10118,11562,60,60
10118,21782,60,60
10192,11011,60,60
10237,10274,60,60
10237,101118,60,60
10265,16619,60,60
10265,155115,60,60
10340,11936,60,60
10388,10939,60,60
10388,11891,60,60
10554,10547,60,60
10679,13246,60,60
10707,11110,60,60
10707,12708,60,60
10780,10372,60,60
10780,24217,60,60
10884,12260,60,60
10927,10347,60,60
11110,10065,60,60
11110,10205,60,60
11195,12050,60,60
11288,10415,60,60
11316,20673,60,60
11336,11877,60,60
11507,14091,60,60
11631,10890,60,60
11926,10883,60,60
12151,11404,60,60
12193,14767,60,60
12343,101414,60,60
12344,10134,60,60
12430,10513,60,60
12645,10380,60,60
12769,10072,60,60
13064,49582,60,60
13612,10170,60,60
13660,10791,60,60
13738,10755,60,60
13846,13645,60,60
14788,10125,60,60
14788,10984,60,60
14941,10685,60,60
15115,10555,60,60
15234,20365,60,60
15250,13293,60,60
15753,17617,60,60
15933,152620,60,60
16617,20860,60,60
16649,10673,60,60
17890,15115,60,60
18501,166392,60,60
18938,10787,60,60
20370,10481,60,60
21134,13300,60,60
23100,11223,60,60
25261,10571,60,60
27150,18566,60,60
28833,11182,60,60
31630,11134,60,60
100492,18168,60,60
152696,26883,60,60
162543,10555,60,60
162543,11509,60,60
162543,12068,60,60
165341,10232,60,60
165341,10690,60,60
10072,16590,61,61
10107,10340,61,61
10107,162543,61,61
10126,10604,61,61
10126,13318,61,61
10147,10764,61,61
10184,152620,61,61
10192,10776,61,61
10196,11509,61,61
10206,10780,61,61
10206,11926,61,61
10297,12928,61,61
10617,16728,61,61
10625,10523,61,61
10707,14416,61,61
10854,23299,61,61
10876,11052,61,61
10927,18286,61,61
10960,14230,61,61
10984,11348,61,61
10984,22313,61,61
11134,11023,61,61
11493,18491,61,61
11506,14076,61,61
11653,19372,61,61
11877,162833,61,61
12049,21255,61,61
12099,10427,61,61
12281,11029,61,61
12299,13817,61,61
12815,16590,61,61
13100,16473,61,61
13232,13574,61,61
13318,13127,61,61
13641,12050,61,61
14230,10564,61,61
14650,100139,61,61
15192,16728,61,61
15609,154996,61,61
16209,13300,61,61
16306,12900,61,61
16622,15187,61,61
17103,22822,61,61
17201,15515,61,61
18456,20080,61,61
20114,12118,61,61
22004,10105,61,61
22004,13013,61,61
23450,10415,61,61
24121,10692,61,61
24181,26566,61,61
26233,11822,61,61
27002,15262,61,61
29446,11195,61,61
100492,21944,61,61
100855,22822,61,61
100855,219796,61,61
101414,10604,61,61
102868,11006,61,61
157260,11226,61,61
162543,15251,61,61
10107,13628,62,62
10116,101116,62,62
10118,10979,62,62
10184,162649,62,62
10196,10983,62,62
10274,14783,62,62
10297,12068,62,62
10332,14069,62,62
10372,10780,62,62
10554,15869,62,62
10582,11717,62,62
10630,102019,62,62
10646,14671,62,62
10679,17890,62,62
10685,10305,62,62
10755,19897,62,62
10779,10582,62,62
10791,163791,62,62
10883,11400,62,62
10960,11472,62,62
11029,100855,62,62
11133,16079,62,62
11297,157207,62,62
11354,11678,62,62
11406,11400,62,62
11420,17498,62,62
11507,19451,62,62
11532,10123,62,62
11550,26883,62,62
11653,20441,62,62
11717,11493,62,62
11918,10561,62,62
11926,10902,62,62
12007,15753,62,62
12118,18286,62,62
12151,11623,62,62
12312,16617,62,62
12452,10460,62,62
12645,10902,62,62
12678,11100,62,62
13246,16008,62,62
13246,102868,62,62
13293,10902,62,62
13377,10366,62,62
13779,15049,62,62
14788,11100,62,62
14884,19351,62,62
14941,100855,62,62
15192,15296,62,62
15292,13127,62,62
15609,26304,62,62
15798,10747,62,62
16328,11782,62,62
21711,11489,62,62
22330,11223,62,62
23500,164741,62,62
25239,10625,62,62
27002,17947,62,62
31630,10354,62,62
154554,11182,62,62
10118,11406,63,63
10118,14230,63,63
10118,23042,63,63
10156,21255,63,63
10184,15933,63,63
10206,10380,63,63
10242,11657,63,63
10340,10984,63,63
10340,17103,63,63
10445,166385,63,63
10534,16619,63,63
10599,11605,63,63
10630,16552,63,63
10646,11609,63,63
10779,10682,63,63
10810,29187,63,63
11066,10994,63,63
11134,10568,63,63
11258,10561,63,63
11264,11704,63,63
11348,20667,63,63
11354,17592,63,63
11506,11529,63,63
11506,11530,63,63
11530,12281,63,63
11605,11653,63,63
11609,11766,63,63
11653,21569,63,63
11822,10755,63,63
12088,11406,63,63
12302,12250,63,63
12596,12028,63,63
12701,10883,63,63
12701,28219,63,63
12708,10555,63,63
12708,171761,63,63
12769,10305,63,63
13232,10229,63,63
13383,11006,63,63
13477,11340,63,63
13513,16622,63,63
13530,14012,63,63
13689,10133,63,63
13765,153756,63,63
13908,10462,63,63
13908,11879,63,63
13925,156857,63,63
14091,10960,63,63
15115,100492,63,63
15562,153756,63,63
15609,21628,63,63
16519,10890,63,63
17188,17550,63,63
17562,13163,63,63
17592,14084,63,63
17592,24404,63,63
21373,13490,63,63
22538,28943,63,63
23240,10242,63,63
23431,10604,63,63
23431,10625,63,63
23954,10011,63,63
24699,17894,63,63
26488,10662,63,63
26523,18471,63,63
31445,152621,63,63
100492,13628,63,63
153102,13069,63,63
159900,28122,63,63
162543,16910,63,63
165061,11404,63,63
166778,11319,63,63
10107,10065,64,64
10205,11013,64,64
10213,11709,64,64
10227,12307,64,64
10235,18451,64,64
10268,24094,64,64
10340,102786,64,64
10354,10099,64,64
10362,13635,64,64
10431,30260,64,64
10523,10312,64,64
10590,11195,64,64
10599,10722,64,64
10620,10599,64,64
10662,15357,64,64
10883,12344,64,64
10883,17693,64,64
11006,24447,64,64
11066,10297,64,64
11187,15702,64,64
11195,21718,64,64
11354,11013,64,64
11354,11065,64,64
11406,10780,64,64
11507,18860,64,64
11577,11529,64,64
11606,22780,64,64
11655,17592,64,64
11926,10380,64,64
12160,16971,64,64
12193,27803,64,64
12360,11065,64,64
12515,12815,64,64
12569,10582,64,64
12815,10072,64,64
13073,17475,64,64
13530,16067,64,64
13779,10067,64,64
14230,13500,64,64
14767,162912,64,64
14811,13300,64,64
14874,17177,64,64
15115,11744,64,64
15192,17894,64,64
15286,11562,64,64
16590,17930,64,64
16801,10297,64,64
17155,12160,64,64
17177,10051,64,64
17374,10427,64,64
18168,13490,64,64
18242,16750,64,64
18518,12312,64,64
18761,10134,64,64
21682,166047,64,64
21874,13464,64,64
21958,13293,64,64
24447,10235,64,64
25239,10776,64,64
27891,12236,64,64
100492,10332,64,64
10065,16176,65,65
10229,31445,65,65
10231,22985,65,65
10265,29743,65,65
10297,18240,65,65
10332,13952,65,65
10380,12725,65,65
10427,10173,65,65
10474,12193,65,65
10547,10305,65,65
10564,12996,65,65
10617,102123,65,65
10646,12928,65,65
10722,23393,65,65
10826,156857,65,65
11213,12412,65,65
11258,10682,65,65
11288,10116,65,65
11289,21241,65,65
11348,15322,65,65
11411,28219,65,65
11416,12399,65,65
11609,21134,65,65
11772,15542,65,65
11793,17947,65,65
11822,16617,65,65
11926,10237,65,65
11934,10206,65,65
12236,21719,65,65
12360,11133,65,65
12605,11927,65,65
13064,10725,65,65
13500,10960,65,65
13724,12761,65,65
14012,13738,65,65
14096,12099,65,65
14096,163638,65,65
14617,10340,65,65
14671,17632,65,65
14874,11258,65,65
15103,13006,65,65
15697,19678,65,65
15762,10242,65,65
15798,10305,65,65
15845,12790,65,65
15862,14012,65,65
16122,17285,65,65
16328,11976,65,65
16589,24975,65,65
17910,12050,65,65
18413,12061,65,65
20646,13490,65,65
22148,10690,65,65
22538,27882,65,65
23777,10312,65,65
27711,11065,65,65
28915,10011,65,65
153102,10134,65,65
162543,102868,65,65
166047,10604,65,65
10125,218885,66,66
10198,11041,66,66
10235,13300,66,66
10340,10380,66,66
10427,11706,66,66
10453,10999,66,66
10481,10764,66,66
10504,152642,66,66
10558,13241,66,66
10590,11819,66,66
10652,22919,66,66
10747,102786,66,66
10768,12159,66,66
10776,11319,66,66
10791,11288,66,66
10794,11918,66,66
10794,13081,66,66
10927,20837,66,66
11262,17857,66,66
11289,16419,66,66
11416,11927,66,66
11422,15105,66,66
11530,19094,66,66
11766,11976,66,66
13064,10144,66,66
13645,14527,66,66
14259,10461,66,66
14432,11065,66,66
15192,153863,66,66
16544,13846,66,66
16971,49886,66,66
17592,13323,66,66
17857,16589,66,66
18520,10354,66,66
20114,13323,66,66
20328,13628,66,66
21351,10652,66,66
21958,12701,66,66
23371,154133,66,66
23630,11415,66,66
24382,13628,66,66
27427,100139,66,66
31679,15697,66,66
34905,10235,66,66
100563,12761,66,66
162539,26566,66,66
162543,10776,66,66
163638,20605,66,66
10125,10186,67,67
10126,16079,67,67
10251,11182,67,67
10340,11749,67,67
10380,20593,67,67
10427,10568,67,67
10547,100855,67,67
10561,13069,67,67
10646,22173,67,67
10768,10125,67,67
10780,15286,67,67
10884,15687,67,67
10927,10403,67,67
10979,14567,67,67
11069,24975,67,67
11134,14824,67,67
11191,29187,67,67
11195,24447,67,67
11262,27199,67,67
11511,19667,67,67
12151,12701,67,67
12281,12028,67,67
12344,13434,67,67
12412,10059,67,67
12479,14346,67,67
12701,11428,67,67
13104,162543,67,67
13293,10471,67,67
13782,11609,67,67
13884,16419,67,67
14091,10232,67,67
14096,100139,67,67
14884,16067,67,67
15115,162543,67,67
15192,21057,67,67
15357,164741,67,67
15566,11223,67,67
15609,20645,67,67
16025,100167,67,67
16617,10340,67,67
16803,10652,67,67
17161,11316,67,67
17910,11560,67,67
22899,13069,67,67
26377,11224,67,67
28526,15367,67,67
155809,11780,67,67
162649,13434,67,67
10118,10244,68,68
10126,14949,68,68
10126,20119,68,68
10169,11879,68,68
10192,12096,68,68
10196,11006,68,68
10274,10635,68,68
10412,12815,68,68
10474,13232,68,68
10513,16228,68,68
10555,11445,68,68
10590,10372,68,68
10604,15049,68,68
10707,171761,68,68
10722,12068,68,68
10974,13118,68,68
10981,15049,68,68
11133,11258,68,68
11182,10510,68,68
11354,11955,68,68
11425,10826,68,68
11532,10481,68,68
11766,14650,68,68
11935,11927,68,68
12447,10630,68,68
12452,10126,68,68
12510,10265,68,68
13246,100492,68,68
13383,162539,68,68
14012,21628,68,68
14091,13724,68,68
14196,11606,68,68
14650,22210,68,68
15357,10203,68,68
15546,11822,68,68
15609,13738,68,68
17285,16067,68,68
17433,20018,68,68
18192,12645,68,68
18573,13288,68,68
18924,14230,68,68
20647,16241,68,68
23513,10876,68,68
24186,10974,68,68
24699,15846,68,68
25692,49582,68,68
25836,10072,68,68
27300,12360,68,68
28526,10690,68,68
100855,22218,68,68
10107,10362,69,69
10118,10372,69,69
10118,13081,69,69
10126,11416,69,69
10126,101414,69,69
10134,19613,69,69
10154,21241,69,69
10156,154769,69,69
10184,10999,69,69
10206,17498,69,69
10265,14767,69,69
10268,10728,69,69
10320,24121,69,69
10340,12193,69,69
10380,16228,69,69
10380,17693,69,69
10431,13511,69,69
10558,12193,69,69
10562,10305,69,69
10652,23721,69,69
10747,11368,69,69
10794,11819,69,69
10900,19463,69,69
11187,12159,69,69
11187,15187,69,69
11357,153756,69,69
11471,10826,69,69
11550,14649,69,69
11744,10242,69,69
11879,11605,69,69
11891,23364,69,69
11936,10154,69,69
12050,11560,69,69
12569,10498,69,69
12769,10461,69,69
12928,15192,69,69
13288,10170,69,69
13353,10170,69,69
13497,10170,69,69
13497,10171,69,69
13635,11373,69,69
13765,15477,69,69
13905,11006,69,69
14259,10449,69,69
14361,10787,69,69
14588,11065,69,69
14767,157432,69,69
15093,12605,69,69
15105,19348,69,69
15238,11022,69,69
15250,12701,69,69
15562,17653,69,69
15566,12342,69,69
15869,17970,69,69
16425,10242,69,69
17415,11562,69,69
17433,16241,69,69
18413,10332,69,69
19351,13288,69,69
19351,13738,69,69
20114,10890,69,69
22967,14884,69,69
24404,10890,69,69
25052,10728,69,69
27092,49582,69,69
158245,15697,69,69
164835,10134,69,69
10126,11129,70,70
10126,15115,70,70
10196,16910,70,70
10237,12187,70,70
10445,11766,70,70
10474,10134,70,70
10554,10169,70,70
10630,162830,70,70
10826,19697,70,70
10900,17592,70,70
10974,10192,70,70
10979,10268,70,70
10981,14079,70,70
10999,10968,70,70
11152,11415,70,70
11187,10433,70,70
11354,10617,70,70
11606,10979,70,70
11655,18240,70,70
11918,10582,70,70
11935,12510,70,70
12007,11793,70,70
12072,10534,70,70
12072,11340,70,70
12072,12549,70,70
12159,10604,70,70
13100,11514,70,70
13908,17947,70,70
14076,18335,70,70
14230,12050,70,70
14355,12515,70,70
14874,21471,70,70
15105,11422,70,70
15192,159031,70,70
15649,12769,70,70
15798,102786,70,70
16067,14707,70,70
16590,18716,70,70
16899,11195,70,70
17021,10231,70,70
17757,15262,70,70
18242,11375,70,70
20694,10213,70,70
22178,15105,70,70
22446,10133,70,70
23777,10652,70,70
25836,11100,70,70
28284,12591,70,70
101892,100855,70,70
152696,10883,70,70
155644,11562,70,70
162543,17721,70,70
10116,11623,71,71
10118,10554,71,71
10559,12360,71,71
10599,10192,71,71
10635,22215,71,71
10652,10236,71,71
10771,10755,71,71
10884,12857,71,71
10899,10312,71,71
10974,10156,71,71
10974,11373,71,71
11126,12639,71,71
11223,16589,71,71
11282,18983,71,71
11471,12202,71,71
11530,175327,71,71
11609,11319,71,71
11918,10876,71,71
12007,12474,71,71
12412,11653,71,71
12510,10682,71,71
12549,16903,71,71
13081,13645,71,71
13288,10105,71,71
13574,10372,71,71
13635,14954,71,71
13660,10768,71,71
14230,22210,71,71
14884,10571,71,71
15105,16295,71,71
15250,13574,71,71
15933,10462,71,71
16122,10011,71,71
16803,10625,71,71
17103,30260,71,71
17155,11655,71,71
17155,100492,71,71
17285,49582,71,71
17498,12605,71,71
19661,17970,71,71
21711,10125,71,71
22178,11891,71,71
25692,11904,71,71
26238,11022,71,71
100139,10059,71,71
100492,10625,71,71
100492,11011,71,71
101116,100855,71,71
152324,11904,71,71
163638,11415,71,71
10051,10133,72,72
10118,14650,72,72
10427,12099,72,72
10534,12616,72,72
10662,16619,72,72
10662,16987,72,72
10691,13904,72,72
10779,15093,72,72
10779,16519,72,72
10791,15753,72,72
10884,23374,72,72
11069,19848,72,72
11133,19056,72,72
11354,12049,72,72
11367,11115,72,72
11406,12903,72,72
11411,17947,72,72
11514,10147,72,72
11609,18335,72,72
11655,18456,72,72
11747,10692,72,72
11936,10728,72,72
11936,14346,72,72
12151,11041,72,72
12159,11069,72,72
12202,13920,72,72
12573,10118,72,72
12605,12860,72,72
12928,11420,72,72
13293,13949,72,72
13318,18501,72,72
13323,14443,72,72
13377,10329,72,72
13530,14454,72,72
13574,10902,72,72
14481,10513,72,72
15192,22574,72,72
15562,24975,72,72
15741,12790,72,72
16079,13628,72,72
17155,15569,72,72
17177,10312,72,72
19372,20119,72,72
21651,49886,72,72
23580,11505,72,72
23671,10072,72,72
24765,12360,72,72
38332,16025,72,72
100492,18773,72,72
164383,10073,72,72
10126,11822,73,73
10134,10513,73,73
10206,12549,73,73
10217,11772,73,73
10235,14848,73,73
10246,11224,73,73
10297,18456,73,73
10384,10184,73,73
10463,10780,73,73
10561,11562,73,73
10630,24443,73,73
10728,17584,73,73
10747,10169,73,73
10768,11316,73,73
10779,15357,73,73
10793,16552,73,73
11191,15883,73,73
11316,41933,73,73
11336,10646,73,73
11336,11316,73,73
11354,11392,73,73
11416,10462,73,73
11423,10134,73,73
11577,10547,73,73
11602,10866,73,73
11640,10983,73,73
11655,11678,73,73
11891,13817,73,73
11926,16064,73,73
12007,11400,73,73
12202,10692,73,73
12250,11011,73,73
12307,10561,73,73
13500,163638,73,73
13574,13908,73,73
13908,11550,73,73
14481,11602,73,73
15027,12160,73,73
15238,13605,73,73
15609,19240,73,73
15753,16064,73,73
15933,10866,73,73
18445,11423,73,73
19409,10662,73,73
24908,12900,73,73
26743,10011,73,73
30951,18203,73,73
162543,10342,73,73
10107,10682,74,74
10118,18860,74,74
10227,22178,74,74
10229,26784,74,74
10242,10205,74,74
10297,14671,74,74
10372,14596,74,74
10427,11709,74,74
10445,19048,74,74
10582,10196,74,74
10690,16254,74,74
10728,21718,74,74
10764,10105,74,74
10771,20462,74,74
10876,15093,74,74
10972,11749,74,74
11066,11560,74,74
11262,23104,74,74
11354,10854,74,74
11411,12701,74,74
11530,10125,74,74
11717,10890,74,74
11865,10554,74,74
11904,16801,74,74
11926,14481,74,74
11976,14346,74,74
12118,10662,74,74
12479,19048,74,74
12900,10561,74,74
13477,10262,74,74
13925,10826,74,74
14091,10173,74,74
14527,13746,74,74
15357,18471,74,74
16155,10011,74,74
16176,11809,74,74
16971,10312,74,74
17592,12118,74,74
17757,12113,74,74
18398,10332,74,74
19351,12236,74,74
19362,101025,74,74
21992,156960,74,74
25593,12099,74,74
25995,49582,74,74
101118,11529,74,74
10107,11493,75,75
10169,10237,75,75
10169,15066,75,75
10297,11511,75,75
10403,19074,75,75
10431,12187,75,75
10562,152621,75,75
10640,10523,75,75
10768,10134,75,75
10810,17091,75,75
11165,10939,75,75
11224,10200,75,75
11348,15066,75,75
11503,10133,75,75
11511,10692,75,75
11655,10312,75,75
12007,11411,75,75
12061,10342,75,75
12193,14020,75,75
12193,14168,75,75
12253,12739,75,75
12281,10412,75,75
12343,10826,75,75
12360,10528,75,75
12430,10462,75,75
12479,13283,75,75
12569,10890,75,75
12569,10927,75,75
12711,14613,75,75
12769,16035,75,75
12900,11503,75,75
13246,162543,75,75
13353,10105,75,75
13377,10171,75,75
13383,10620,75,75
13709,17391,75,75
14650,10173,75,75
14941,11404,75,75
15238,10184,75,75
15566,13333,75,75
16064,10513,75,75
16328,10154,75,75
16512,12573,75,75
16987,164741,75,75
17188,10305,75,75
18677,10123,75,75
20837,18471,75,75
21351,100855,75,75
23671,10431,75,75
28284,14295,75,75
100352,10692,75,75
166047,11069,75,75
166047,17342,75,75
166486,13949,75,75
10229,12701,76,76
10231,17970,76,76
10236,10156,76,76
10244,11182,76,76
10268,14196,76,76
10274,10445,76,76
10340,10728,76,76
10342,155853,76,76
10354,28526,76,76
10403,102123,76,76
10974,11129,76,76
11420,10237,76,76
11472,10690,76,76
11550,11819,76,76
11717,11605,76,76
11747,10192,76,76
12025,12250,76,76
12072,10780,76,76
12118,11927,76,76
12447,10380,76,76
12479,14824,76,76
12567,10728,76,76
12701,13908,76,76
13293,13908,76,76
13908,12113,76,76
14084,12900,76,76
14230,100139,76,76
14884,16512,76,76
15741,11195,76,76
16064,11819,76,76
16649,10554,76,76
16649,11560,76,76
18501,13127,76,76
23371,12113,76,76
24700,153863,76,76
26792,10147,76,76
100563,10960,76,76
165341,12099,76,76
10144,11029,77,77
10231,13434,77,77
10235,13163,77,77
10237,15798,77,77
10558,10462,77,77
10568,12515,77,77
10582,17177,77,77
10679,15001,77,77
10691,18501,77,77
10755,17607,77,77
10776,10154,77,77
10979,10213,77,77
11110,10620,77,77
11110,15251,77,77
11264,12479,77,77
11348,26238,77,77
11471,100492,77,77
11605,13081,77,77
11609,10118,77,77
12591,16512,77,77
12708,10620,77,77
13306,20269,77,77
13323,10999,77,77
13383,14420,77,77
13530,19351,77,77
14355,16079,77,77
15307,19884,77,77
15609,101218,77,77
17155,14084,77,77
18924,14650,77,77
22899,152621,77,77
27300,10559,77,77
27300,11133,77,77
27374,20804,77,77
162649,165340,77,77
163791,30260,77,77
10107,11357,78,78
10125,171055,78,78
10133,10582,78,78
10198,12344,78,78
10246,18666,78,78
10262,11356,78,78
10274,10173,78,78
10274,20781,78,78
10354,166385,78,78
10427,19886,78,78
10498,12007,78,78
10646,12007,78,78
10685,104697,78,78
10690,100139,78,78
10791,15869,78,78
10854,26566,78,78
10979,10728,78,78
10979,14654,78,78
11258,11367,78,78
11264,11392,78,78
11336,21711,78,78
11749,100855,78,78
11772,15562,78,78
11822,18566,78,78
11877,10125,78,78
12510,16699,78,78
12769,11288,78,78
13073,12342,78,78
13427,10462,78,78
13660,13081,78,78
15250,11819,78,78
15609,27665,78,78
16025,10571,78,78
18242,21057,78,78
18439,10682,78,78
19348,11965,78,78
19451,10960,78,78
20532,10407,78,78
20898,10504,78,78
22004,10297,78,78
22198,10235,78,78
22538,12118,78,78
22538,12151,78,78
24883,11297,78,78
28339,10235,78,78
157860,10170,78,78
10107,10604,79,79
10118,10791,79,79
10198,10866,79,79
10242,11006,79,79
10445,20605,79,79
10523,10652,79,79
10558,16064,79,79
10883,10968,79,79
10899,14874,79,79
11069,17342,79,79
11289,10728,79,79
11507,12790,79,79
11605,10780,79,79
11609,14811,79,79
11747,29689,79,79
11822,15702,79,79
12050,10354,79,79
12299,19704,79,79
12452,13109,79,79
12818,11066,79,79
13477,10534,79,79
14084,10582,79,79
14096,11282,79,79
15753,10380,79,79
15933,152621,79,79
17475,153756,79,79
17963,11423,79,79
19719,10462,79,79
20092,15049,79,79
22538,10051,79,79
23363,11529,79,79
23363,102786,79,79
23671,12678,79,79
26301,11065,79,79
28526,10354,79,79
31445,10134,79,79
102493,10728,79,79
10144,11288,80,80
10206,14154,80,80
10384,10471,80,80
10673,10662,80,80
10707,10242,80,80
10983,11780,80,80
11191,11065,80,80
11348,15869,80,80
11891,153315,80,80
11965,15883,80,80
12007,14596,80,80
12312,14532,80,80
12447,10462,80,80
12573,10782,80,80
13574,15066,80,80
14230,11709,80,80
15158,17179,80,80
15609,19678,80,80
16622,15049,80,80
17188,19758,80,80
17342,10433,80,80
17433,100167,80,80
17433,152857,80,80
17580,10722,80,80
18451,11709,80,80
19946,18471,80,80
20680,10433,80,80
23199,49582,80,80
24186,10554,80,80
24197,13006,80,80
26757,11022,80,80
153102,152621,80,80
166778,10504,80,80
10169,10471,81,81
10237,10213,81,81
10268,17910,81,81
10380,19260,81,81
10449,10213,81,81
10620,13246,81,81
10682,11631,81,81
10776,10144,81,81
11195,12901,81,81
11262,101025,81,81
11348,26757,81,81
11442,12739,81,81
11471,10320,81,81
11472,19886,81,81
11653,14954,81,81
11709,11023,81,81
11747,19667,81,81
11772,11560,81,81
11879,10662,81,81
11918,14020,81,81
12107,16590,81,81
12118,10890,81,81
12645,10262,81,81
13293,10372,81,81
13323,10582,81,81
13513,11066,81,81
14650,12050,81,81
15753,10262,81,81
16803,100492,81,81
17201,22574,81,81
18126,13397,81,81
22391,12790,81,81
24355,49582,81,81
10107,10662,82,82
10156,11191,82,82
10236,29187,82,82
10625,11129,82,82
10768,14076,82,82
10791,10305,82,82
11011,13490,82,82
11793,12113,82,82
11879,10561,82,82
11918,15357,82,82
12596,12769,82,82
13497,10105,82,82
13500,10173,82,82
14259,10144,82,82
15933,13434,82,82
16328,12260,82,82
16803,10981,82,82
17632,10372,82,82
17910,10154,82,82
18242,159031,82,82
18926,10462,82,82
19351,11617,82,82
19697,26566,82,82
19963,10853,82,82
23455,11706,82,82
24765,10559,82,82
26757,10372,82,82
28051,10854,82,82
101450,13403,82,82
157260,13464,82,82
162543,18246,82,82
163638,13399,82,82
10133,10999,83,83
10232,11258,83,83
10274,13115,83,83
10340,12567,83,83
10498,10927,83,83
10764,15910,83,83
11100,13884,83,83
11423,10433,83,83
11606,15798,83,83
12616,14649,83,83
14261,10011,83,83
22538,21665,83,83
22899,10134,83,83
100139,163638,83,83
102868,11258,83,83
153509,10067,83,83
156308,10461,83,83
162543,10620,83,83
10107,10617,84,84
10107,13157,84,84
10362,11258,84,84
10779,10561,84,84
11029,104697,84,84
11100,12815,84,84
11282,11226,84,84
11609,20650,84,84
11744,11657,84,84
12515,10173,84,84
12567,10154,84,84
12769,101118,84,84
13905,10332,84,84
13905,11110,84,84
14432,10528,84,84
15103,10462,84,84
15357,12118,84,84
15697,17633,84,84
16328,10059,84,84
16544,13645,84,84
16803,13627,84,84
17188,17930,84,84
21605,11423,84,84
21885,100855,84,84
24765,11133,84,84
24996,10999,84,84
101118,16035,84,84
102493,10445,84,84
10072,19206,85,85
10107,14517,85,85
10126,10481,85,85
10205,12815,85,85
10262,11877,85,85
10274,11226,85,85
10274,11706,85,85
10274,12099,85,85
10332,11011,85,85
10474,12344,85,85
10562,13081,85,85
10755,19116,85,85
10927,10388,85,85
11187,13206,85,85
11655,11213,85,85
12151,11235,85,85
12302,10692,85,85
12591,16067,85,85
12605,18286,85,85
14084,12605,85,85
15217,14230,85,85
15798,16035,85,85
17188,11288,85,85
17344,15049,85,85
17768,15307,85,85
19451,10568,85,85
20181,10449,85,85
20462,100725,85,85
22218,10186,85,85
22967,10123,85,85
27021,12099,85,85
162649,152620,85,85
10561,11041,86,86
10755,22328,86,86
10810,12693,86,86
10854,18412,86,86
10876,10388,86,86
11297,34115,86,86
11472,14783,86,86
11507,11415,86,86
11530,10110,86,86
11560,10625,86,86
11609,11195,86,86
11766,14346,86,86
11822,162783,86,86
11935,102123,86,86
12338,16107,86,86
12510,12605,86,86
12567,14346,86,86
12616,10547,86,86
12645,10534,86,86
13306,22078,86,86
13377,10105,86,86
13949,10534,86,86
15238,11562,86,86
18126,11006,86,86
18520,11152,86,86
21649,11562,86,86
21931,12790,86,86
27472,11562,86,86
30260,10449,86,86
100563,10568,86,86
100855,10793,86,86
162649,10866,86,86
166486,10558,86,86
10133,14443,87,87
10231,11926,87,87
10231,28219,87,87
10232,13635,87,87
10297,14767,87,87
10340,11029,87,87
10646,10192,87,87
10960,14650,87,87
11062,10125,87,87
11264,11013,87,87
11303,14168,87,87
11704,15262,87,87
11766,12901,87,87
11772,10899,87,87
12187,11819,87,87
12302,11006,87,87
13353,10329,87,87
13724,10427,87,87
14261,10123,87,87
15062,11617,87,87
16803,17475,87,87
17546,10692,87,87
21958,13908,87,87
24197,10462,87,87
30260,10415,87,87
100492,156857,87,87
152391,13109,87,87
10072,15649,88,88
10118,11819,88,88
10126,10227,88,88
10203,10582,88,88
10213,12901,88,88
10231,11235,88,88
10232,11013,88,88
10297,11965,88,88
10340,11550,88,88
10561,11602,88,88
10630,16495,88,88
10679,11955,88,88
10690,10564,88,88
10690,11786,88,88
10979,12050,88,88
11006,11936,88,88
12049,10156,88,88
12098,11822,88,88
12151,11336,88,88
12299,155218,88,88
12399,10571,88,88
13232,13293,88,88
13306,25219,88,88
13323,12605,88,88
13383,10065,88,88
14096,10354,88,88
14555,11400,88,88
14588,10528,88,88
14588,11133,88,88
15192,15846,88,88
15741,10427,88,88
15762,10722,88,88
16176,11303,88,88
16987,18471,88,88
17498,12900,88,88
17592,10890,88,88
18242,13899,88,88
18242,27105,88,88
18411,10134,88,88
23042,11226,88,88
24908,10498,88,88
26233,10571,88,88
26301,12360,88,88
30260,11100,88,88
152696,10513,88,88
10184,10153,89,89
10388,10528,89,89
10853,11717,89,89
11006,10232,89,89
11110,10788,89,89
11110,162543,89,89
11288,16552,89,89
11297,102019,89,89
11316,19886,89,89
11631,14168,89,89
11749,19206,89,89
11782,22210,89,89
11927,10890,89,89
12098,101025,89,89
12260,10213,89,89
12678,10449,89,89
13293,15066,89,89
13500,10354,89,89
14788,10431,89,89
14874,11471,89,89
14874,21569,89,89
15234,10305,89,89
16176,13543,89,89
17155,10206,89,89
17601,18471,89,89
21821,49582,89,89
22538,26556,89,89
30260,10972,89,89
153943,10927,89,89
155644,17970,89,89
156308,10125,89,89
10107,11747,90,90
10118,11069,90,90
10265,12510,90,90
10340,11704,90,90
10372,11704,90,90
10513,17693,90,90
10528,10196,90,90
10646,17875,90,90
11026,10433,90,90
11134,15720,90,90
11602,11879,90,90
11605,10305,90,90
11704,14649,90,90
11918,10372,90,90
12901,11936,90,90
13323,12900,90,90
13925,13490,90,90
14588,12360,90,90
15001,10679,90,90
16801,10407,90,90
16987,12118,90,90
17632,11562,90,90
20175,100725,90,90
20391,11780,90,90
20781,10427,90,90
22313,155532,90,90
23328,49582,90,90
100139,10960,90,90
10107,11511,91,91
10268,16328,91,91
10274,10960,91,91
10554,11562,91,91
10599,11006,91,91
10899,10662,91,91
11065,10498,91,91
11110,12250,91,91
11606,12187,91,91
12028,10072,91,91
12708,12250,91,91
12815,10547,91,91
13511,10449,91,91
13765,18809,91,91
14941,12769,91,91
15546,156960,91,91
19451,10427,91,91
20114,12510,91,91
22515,10692,91,91
24217,17947,91,91
10099,15238,92,92
10184,10262,92,92
10504,157432,92,92
10513,10372,92,92
10513,10780,92,92
10604,18809,92,92
10690,10427,92,92
10826,19667,92,92
11030,15217,92,92
11323,159762,92,92
11766,15034,92,92
12050,18089,92,92
12616,11400,92,92
13530,16512,92,92
13905,11744,92,92
14012,12399,92,92
15062,17768,92,92
17021,10513,92,92
18126,10722,92,92
26590,26594,92,92
26743,20462,92,92
34905,10274,92,92
101336,10123,92,92
158019,12299,92,92
163791,22822,92,92
164082,10571,92,92
10125,157207,93,93
10198,12725,93,93
10297,10810,93,93
10707,12302,93,93
11442,12447,93,93
11511,29689,93,93
11577,11195,93,93
11772,11030,93,93
11965,10652,93,93
12567,16419,93,93
13353,10171,93,93
13383,10555,93,93
13949,11340,93,93
14091,11023,93,93
14788,16590,93,93
15001,15115,93,93
15034,14230,93,93
16438,152642,93,93
21687,13403,93,93
162783,10011,93,93
10173,10125,94,94
10513,96565,94,94
10547,104697,94,94
10590,10791,94,94
10722,10192,94,94
11062,10186,94,94
11062,10646,94,94
11069,15391,94,94
11134,12815,94,94
11195,10154,94,94
11303,14020,94,94
11404,11297,94,94
11507,10445,94,94
11653,21189,94,94
11780,12704,94,94
11926,10534,94,94
12452,10147,94,94
12479,21241,94,94
12678,10431,94,94
12901,10568,94,94
13293,10883,94,94
14084,14443,94,94
14650,12099,94,94
15187,10571,94,94
17433,21368,94,94
25571,18983,94,94
30260,12678,94,94
154383,13127,94,94
10118,10116,95,95
10305,219796,95,95
10332,12250,95,95
10554,11022,95,95
10599,15192,95,95
10854,29689,95,95
11224,12573,95,95
11420,154133,95,95
13627,153756,95,95
15105,20119,95,95
17592,12510,95,95
17721,26566,95,95
17890,13246,95,95
18445,11406,95,95
18501,12299,95,95
21471,10156,95,95
22148,11134,95,95
22198,10274,95,95
22313,15066,95,95
22349,10125,95,95
27002,154133,95,95
100139,10564,95,95
154383,13904,95,95
154383,166392,95,95
10562,12412,96,96
10590,10144,96,96
10604,153756,96,96
10685,16552,96,96
10691,154383,96,96
10999,13170,96,96
11303,14767,96,96
11336,11530,96,96
11609,21782,96,96
11653,10722,96,96
11655,10876,96,96
11655,11191,96,96
11936,21241,96,96
13511,11100,96,96
13660,11560,96,96
14084,10927,96,96
15217,11766,96,96
17632,17970,96,96
18860,10728,96,96
19451,11195,96,96
21866,12645,96,96
23106,10571,96,96
25571,12891,96,96
102493,11023,96,96
10125,102019,97,97
10262,11530,97,97
10268,11507,97,97
10555,10939,97,97
10590,10568,97,97
10679,10474,97,97
11195,11936,97,97
11258,10853,97,97
11316,19718,97,97
11420,12113,97,97
11471,13246,97,97
11471,15115,97,97
11822,14012,97,97
11877,18716,97,97
12061,10692,97,97
12591,15862,97,97
12701,15819,97,97
13124,11605,97,97
13511,10415,97,97
16245,10312,97,97
25974,11780,97,97
10126,10890,98,98
10415,11602,98,98
10427,13115,98,98
10652,10156,98,98
12302,11955,98,98
12479,16400,98,98
13497,10366,98,98
14259,12596,98,98
14432,12160,98,98
15192,13671,98,98
18413,11640,98,98
21649,17970,98,98
22568,10571,98,98
26717,13115,98,98
28889,10825,98,98
102868,12202,98,98
10118,11030,99,99
10156,10312,99,99
10203,14767,99,99
10206,12193,99,99
10206,13232,99,99
10554,10144,99,99
10562,10059,99,99
10562,10134,99,99
10691,10156,99,99
10826,13628,99,99
10900,22786,99,99
10960,14654,99,99
11264,10793,99,99
11340,11602,99,99
11367,10559,99,99
11772,10154,99,99
12007,12113,99,99
12050,12891,99,99
12343,10625,99,99
12573,10251,99,99
13908,10198,99,99
14588,10453,99,99
15286,17970,99,99
17433,17093,99,99
29014,12790,99,99
162539,10826,99,99
10107,17475,100,100
10133,11052,100,100
10144,10305,100,100
10203,157432,100,100
10599,10156,100,100
10722,17176,100,100
10776,11030,100,100
10793,10144,100,100
11420,10534,100,100
11602,11041,100,100
11653,21322,100,100
11766,15217,100,100
11772,13081,100,100
12187,10994,100,100
12281,10630,100,100
14084,10682,100,100
14091,10059,100,100
14230,10274,100,100
14555,28219,100,100
14650,11709,100,100
16803,11865,100,100
19233,10652,100,100
22417,11822,100,100
23371,15262,100,100
24883,10125,100,100
10107,13627,101,101
10265,19409,101,101
10412,11013,101,101
10561,10134,101,101
10780,17632,101,101
10984,10920,101,101
11065,10779,101,101
11348,10747,101,101
12159,153756,101,101
12202,11011,101,101
12616,10780,101,101
13323,10927,101,101
14588,12160,101,101
15933,13069,101,101
16589,12088,101,101
17177,49886,101,101
24382,10692,101,101
27897,10123,101,101
30260,12769,101,101
100492,13920,101,101
100563,11195,101,101
10340,11162,102,102
10884,11023,102,102
10927,10561,102,102
11493,12474,102,102
11609,17584,102,102
11877,10110,102,102
12708,102868,102,102
13511,12769,102,102
13905,10826,102,102
14091,10235,102,102
15888,10968,102,102
19996,11134,102,102
25571,11226,102,102
10186,10547,103,103
10297,11927,103,103
10297,11935,103,103
10354,163638,103,103
10445,21241,103,103
10474,10154,103,103
10561,10462,103,103
10764,14314,103,103
10779,16987,103,103
10960,10590,103,103
11780,162543,103,103
11936,16419,103,103
12061,11006,103,103
12928,11126,103,103
13246,11744,103,103
13477,10558,103,103
13908,14596,103,103
14432,12360,103,103
14767,10662,103,103
15888,18491,103,103
16008,10722,103,103
16328,11066,103,103
18466,15049,103,103
23478,10883,103,103
24202,11195,103,103
26784,10134,103,103
27472,11022,103,103
101219,10123,103,103
103220,13115,103,103
10051,10227,104,104
10107,10206,104,104
10107,10853,104,104
10126,10463,104,104
10445,21718,104,104
10568,11747,104,104
11026,12452,104,104
11262,28228,104,104
11288,102786,104,104
11772,12412,104,104
14788,10186,104,104
15192,11428,104,104
15286,11022,104,104
15869,10372,104,104
17188,10144,104,104
20253,11224,104,104
23431,10826,104,104
10297,12007,105,105
10340,10630,105,105
10568,162543,105,105
10599,10652,105,105
10630,19206,105,105
10747,10116,105,105
10876,10403,105,105
11606,12815,105,105
11606,20650,105,105
12061,11955,105,105
12701,11879,105,105
13383,10205,105,105
13660,10899,105,105
13724,12479,105,105
14084,11503,105,105
14432,10453,105,105
14650,10232,105,105
15062,16473,105,105
15448,14461,105,105
15981,10134,105,105
18445,11187,105,105
23973,10125,105,105
28526,10445,105,105
101025,15979,105,105
102619,10692,105,105
153910,10011,105,105
166047,19848,105,105
10156,17091,106,106
10198,10237,106,106
10504,10480,106,106
10568,10205,106,106
11415,24050,106,106
11420,15753,106,106
11507,12050,106,106
11891,155218,106,106
11918,16987,106,106
12061,10707,106,106
12260,10590,106,106
12312,15979,106,106
12901,12567,106,106
22417,10571,106,106
157260,11195,106,106
10118,11368,107,107
10590,11560,107,107
10691,11191,107,107
10722,11511,107,107
11006,11415,107,107
11165,10474,107,107
11187,15062,107,107
11289,11415,107,107
11316,19396,107,107
11373,17890,107,107
11653,19833,107,107
11877,13645,107,107
11934,11126,107,107
12151,10231,107,107
12815,10412,107,107
13246,16107,107,107
14588,10853,107,107
14954,10192,107,107
17890,10679,107,107
10776,11368,108,108
10780,17415,108,108
11340,10169,108,108
11354,11511,108,108
11471,101414,108,108
11503,13075,108,108
13153,15049,108,108
14650,11134,108,108
14876,10474,108,108
17651,10722,108,108
19056,10692,108,108
23716,10192,108,108
24765,11065,108,108
30260,10630,108,108
10184,10462,109,109
10380,165340,109,109
10690,102493,109,109
10884,11782,109,109
11030,15034,109,109
11069,18116,109,109
11187,10154,109,109
11471,10692,109,109
11514,10571,109,109
11772,10372,109,109
12708,10332,109,109
13318,154383,109,109
14214,11319,109,109
15034,14650,109,109
16901,15049,109,109
17285,10764,109,109
17498,10682,109,109
18149,11605,109,109
20142,11709,109,109
26717,11706,109,109
10235,11282,110,110
10604,24975,110,110
10707,12061,110,110
10900,20114,110,110
10979,14230,110,110
11303,102123,110,110
11577,10554,110,110
12068,26566,110,110
12510,12072,110,110
13627,24975,110,110
15034,11766,110,110
21711,10461,110,110
100855,24669,110,110
10051,14432,111,111
10196,15251,111,111
10297,11213,111,111
10354,11415,111,111
10972,13033,111,111
11195,12567,111,111
11264,11936,111,111
11640,162543,111,111
11709,166385,111,111
12479,22729,111,111
13124,11493,111,111
13500,12050,111,111
13574,10471,111,111
13884,10728,111,111
14874,11717,111,111
15357,11935,111,111
18553,15883,111,111
19372,10156,111,111
23991,17947,111,111
27300,11065,111,111
10125,158769,112,112
10134,17693,112,112
10927,11503,112,112
11503,10347,112,112
11655,14767,112,112
12007,10340,112,112
14432,11133,112,112
14650,10354,112,112
14884,100725,112,112
15217,14650,112,112
15702,20860,112,112
17768,10571,112,112
18924,11195,112,112
23371,11400,112,112
24764,10433,112,112
162543,11744,112,112
162543,12061,112,112
10118,10229,113,113
10118,10251,113,113
10427,10232,113,113
10554,11368,113,113
10582,10652,113,113
10590,100855,113,113
10599,11655,113,113
10690,13500,113,113
11006,11472,113,113
11640,11657,113,113
11749,16035,113,113
12028,11404,113,113
12107,10461,113,113
12307,11323,113,113
13323,10388,113,113
14884,11182,113,113
16079,10692,113,113
25352,10571,113,113
30260,10384,113,113
30260,12028,113,113
102493,10690,113,113
160183,11744,113,113
162649,152621,113,113
10340,17947,114,114
10568,11511,114,114
10620,162543,114,114
10679,12068,114,114
10679,13628,114,114
10791,11704,114,114
10927,10999,114,114
11223,11646,114,114
11316,14783,114,114
11623,10384,114,114
11623,10685,114,114
11640,11011,114,114
13153,14079,114,114
13246,10205,114,114
14650,10274,114,114
14788,10646,114,114
15001,13246,114,114
15115,10342,114,114
15702,10825,114,114
15753,13949,114,114
17890,100492,114,114
21519,10154,114,114
21569,10156,114,114
23671,11100,114,114
10126,10147,115,115
10231,11022,115,115
10265,12616,115,115
10332,11955,115,115
10340,11793,115,115
10652,12049,115,115
10883,29950,115,115
11425,10196,115,115
11530,18716,115,115
11872,10554,115,115
12399,49582,115,115
12900,11323,115,115
13081,11297,115,115
17201,15296,115,115
17498,10203,115,115
17963,11406,115,115
25192,10011,115,115
165341,10235,115,115
174571,10722,115,115
10107,10312,116,116
10118,10673,116,116
10184,10513,116,116
10403,14168,116,116
10427,18440,116,116
10523,21255,116,116
10883,11041,116,116
11182,10073,116,116
11182,10366,116,116
11631,14020,116,116
11704,152620,116,116
11766,10646,116,116
11772,10791,116,116
11879,10876,116,116
11925,10983,116,116
13477,10198,116,116
13511,10412,116,116
13635,10604,116,116
14671,10372,116,116
16801,12312,116,116
20114,12605,116,116
31679,10011,116,116
100855,10144,116,116
154383,12299,116,116
162649,13069,116,116
10153,11602,117,117
10342,10679,117,117
10415,15888,117,117
10691,11891,117,117
12645,11340,117,117
13318,12299,117,117
13511,10972,117,117
17188,162830,117,117
18398,10692,117,117
19661,11562,117,117
20650,10144,117,117
21915,10133,117,117
28051,10242,117,117
10126,17546,118,118
10192,10692,118,118
10192,19667,118,118
10229,11348,118,118
10297,10312,118,118
10320,10692,118,118
10372,11793,118,118
10604,15391,118,118
10691,12299,118,118
10890,11303,118,118
10979,14650,118,118
11223,10200,118,118
11297,158769,118,118
11373,11678,118,118
11918,10927,118,118
12430,14596,118,118
12708,100492,118,118
13009,10235,118,118
13908,28219,118,118
14874,10523,118,118
15027,10652,118,118
16412,10652,118,118
10107,14767,119,119
10118,11022,119,119
10186,11404,119,119
10274,102493,119,119
10297,11747,119,119
10445,11786,119,119
10513,10184,119,119
10568,11011,119,119
10900,21551,119,119
11065,17498,119,119
12187,10372,119,119
12343,10192,119,119
12605,12510,119,119
12790,10274,119,119
12928,11303,119,119
13323,10682,119,119
14432,10810,119,119
16696,10692,119,119
17155,13064,119,119
10198,10811,120,120
10198,11704,120,120
10268,10673,120,120
10994,10513,120,120
11029,10305,120,120
11069,15049,120,120
11258,10640,120,120
11646,10011,120,120
12072,15753,120,120
12343,10652,120,120
12769,11623,120,120
13511,10384,120,120
14084,10388,120,120
14874,14588,120,120
15001,100492,120,120
15192,11375,120,120
15798,11529,120,120
17475,24975,120,120
17963,11187,120,120
18553,49886,120,120
10126,10320,121,121
10192,12202,121,121
10196,12068,121,121
10625,10156,121,121
10682,11927,121,121
10853,11065,121,121
10876,10561,121,121
11258,10203,121,121
12118,17130,121,121
12299,153315,121,121
12815,10972,121,121
13246,10332,121,121
14432,10853,121,121
14788,11029,121,121
15649,100855,121,121
155644,11022,121,121
162543,10854,121,121
10707,162543,122,122
10927,10617,122,122
11191,10312,122,122
12302,10192,122,122
12302,10707,122,122
12479,14783,122,122
12567,21241,122,122
13253,11416,122,122
13908,12701,122,122
16254,11195,122,122
18842,17970,122,122
20328,10692,122,122
100855,10685,122,122
10118,11904,123,123
10192,13628,123,123
10268,10884,123,123
10431,11404,123,123
10504,14855,123,123
10776,10994,123,123
11006,12567,123,123
11029,11529,123,123
11303,11935,123,123
11965,49886,123,123
12596,10972,123,123
13511,12678,123,123
14230,12099,123,123
14874,10227,123,123
18496,11195,123,123
19996,11709,123,123
22313,10229,123,123
23671,10415,123,123
102493,10568,123,123
10051,10523,124,124
10107,10810,124,124
10229,10561,124,124
10362,11013,124,124
10630,19758,124,124
11187,11406,124,124
11191,11891,124,124
11425,10599,124,124
11606,18663,124,124
13709,13403,124,124
14355,101414,124,124
15115,10205,124,124
15250,13908,124,124
10107,11191,125,125
10118,13884,125,125
10262,10449,125,125
10559,10528,125,125
12050,11226,125,125
13293,10262,125,125
14874,14432,125,125
14874,15105,125,125
19661,11022,125,125
21649,11022,125,125
103220,10213,125,125
10133,11065,126,126
10262,101116,126,126
10297,10692,126,126
10312,16295,126,126
10685,10144,126,126
10972,12187,126,126
10983,13397,126,126
11420,10558,126,126
11471,19056,126,126
11744,10196,126,126
13293,10237,126,126
13908,10780,126,126
14230,11134,126,126
14767,14168,126,126
15034,12050,126,126
15426,15448,126,126
18240,10652,126,126
25836,10415,126,126
100492,14949,126,126
10116,10984,127,127
10380,29950,127,127
10498,11052,127,127
11653,10156,127,127
11793,14649,127,127
11955,13628,127,127
12068,10722,127,127
12430,11819,127,127
12605,14168,127,127
13574,10262,127,127
14555,11819,127,127
27002,11400,127,127
30260,10412,127,127
10051,14588,128,128
10690,22148,128,128
10791,11162,128,128
11030,12901,128,128
11288,16035,128,128
11411,14649,128,128
13500,10274,128,128
21322,10192,128,128
27472,10372,128,128
100563,10427,128,128
162543,12302,128,128
10134,40443,129,129
10380,10811,129,129
10380,11562,129,129
10747,10305,129,129
11100,18860,129,129
11354,11747,129,129
11373,12068,129,129
11602,13069,129,129
11704,10462,129,129
11747,13628,129,129
12343,10126,129,129
12901,13300,129,129
13765,17653,129,129
14884,49582,129,129
15981,10646,129,129
16987,11935,129,129
17188,11877,129,129
17285,10571,129,129
18663,10144,129,129
152696,13006,129,129
165341,10274,129,129
10118,10268,130,130
10320,11258,130,130
10340,10780,130,130
10722,11747,130,130
11187,10842,130,130
13293,10534,130,130
13511,12028,130,130
14588,10362,130,130
14650,10445,130,130
14811,10154,130,130
15753,10534,130,130
16803,17546,130,130
17188,11530,130,130
22780,10144,130,130
28051,162543,130,130
10380,15380,131,131
10554,10372,131,131
10599,11865,131,131
10883,11550,131,131
11511,13628,131,131
11609,10144,131,131
11653,101414,131,131
11918,14168,131,131
12072,10134,131,131
12880,10764,131,131
13427,10134,131,131
13779,49582,131,131
18501,15292,131,131
10196,102868,132,132
10198,15380,132,132
10340,11411,132,132
10412,11316,132,132
10685,11529,132,132
10927,10682,132,132
11367,10737,132,132
11530,13645,132,132
11704,10780,132,132
12088,11904,132,132
13232,11918,132,132
13293,11340,132,132
13574,10237,132,132
13660,11030,132,132
14555,17947,132,132
14788,10384,132,132
17768,11059,132,132
19661,10372,132,132
21507,10722,132,132
23042,11195,132,132
10169,10902,133,133
10320,154304,133,133
10372,11411,133,133
10972,16495,133,133
11100,10213,133,133
11126,11303,133,133
11471,10196,133,133
14176,10461,133,133
14259,10186,133,133
15115,11006,133,133
18242,11428,133,133
23991,154133,133,133
10126,10340,134,134
10213,12099,134,134
10599,11493,134,134
10974,11493,134,134
11030,11976,134,134
11069,14079,134,134
11704,13069,134,134
11904,12711,134,134
12281,10186,134,134
13383,15806,134,134
14567,10728,134,134
16622,49582,134,134
23054,10722,134,134
25836,12678,134,134
10051,10312,135,135
10125,34115,135,135
10274,12479,135,135
10558,10902,135,135
10960,10274,135,135
11653,10523,135,135
11918,10498,135,135
12050,10554,135,135
12708,10983,135,135
12903,10571,135,135
10184,10902,136,136
10362,10196,136,136
10415,11926,136,136
10854,13628,136,136
11602,10462,136,136
11606,14076,136,136
11623,100855,136,136
11955,10692,136,136
12711,12312,136,136
13306,11182,136,136
13574,10380,136,136
14230,10445,136,136
14588,10559,136,136
16396,10125,136,136
17103,100855,136,136
28381,10200,136,136
10154,11289,137,137
11133,15115,137,137
11411,12113,137,137
11577,100855,137,137
17188,11297,137,137
163791,100855,137,137
10297,10662,138,138
10372,14649,138,138
11262,26137,138,138
11514,13109,138,138
11577,11560,138,138
12573,10067,138,138
13574,10198,138,138
14084,10403,138,138
15251,10332,138,138
20441,10156,138,138
152696,10462,138,138
10236,17091,139,139
10268,26365,139,139
10590,11772,139,139
10780,18842,139,139
10794,10791,139,139
11357,24975,139,139
11766,11195,139,139
12007,15262,139,139
13574,10883,139,139
14084,11323,139,139
14788,10412,139,139
15115,10332,139,139
24217,154133,139,139
10126,10265,140,140
10320,10463,140,140
10652,16295,140,140
11134,11289,140,140
11425,16328,140,140
11935,18286,140,140
13293,10380,140,140
14091,158008,140,140
15753,10237,140,140
19833,10192,140,140
100139,10354,140,140
10107,11955,141,141
10169,10415,141,141
10169,13908,141,141
10384,10920,141,141
10590,10994,141,141
10884,10059,141,141
11126,10206,141,141
11423,11532,141,141
11471,10722,141,141
11749,102786,141,141
11766,10554,141,141
13246,10342,141,141
13276,10407,141,141
14352,22538,141,141
17415,17970,141,141
21189,10192,141,141
10118,10154,142,142
10196,11744,142,142
10235,12815,142,142
11264,12567,142,142
11404,13846,142,142
11493,10968,142,142
12343,11865,142,142
12344,14596,142,142
12645,10198,142,142
13511,10630,142,142
14588,11367,142,142
14650,10568,142,142
14919,17391,142,142
15515,14461,142,142
21782,10154,142,142
10153,13170,143,143
10662,17601,143,143
10679,13383,143,143
11187,11532,143,143
11289,11226,143,143
11420,10380,143,143
11420,11819,143,143
11640,12704,143,143
12107,10685,143,143
12596,10412,143,143
13574,10534,143,143
13635,26566,143,143
14481,10231,143,143
17584,10154,143,143
10107,10236,144,144
10227,14874,144,144
10268,12815,144,144
10340,11400,144,144
10562,10125,144,144
10679,10776,144,144
10692,17176,144,144
11029,16035,144,144
11918,10403,144,144
12151,10169,144,144
12160,10691,144,144
12708,162543,144,144
12900,10927,144,144
13081,11877,144,144
14230,10232,144,144
10126,10652,145,145
10198,165340,145,145
10354,11976,145,145
10498,10617,145,145
10876,10582,145,145
11065,11935,145,145
11223,17653,145,145
11935,14168,145,145
12068,11006,145,145
14012,10755,145,145
14432,10362,145,145
17890,10599,145,145
21120,10125,145,145
28526,11316,145,145
10972,10415,146,146
11030,11162,146,146
11152,10274,146,146
11904,10825,146,146
12049,15883,146,146
12236,10073,146,146
13013,156960,146,146
13323,10561,146,146
13908,154133,146,146
10412,10213,147,147
10523,15883,147,147
10523,17091,147,147
10779,11503,147,147
11934,11655,147,147
12099,10213,147,147
13081,13846,147,147
16589,153756,147,147
10561,152620,148,148
10707,10620,148,148
11065,15357,148,148
11191,17091,148,148
11420,10134,148,148
11646,10433,148,148
11772,11368,148,148
11926,11340,148,148
12061,10192,148,148
13100,11822,148,148
13318,15292,148,148
13323,11503,148,148
13641,12099,148,148
13765,24975,148,148
20504,10242,148,148
76087,10227,148,148
166047,15049,148,148
10134,26883,149,149
10196,12302,149,149
10213,102493,149,149
10236,15883,149,149
10274,11134,149,149
10679,10722,149,149
10764,10170,149,149
11336,10125,149,149
11606,30260,149,149
11822,10011,149,149
12049,17091,149,149
12815,11029,149,149
13323,11323,149,149
14230,10354,149,149
16328,11023,149,149
24181,10192,149,149
10107,10342,150,150
10498,11323,150,150
10154,10728,151,151
10474,10125,151,151
12118,14767,151,151
12605,10662,151,151
12900,10582,151,151
13574,11340,151,151
14432,11367,151,151
21373,10722,151,151
10380,14649,152,152
10559,11065,152,152
10707,12250,152,152
11006,10274,152,152
11373,11955,152,152
11877,11297,152,152
11976,10728,152,152
12151,11602,152,152
12360,10691,152,152
15331,10974,152,152
10372,11550,153,153
10415,10169,153,153
11187,10407,153,153
11288,10305,153,153
11609,10547,153,153
12605,10203,153,153
14084,10498,153,153
102493,11976,153,153
103220,11472,153,153
10427,10235,154,154
11602,152621,154,154
11623,11100,154,154
12343,10463,154,154
13064,10372,154,154
23991,11400,154,154
30260,10072,154,154
30260,17188,154,154
10107,10403,155,155
10125,11029,155,155
10126,10192,155,155
10415,10558,155,155
11065,10388,155,155
11507,10728,155,155
11532,10200,155,155
13383,10983,155,155
13949,10198,155,155
17890,10722,155,155
13846,10110,156,156
14555,10780,156,156
15609,13288,156,156
17592,12605,156,156
30260,10431,156,156
153759,13006,156,156
10126,10156,157,157
10133,12605,157,157
10747,10547,157,157
10884,11410,157,157
11373,15001,157,157
11472,18440,157,157
11704,14596,157,157
11772,11319,157,157
11822,10433,157,157
18466,14079,157,157
102493,10154,157,157
10144,104697,158,158
10305,18335,158,158
10707,10342,158,158
11602,13434,158,158
11606,13511,158,158
12708,10707,158,158
13908,15262,158,158
16901,14079,158,158
10242,162539,159,159
10561,152621,159,159
10728,16209,159,159
10747,30260,159,159
11191,49886,159,159
11904,10123,159,159
12900,10203,159,159
16803,10722,159,159
18335,10144,159,159
100139,10274,159,159
162539,11258,159,159
10154,16419,160,160
11472,10354,160,160
14084,10561,160,160
15217,11195,160,160
15307,10571,160,160
15448,10787,160,160
17344,14079,160,160
22774,10728,160,160
154383,15292,160,160
10380,14596,161,161
11471,16079,161,161
11550,10169,161,161
12160,17091,161,161
15034,11195,161,161
166047,18116,161,161
11704,152621,162,162
13323,10203,162,162
14091,15687,162,162
10184,10534,163,163
10213,10354,163,163
11187,18566,163,163
11404,10461,163,163
11918,10890,163,163
15217,12050,163,163
166047,14079,163,163
10144,19206,164,164
10265,22538,164,164
10691,12693,164,164
11507,11195,164,164
12678,17188,164,164
17967,10134,164,164
10196,10332,165,165
11110,162539,165,165
11282,10728,165,165
11631,18286,165,165
12098,11262,165,165
14588,10810,165,165
18456,11717,165,165
10154,11936,166,166
11420,14596,166,166
11704,10866,166,166
11766,11415,166,166
11822,20462,166,166
12815,10431,166,166
13081,11530,166,166
15546,11514,166,166
15753,10198,166,166
18842,11022,166,166
152696,11411,166,166
10184,10380,167,167
10513,12474,167,167
10793,19206,167,167
11415,12891,167,167
11577,10673,167,167
11918,18286,167,167
11927,10133,167,167
12645,10558,167,167
14389,10242,167,167
16328,11410,167,167
10072,10449,168,168
10559,10640,168,168
10890,164741,168,168
11904,13109,168,168
12007,10780,168,168
13511,10072,168,168
10072,10630,169,169
10153,10811,169,169
10582,14432,169,169
11065,16987,169,169
11133,10196,169,169
11404,12281,169,169
11577,10118,169,169
14588,10691,169,169
10107,12049,170,170
10153,13434,170,170
10415,11411,170,170
10890,15357,170,170
11530,11297,170,170
18240,11717,170,170
10118,10297,171,171
10265,10534,171,171
10372,12113,171,171
11678,10513,171,171
162543,10205,171,171
163791,12187,171,171
10445,15720,172,172
10876,12900,172,172
11766,14091,172,172
10237,100855,173,173
10562,11316,173,173
10747,13511,173,173
10793,11529,173,173
11133,11925,173,173
13383,15452,173,173
13511,10431,173,173
10118,100855,174,174
11065,10133,174,174
11744,12704,174,174
13293,10198,174,174
15391,11059,174,174
17632,11022,174,174
162539,12515,174,174
10184,11340,175,175
10231,11819,175,175
10707,10854,175,175
15981,10125,175,175
18126,10242,175,175
24217,11400,175,175
10154,12567,176,176
11793,154133,176,176
12281,17188,176,176
10320,11471,177,177
10340,10305,177,177
11606,11507,177,177
13253,13779,177,177
13949,10237,177,177
16803,10320,177,177
17415,11022,177,177
18240,12160,177,177
153759,10462,177,177
10196,100492,178,178
10826,10692,178,178
11110,10332,178,178
11133,17546,178,178
11766,10974,178,178
12430,15262,178,178
22538,14084,178,178
10099,12368,179,179
10198,13069,179,179
10297,12049,179,179
10652,20119,179,179
10692,14954,179,179
10979,11195,179,179
11493,10513,179,179
11819,11793,179,179
12107,10793,179,179
13477,10153,179,179
15115,10707,179,179
15869,11022,179,179
18809,156960,179,179
14432,10559,180,180
10513,13170,181,181
10690,163638,181,181
10890,11935,181,181
11030,12260,181,181
11704,154133,181,181
11709,11786,181,181
11819,11411,181,181
13323,10403,181,181
13574,10558,181,181
14084,10203,181,181
10144,10793,182,182
10192,11511,182,182
10384,13477,182,182
12708,162539,182,182
10559,10810,183,183
10690,10960,183,183
11187,10244,183,183
11288,19206,183,183
11425,10884,183,183
11934,11303,183,183
12159,18809,183,183
13034,10504,183,183
17103,12187,183,183
18456,12160,183,183
10192,11747,184,184
10231,11411,184,184
10305,24669,184,184
10354,11786,184,184
10690,10274,184,184
11411,154133,184,184
13627,11059,184,184
13908,11400,184,184
22538,13323,184,184
10107,10156,185,185
10118,10144,185,185
10558,10534,185,185
10582,14588,185,185
10599,10625,185,185
11029,102786,185,185
11772,10144,185,185
11793,14596,185,185
10196,12061,186,186
10679,10625,186,186
12159,24975,186,186
13949,10153,186,186
14352,11935,186,186
15609,15697,186,186
10590,10554,187,187
11606,10116,187,187
13306,10764,187,187
14432,10691,187,187
17433,12236,187,187
18456,10652,187,187
10072,10431,188,188
10265,12860,188,188
10568,10196,188,188
11303,11927,188,188
11303,18286,188,188
13288,10067,188,188
15034,10590,188,188
15125,49582,188,188
19091,10692,188,188
10198,13241,189,189
10237,30260,189,189
10268,10979,189,189
10415,10262,189,189
11258,10691,189,189
12860,10662,189,189
17498,10561,189,189
18774,10728,189,189
10144,10685,190,190
13293,10558,190,190
14012,13288,190,190
14555,154133,190,190
10213,12050,191,191
10274,10232,191,191
11925,10620,191,191
12159,15391,191,191
12281,10072,191,191
12596,10630,191,191
12815,12028,191,191
13803,13403,191,191
14588,10640,191,191
15115,10620,191,191
17433,16025,191,191
21134,10154,191,191
10072,10415,192,192
10184,10198,192,192
10415,11793,192,192
11550,17947,192,192
11772,10673,192,192
11904,10200,192,192
15001,10722,192,192
10297,10236,193,193
10498,10561,193,193
10690,11709,193,193
10876,10927,193,193
11262,16589,193,193
11420,11400,193,193
12107,171948,193,193
163791,12769,193,193
10134,28997,194,194
10153,12474,194,194
15869,11562,194,194
10144,11749,195,195
10354,11316,195,195
10523,49886,195,195
10547,19206,195,195
11934,10156,195,195
11316,10427,196,196
13246,10707,196,196
13323,10498,196,196
17103,12769,196,196
10156,10236,197,197
10217,11766,197,197
10728,14811,197,197
11348,13574,197,197
13246,11006,197,197
10134,96565,198,198
10340,154133,198,198
11373,11213,198,198
12299,10691,198,198
15217,10590,198,198
10685,19206,199,199
10979,13884,199,199
11011,14949,199,199
13276,18566,199,199
14096,10960,199,199
17475,11059,199,199
10153,10184,200,200
10236,49886,200,200
10979,18860,200,200
11793,15262,200,200
12360,10640,200,200
12711,10407,200,200
13511,17188,200,200
13724,10274,200,200
12569,12605,201,201
13500,11134,201,201
17498,10498,201,201
10198,10184,202,202
10231,11793,202,202
103220,10427,202,202
10890,18471,203,203
11926,10558,203,203
10184,10883,204,204
10340,10685,204,204
10690,10445,204,204
11550,11400,204,204
17498,10388,204,204
10415,152696,205,205
11577,10154,205,205
12049,49886,205,205
10099,10689,206,206
11100,14230,206,206
15448,12569,206,206
10568,11925,207,207
11041,11631,207,207
14389,10196,207,207
15001,10599,207,207
10051,17177,208,208
10169,152696,208,208
10213,11134,208,208
10235,10099,208,208
10794,10144,208,208
11152,13115,208,208
11772,10994,208,208
13266,10329,208,208
10498,10403,209,209
10707,162539,209,209
11011,21944,209,209
11187,10297,209,209
11704,165340,209,209
10231,10169,210,210
10340,10793,210,210
10630,13033,210,210
10679,11165,210,210
12068,11511,210,210
12596,10186,210,210
13949,10262,210,210
10116,11606,211,211
10156,12049,211,211
10471,10133,212,212
11550,10780,212,212
12118,12860,212,212
12515,10590,212,212
11766,11062,213,213
13905,10620,213,213
10679,11011,214,214
11411,14596,214,214
11602,152620,214,214
12769,17188,214,214
12260,11319,215,215
12928,10890,215,215
13641,11709,215,215
14230,10568,215,215
14230,10960,215,215
10561,13477,216,216
152696,10153,216,216
10582,11445,217,217
11133,13246,217,217
11195,13300,217,217
11411,15262,217,217
11927,10662,217,217
10134,16903,218,218
11187,10251,218,218
11877,13846,218,218
13500,10235,218,218
10173,12281,219,219
10685,16035,219,219
11006,10213,219,219
13500,10690,219,219
10876,10203,220,220
12596,10072,220,220
18809,11059,220,220
10107,10192,221,221
10662,164741,221,221
10793,102786,221,221
11704,11400,221,221
13318,11891,221,221
10227,11191,222,222
11348,13293,222,222
11503,11323,222,222
12360,10362,222,222
13232,10372,222,222
10707,10555,223,223
11471,17546,223,223
12708,10342,223,223
15115,162539,223,223
10561,12645,224,224
10793,16035,224,224
152696,11793,224,224
10231,13908,225,225
10747,100855,225,225
12250,10196,225,225
30260,10186,225,225
10153,10968,226,226
10547,16035,226,226
12880,11182,226,226
14874,13318,226,226
15391,156960,226,226
10133,10203,227,227
12678,10186,227,227
103220,11706,227,227
11235,12725,228,228
17188,13033,228,228
100139,10235,228,228
10051,10652,229,229
10169,10380,229,229
10232,10196,229,229
12193,10662,229,229
12900,10388,229,229
14230,10690,229,229
10196,162539,230,230
10685,102786,230,230
11187,11904,230,230
12596,17188,230,230
12678,10412,230,230
11530,13846,231,231
12107,10186,231,231
13246,10620,231,231
10072,10186,232,232
10547,102786,232,232
11965,10312,232,232
12790,13115,232,232
13635,10192,232,232
14432,10640,232,232
15753,10558,232,232
10690,10173,233,233
11297,17188,233,233
11606,11529,233,233
12099,13115,233,233
10876,10498,234,234
10198,10134,235,235
10213,10235,235,235
10231,10462,235,235
10231,13006,235,235
11187,11423,235,235
11235,21991,235,235
13500,10445,235,235
14874,11129,235,235
152696,10198,235,235
11011,13920,236,236
11609,11282,236,236
12815,10186,236,236
13949,10558,236,236
10690,12479,237,237
11606,10547,237,237
11918,10662,237,237
13293,10153,237,237
10262,12281,239,239
10474,10646,239,239
10133,11323,240,240
10227,10051,240,240
10513,10968,240,240
10747,15798,240,240
11100,12050,240,240
11425,101414,240,240
11819,10372,240,240
14650,10960,240,240
10133,11503,241,241
10876,11323,241,241
11623,10793,241,241
10707,102868,242,242
11532,13109,242,242
10051,16971,243,243
10072,10384,243,243
163638,10213,243,243
10184,10471,244,244
12515,10213,244,244
10133,10403,245,245
10559,10453,245,245
11100,14650,245,245
11348,10229,245,245
11373,11425,245,245
12344,12113,246,246
10099,12739,247,247
10412,10232,247,247
10646,10474,247,247
11653,10826,247,247
12307,10900,247,247
10184,10558,248,248
11195,22215,248,248
10156,11965,249,249
11187,14012,249,249
10513,18491,250,250
10890,16987,250,250
13246,162539,250,250
11415,18983,252,252
10237,13511,253,253
11357,11059,253,253
12645,10153,253,253
12769,11529,253,253
11133,10722,254,254
12769,19206,254,254
13232,11819,254,254
14650,10690,254,254
10116,10747,255,255
11110,10707,255,255
11420,15262,255,255
10265,10994,257,257
10184,152696,258,258
10582,10939,259,259
10196,10342,260,260
10205,11316,261,261
11406,10206,261,261
10205,10213,262,262
10262,10125,262,262
10690,10235,262,262
10890,10876,262,262
14230,10235,262,262
10984,10153,263,263
10265,10779,264,264
10427,10445,264,264
10116,11288,265,265
12107,15006,265,265
10156,15883,266,266
10582,12160,267,267
10999,10169,267,267
11749,10305,267,267
11793,11400,267,267
12068,11747,267,267
10169,10198,268,268
10794,10372,268,268
14096,10445,268,268
10242,10342,269,269
11606,13081,269,269
13500,11709,269,269
11411,11400,271,271
10213,10445,272,272
17188,10125,272,272
10229,11493,273,273
10118,11195,276,276
12815,17188,276,276
14650,10235,276,276
22538,10265,276,276
11133,100492,277,277
13574,10153,277,277
11749,11529,278,278
10126,10722,279,279
10169,11340,279,279
10229,11926,279,279
10558,10380,279,279
10779,10498,279,279
11609,10154,279,279
10169,10883,280,280
10558,10471,283,283
10679,11609,283,283
11653,10192,284,284
11766,11653,284,284
12344,15262,284,284
11819,11562,285,285
10415,10920,286,286
11011,156857,286,286
13266,10171,286,286
10427,10354,287,287
10690,12099,287,287
11744,162539,288,288
11646,20462,291,291
12678,10072,291,291
11623,10144,292,292
12360,10559,292,292
10558,10262,296,296
10133,10561,297,297
11550,154133,297,297
10707,11744,298,298
10384,12645,300,300
11646,18566,300,300
10927,10498,301,301
10534,10133,302,302
10498,11503,303,303
10547,11529,303,303
10747,101118,304,304
11223,156960,305,305
11100,11195,306,306
11602,10169,306,306
13905,10342,306,306
10372,15262,309,309
10134,22465,310,310
11316,18440,310,310
11606,11368,310,310
13511,10186,310,310
10268,11976,311,311
11976,11316,311,311
14076,10144,311,311
15105,10156,313,313
11704,10134,315,315
11819,15753,315,315
10320,11955,316,316
10722,26566,316,316
10237,12769,319,319
10498,10388,319,319
10156,49886,320,320
10558,10153,320,320
12900,10498,320,320
11262,11617,321,321
13013,10571,321,321
10242,10332,322,322
11367,10640,322,322
12510,10890,323,323
10133,10682,324,324
10927,11323,324,324
10153,18491,325,325
10144,16035,326,326
10169,10534,326,326
14597,14613,327,327
10728,22215,328,328
11602,10134,328,328
10237,11356,329,329
11187,20462,330,330
11288,10125,330,330
10153,11041,331,331
10362,10205,332,332
11323,10133,333,333
11420,10780,333,333
11152,11706,334,334
10196,162543,336,336
10559,10362,336,336
11602,10231,338,338
10498,10999,339,339
10196,10205,341,341
10372,17947,344,344
10927,10203,344,344
10213,10232,346,346
10242,162543,346,346
12701,11819,346,346
100139,10690,346,346
10169,10262,349,349
11297,171948,350,350
10558,11340,351,351
10213,10274,352,352
10072,10412,354,354
10184,13006,355,355
10561,10169,357,357
11224,10246,362,362
10133,10388,363,363
12605,10890,363,363
10662,18471,364,364
12107,17188,365,365
13109,11182,365,365
13908,11819,366,366
15753,10153,368,368
11415,11226,369,369
11819,11022,371,371
10274,10354,376,376
11065,10876,377,377
10133,10927,381,381
10229,11420,382,382
12790,11706,382,382
11340,10153,383,383
10144,102786,384,384
10764,10067,384,384
11766,10728,384,384
10242,10707,387,387
20462,10764,387,387
10196,10555,388,388
17344,10407,388,388
162543,10332,388,388
10196,10707,389,389
10728,13300,389,389
10072,12028,391,391
10213,10173,391,391
10725,10480,391,391
10679,10692,392,392
162543,10707,392,392
11532,10825,394,394
162543,10242,398,398
10229,15753,399,399
10231,10513,400,400
10265,10876,400,400
10312,20119,400,400
12028,11489,400,400
12412,11316,405,405
13081,10125,405,405
162539,10196,405,405
10169,10153,406,406
12050,11195,408,408
10707,10332,409,409
152696,10231,409,409
10960,10213,410,410
10265,11918,411,411
10690,10232,414,414
10144,11529,416,416
10780,17970,416,416
11404,10125,416,416
12099,10235,417,417
162543,162539,418,418
10559,11367,421,421
10999,10184,421,421
10415,15753,422,422
10427,10690,422,422
10480,10725,423,423
10415,10231,424,424
11819,17970,425,425
11340,10462,427,427
10620,10196,430,430
12028,10186,430,430
10125,171948,431,431
10707,10205,432,432
100492,10722,433,433
10235,11472,436,436
12028,10461,437,437
10690,10354,439,439
10453,10133,446,446
10153,10169,447,447
11356,10431,447,447
14597,10782,448,448
10427,10274,449,449
16249,10460,457,457
10692,26566,458,458
10274,10427,462,462
12769,100855,462,462
10558,152696,468,468
10780,11562,476,476
10558,10198,478,478
10274,10690,479,479
10384,10169,492,492
10213,10690,497,497
11297,15006,510,510
12099,11706,522,522
10072,10972,527,527
12160,10652,527,527
13905,10707,531,531
10690,11134,535,535
10559,10853,538,538
10268,12260,540,540
10372,11400,543,543
10372,154133,543,543
11340,13006,546,546
10559,10691,549,549
10320,11425,551,551
10235,10213,563,563
10498,10682,565,565
10072,17188,575,575
14096,10690,580,580
10498,10203,591,591
10072,12107,605,605
10558,10883,628,628
10274,10235,636,636
10133,10498,637,637
10169,10558,660,660
10747,11529,675,675
10780,11022,748,748
10125,15006,772,772
13109,100725,772,772
