node_id,cell_type,region,x,y,z,side,cell_class,predicted_nt,coordinate_field
10011,hg1 MN,VNC,0.4785275882965334,0.17211492145376572,-0.5818900818869742,R,motor neuron,glutamate,position
10051,IN09A007,VNC,-0.7577466320679958,-1.4129325481299626,0.7175241232499961,L,intrinsic neuron,gaba,position
10059,nan,VNC,0.6598629519710366,0.8150737293534503,0.21808350296005097,R,intrinsic neuron,gaba,position
10065,nan,VNC,-0.6353419208477711,0.8228910608014668,0.585832155010333,L,intrinsic neuron,gaba,position
10067,b3 MN,VNC,0.5742731948350607,0.1941638050250944,-0.48895069689388876,R,motor neuron,glutamate,position
10072,IN17A001,VNC,0.7413101915875507,0.44638967012135433,0.45280389079664995,R,intrinsic neuron,acetylcholine,position
10073,IN03B002,VNC,0.057727986077660554,-0.027527697064810355,0.7830026259769722,L,intrinsic neuron,glutamate,position
10099,IN10B001,VNC,0.12420871078515158,0.19797224855105117,-0.17184766225896173,R,intrinsic neuron,acetylcholine,position
10105,IN03B002,VNC,0.057727986077660554,0.015367403701229082,0.7416442655810557,R,intrinsic neuron,acetylcholine,position
10107,DNxl041,descending,-0.33888465901145176,1.923798498997778,-0.24340631166772844,L,descending neuron,gaba,position
10110,TTMn,VNC,0.718593160029212,0.08164768401261713,-0.401222866199481,R,motor neuron,glutamate,position
10116,IN13B001,VNC,0.028730363441428285,-0.16436440480445016,-0.5426029802507886,L,intrinsic neuron,gaba,position
10118,DNa02,descending,0.15434218499930077,1.923798498997778,-0.3987507186475442,R,descending neuron,acetylcholine,position
10123,hg1 MN,VNC,-0.7336264897369361,0.03454325092841493,-0.10757182590860358,L,motor neuron,glutamate,position
10125,IN19A003,VNC,0.701956275152664,-0.2542303090572898,0.3420917693490996,R,intrinsic neuron,gaba,position
10126,DNa02,descending,-0.22022157651848284,1.923798498997778,-0.2277716487716954,L,descending neuron,acetylcholine,position
10133,IN19A002,VNC,-0.4404431530369657,-1.8124850443619187,1.3348928632471992,L,intrinsic neuron,gaba,position
10134,IN19A003,VNC,0.5140062464067623,-1.8032646021411813,1.0612862625666206,R,intrinsic neuron,gaba,position
10144,IN19A008,VNC,0.5424025358546856,-0.5486163121338782,0.2747424522584956,R,intrinsic neuron,gaba,position
10147,IN03B009,VNC,0.057727986077660554,-0.04824028466211912,0.8397952048728188,L,intrinsic neuron,glutamate,position
10153,IN13A003,VNC,0.16877418151871593,-2.170478735801855,0.43115589601752724,R,intrinsic neuron,gaba,position
10154,IN19A008,VNC,0.7056310890812189,0.7650294451264043,0.08391938716845099,R,intrinsic neuron,gaba,position
10156,IN19A008,VNC,-0.7107758285811955,-0.7610205572043445,0.3877262768618798,L,intrinsic neuron,gaba,position
10169,IN19A002,VNC,0.5406653510884597,-1.3767857420327236,1.1152726199170253,R,intrinsic neuron,gaba,position
10170,IN03B002,VNC,0.057727986077660554,0.03247199216868406,0.836254020541666,R,intrinsic neuron,gaba,position
10171,IN03B007,VNC,0.6894619077955778,0.3497754711997141,-0.47946299547834736,R,intrinsic neuron,acetylcholine,position
10173,IN19A005,VNC,0.6375468092049039,0.8481470547104433,-0.040088879220597604,R,intrinsic neuron,acetylcholine,position
10183,IN03B009,VNC,0.057727986077660554,-0.08999953385024162,0.7226020479512718,L,intrinsic neuron,acetylcholine,position
10184,IN19A002,VNC,0.5509548300884131,-1.8669391053032305,1.088413070839225,R,intrinsic neuron,gaba,position
10186,IN13A003,VNC,0.4530711499914539,-0.45581055673819476,-0.70302531193188,R,intrinsic neuron,gaba,position
10192,IN19A008,VNC,-0.6348742172568641,1.0008188697422191,0.47625588514069955,L,intrinsic neuron,gaba,position
10196,IN19A002,VNC,-0.5659881597961371,0.9957409450409435,0.5073915813353637,L,intrinsic neuron,gaba,position
10198,IN08A002,VNC,0.4329598955824541,-1.925602498562705,0.3096197771804155,R,intrinsic neuron,glutamate,position
10200,hg4 MN,VNC,-0.6970119800487904,-0.8294389110741645,0.3060785928492627,L,motor neuron,glutamate,position
10203,IN08A002,VNC,-0.6541836940814519,-1.8785648802772037,0.6175691843933061,L,intrinsic neuron,glutamate,position
10205,AN19B004,VNC,-0.2617135665118014,0.5230262442313968,0.048106655064717126,R,ascending neuron,acetylcholine,position
10206,IN07B005,VNC,-0.5600416427117485,0.014164737324611154,-0.1389079664993707,L,intrinsic neuron,acetylcholine,position
10213,IN19A002,VNC,0.7687710738536601,0.7918221794055037,0.14772751992790217,R,intrinsic neuron,gaba,position
10217,DNg34,descending,0.10937582547353046,1.923798498997778,-0.45073263203691905,R,descending neuron,gaba,position
10227,IN13B001,VNC,-0.3108224435570334,-0.184275214817347,-0.4302873036344143,R,intrinsic neuron,gaba,position
10229,IN13B001,VNC,-0.3395528069984617,-1.989878334913063,0.4234721941669127,L,intrinsic neuron,gaba,position
10231,IN19B003,VNC,-0.23365135105738305,-0.8581692745155928,1.222710816228227,L,intrinsic neuron,acetylcholine,position
10232,AN19B004,VNC,-0.25723697499883463,1.923798498997778,-0.2828270429013161,L,ascending neuron,acetylcholine,position
10235,IN13A003,VNC,0.36193576456329535,1.3484562673835014,-0.7157869384837702,R,intrinsic neuron,gaba,position
10236,IN19A008,VNC,-0.5432043134390976,-0.3665459856736641,0.6096182233478876,L,intrinsic neuron,gaba,position
10237,IN19A001,VNC,0.553694236835154,-1.4473421694609756,1.0908852183911617,R,intrinsic neuron,acetylcholine,position
10242,IN19A002,VNC,-0.6769675404384915,0.9561197694112529,0.44725826250446726,L,intrinsic neuron,gaba,position
10244,IN03B009,VNC,0.057727986077660554,-0.08652516431778982,0.7911540314184937,R,intrinsic neuron,acetylcholine,position
10246,IN06B005,VNC,-0.13643581894743384,-1.874221918361639,0.39434094193327845,R,intrinsic neuron,gaba,position
10251,IN03B009,VNC,0.057727986077660554,-0.07536709293472349,0.7527355221654211,R,intrinsic neuron,acetylcholine,position
10262,IN03A001,VNC,0.4230044905760057,-1.6233991640381,1.1081234364560189,R,intrinsic neuron,acetylcholine,position
10265,IN13B001,VNC,-0.301134297745389,-1.5931988750252497,0.367949096446385,R,intrinsic neuron,gaba,position
10268,IN13B001,VNC,0.0,0.9292602203334525,-0.7412433767888497,L,intrinsic neuron,gaba,position
10274,IN15A001,VNC,0.2659897136286651,1.7838883105178924,-0.4050981245241388,R,intrinsic neuron,acetylcholine,position
10297,IN07B005,VNC,0.25209223549885795,1.4315070621688395,-0.6392171791724288,R,intrinsic neuron,acetylcholine,position
10305,IN21A001,VNC,0.40402908774492285,-0.9658747300215983,0.013763848532405178,R,intrinsic neuron,glutamate,position
10312,IN21A001,VNC,-0.3263902916543655,-0.5879702285687649,0.28055533974548225,L,intrinsic neuron,glutamate,position
10320,IN13B001,VNC,-0.35739235825162763,1.0006852401448172,-0.6506425097502991,R,intrinsic neuron,gaba,position
10329,IN03B007,VNC,0.7336264897369361,0.31910747859595695,-0.38371738893982005,R,intrinsic neuron,gaba,position
10332,IN08A002,VNC,-0.6109545193219075,1.490905418214025,-0.4407772270304707,L,intrinsic neuron,glutamate,position
10340,IN07B005,VNC,-0.3332722159205681,1.1067871404819989,-0.2827602281026151,L,intrinsic neuron,acetylcholine,position
10342,IN09A002,VNC,-0.5182155787249251,1.7270289168233448,-0.06922013145423186,L,intrinsic neuron,gaba,position
10347,Ti extensor MN,motor,-0.5116677284522274,-2.092171791724288,1.037700638625169,L,motor neuron,glutamate,position
10354,IN08A002,VNC,0.28897400438180776,1.3475876750003886,-0.4553428531472878,R,intrinsic neuron,glutamate,position
10362,IN03A001,VNC,-0.2722703047065587,-0.3320695495439502,0.3670805040632721,L,intrinsic neuron,acetylcholine,position
10366,IN03B002,VNC,0.057727986077660554,0.026191401090790434,0.7994390664574172,L,intrinsic neuron,gaba,position
10372,IN19A008,VNC,0.5431374986403965,-1.7524853551284243,1.119147878241683,R,intrinsic neuron,gaba,position
10380,IN09A002,VNC,0.32558851406995354,-1.1618425346116197,0.40396227294622183,R,intrinsic neuron,gaba,position
10384,IN19A005,VNC,0.5555650511987819,-0.401289680998182,0.39848345945274016,R,intrinsic neuron,acetylcholine,position
10388,IN03A001,VNC,-0.2933169662973725,-1.4411283931817829,1.3586121167860528,L,intrinsic neuron,acetylcholine,position
10403,IN09A002,VNC,-0.4954317323678854,-1.088279441241823,0.6665444318411362,L,intrinsic neuron,gaba,position
10407,ADNM1 MN,VNC,0.27013223114812684,1.923798498997778,-0.2994639277778641,L,motor neuron,glutamate,position
10412,IN03A001,VNC,0.1920925462653635,-0.5080597293223736,0.21474276302500117,R,intrinsic neuron,acetylcholine,position
10415,IN19A001,VNC,0.5555650511987819,-0.4314231552123312,0.3934055347514645,R,intrinsic neuron,acetylcholine,position
10427,IN19A002,VNC,0.8246282455676928,0.7661652967043212,0.10937582547353046,R,intrinsic neuron,gaba,position
10428,DNp31,descending,0.08565657193467688,1.923798498997778,-0.2393306089469677,R,descending neuron,acetylcholine,position
10431,IN13B003,VNC,0.01937629162328884,-0.16436440480445016,-0.5295740945040943,L,intrinsic neuron,gaba,position
10433,hg4 MN,VNC,0.3869913140761689,-0.5209549854716659,0.3905324984073217,R,motor neuron,glutamate,position
10445,IN09A002,VNC,0.15801699892785556,1.223111705020433,-0.44391752256941747,R,intrinsic neuron,gaba,position
10449,AN19A009,VNC,0.034209176934909956,1.923798498997778,-0.24741519958978822,R,ascending neuron,acetylcholine,position
10453,IN19A005,VNC,-0.6678139130164551,0.1089081218826235,0.6833817611137871,L,intrinsic neuron,acetylcholine,position
10460,MNad42,VNC,0.06547850272697608,-0.38324968534891307,1.0960299578911386,L,motor neuron,acetylcholine,position
10461,Ti extensor MN,motor,0.7937598085678326,0.18995447270693164,-0.2221592056808117,R,motor neuron,glutamate,position
10462,Ti extensor MN,motor,0.49062106686141366,-2.1325947449383906,0.803047065587271,R,motor neuron,gaba,position
10463,IN07B007,VNC,-0.3208446633621828,1.1334462451636962,-0.2827602281026151,L,intrinsic neuron,glutamate,position
10468,IN03B012,VNC,0.057727986077660554,0.08445390555805896,0.8218220240222509,R,intrinsic neuron,glutamate,position
10471,AN18B002,VNC,-0.09567879173982628,1.923798498997778,-0.2474820143884892,L,ascending neuron,acetylcholine,position
10474,IN07B013,VNC,-0.5290395761144864,-0.012093478564880277,-0.1389079664993707,L,intrinsic neuron,glutamate,position
10480,nan,VNC,-0.250956383920941,-1.3160510900135183,1.4520192053700451,L,intrinsic neuron,gaba,position
10481,IN03B009,VNC,0.057727986077660554,-0.1103780474540454,0.7679692962692481,L,intrinsic neuron,acetylcholine,position
10498,IN17A001,VNC,-0.45928492627064654,-1.473065866960859,1.405315661078049,L,intrinsic neuron,acetylcholine,position
10504,nan,VNC,-0.030333918610252187,-0.2816243765246982,-0.518816911913234,R,intrinsic neuron,acetylcholine,position
10510,IN03B012,VNC,0.057727986077660554,0.011826219370076293,0.869527790294762,L,intrinsic neuron,glutamate,position
10513,nan,VNC,0.3963453858943083,-1.5635999192007086,0.2601768261416785,R,intrinsic neuron,gaba,position
10523,IN19A008,VNC,-0.5432043134390976,-0.38258153736190315,0.6096182233478876,L,intrinsic neuron,gaba,position
10528,AN19A009,VNC,-0.5419348322637786,-0.3533834703295679,0.6096182233478876,L,ascending neuron,acetylcholine,position
10534,IN19B004,VNC,0.3535170999269699,-0.986854576813711,1.0419767857420328,R,intrinsic neuron,acetylcholine,position
10541,AN06B035,VNC,-0.21160246748605435,0.5450083130040244,-0.20852898674580853,R,ascending neuron,gaba,position
10547,IN19A008,VNC,0.5555650511987819,-0.3934055347514645,0.2942523734791864,R,intrinsic neuron,gaba,position
10554,IN12A003,VNC,0.7379694516525009,0.3749646503099896,-0.5487499417312802,R,intrinsic neuron,acetylcholine,position
10555,IN19A005,VNC,-0.6270568858088476,0.8808863060739314,0.5325807604456392,L,intrinsic neuron,acetylcholine,position
10558,IN17A001,VNC,0.619506813555635,-1.2945367248317976,1.019259754183694,R,intrinsic neuron,acetylcholine,position
10559,IN17A001,VNC,-0.8192162468729121,0.3528489519399599,0.41111145640722846,L,intrinsic neuron,acetylcholine,position
10561,IN19B004,VNC,-0.02746088226610936,-0.4382382646798328,1.188301194897214,L,intrinsic neuron,acetylcholine,position
10562,DNg38,descending,0.21213698587566232,1.923798498997778,-0.3966126450891123,R,descending neuron,acetylcholine,position
10564,AN19A009,VNC,0.5099973584847025,1.4221529903507,-0.10276116040213186,R,ascending neuron,acetylcholine,position
10568,AN19B009,VNC,0.801710769613251,0.7709091474120919,0.22676942679118045,L,ascending neuron,acetylcholine,position
10571,MNhm42,VNC,-0.7642276675419923,-1.4947806765386826,0.6579253228087076,L,motor neuron,glutamate,position
10582,IN19A001,VNC,-0.4485277436797862,-1.3433783426822257,1.3929549233183647,L,intrinsic neuron,acetylcholine,position
10590,IN03B015,VNC,0.5884379321596719,0.5136721724132574,-0.41892878785524496,R,intrinsic neuron,gaba,position
10599,IN03B015,VNC,-0.6632705067047874,0.5428034246468916,-0.0,L,intrinsic neuron,gaba,position
10604,AN03A001,VNC,-0.6219121463088708,0.5597743835169445,-0.0,L,ascending neuron,acetylcholine,position
10617,IN16B001,VNC,-0.5780816383610174,-1.9543996768028342,0.5085942477119816,L,intrinsic neuron,glutamate,position
10620,IN13B003,VNC,-0.35739235825162763,0.9625339900865485,-0.6313998477244123,R,intrinsic neuron,gaba,position
10625,IN12A003,VNC,-0.8971223021582734,0.40716938328386965,-0.24801653277809718,L,intrinsic neuron,acetylcholine,position
10630,IN09A002,VNC,0.4800643286666563,0.07369672296719859,-0.3042077784856348,R,intrinsic neuron,gaba,position
10635,IN13A021,VNC,0.42280404617990275,1.1738023835790978,-0.8146728405612443,R,intrinsic neuron,gaba,position
10640,IN13A003,VNC,-0.7980359556846963,-0.49135602964712466,-0.3062122224466647,L,intrinsic neuron,gaba,position
10646,IN07B013,VNC,0.234319499044393,-0.007750516649315537,-0.6457650294451264,R,intrinsic neuron,glutamate,position
10652,IN08A005,VNC,-0.4706434420498159,0.15013285268113802,-0.4670354429199621,L,intrinsic neuron,gaba,position
10662,IN21A001,VNC,-0.351044952375033,-1.9813928554780367,1.1439361685597527,L,intrinsic neuron,glutamate,position
10668,IN03B012,VNC,0.057727986077660554,-0.022783846357039637,0.7052970150877138,R,intrinsic neuron,gaba,position
10673,IN07B007,VNC,0.14298366922013145,1.1350498003325202,-0.502714545426294,R,intrinsic neuron,glutamate,position
10679,IN09A008,VNC,-0.334942585888093,1.303222648662927,-0.33721428904392686,L,intrinsic neuron,gaba,position
10682,IN21A003,VNC,-0.14665848314868624,-1.52210792920739,1.0249390120732786,L,intrinsic neuron,glutamate,position
10685,IN19A008,VNC,0.5555650511987819,-0.40703575368646766,0.3064794816414687,R,intrinsic neuron,gaba,position
10689,AN06B003,VNC,-0.27654645182342247,0.25810556738194756,-0.586834376990848,R,ascending neuron,gaba,position
10690,IN17A001,VNC,0.49429588078996844,1.5761611013564958,-0.27901859937535933,R,intrinsic neuron,acetylcholine,position
10691,IN08A002,VNC,-0.8209534316391379,-0.09280575539568345,-0.26632378762217007,L,intrinsic neuron,glutamate,position
10692,IN21A001,VNC,-0.7567444100874808,0.70302531193188,0.04342961915564741,L,intrinsic neuron,glutamate,position
10707,IN17A001,VNC,-0.3946082011280824,1.7335767670960425,-0.07950961045418525,L,intrinsic neuron,acetylcholine,position
10710,Ti flexor MN,motor,-0.8779464549310876,0.08786146029180975,-0.21046661590813742,L,motor neuron,glutamate,position
10722,IN08A005,VNC,-0.4002874590176671,1.4959165281165996,-0.4808661062510683,L,intrinsic neuron,gaba,position
10725,nan,VNC,0.3712230215827338,-1.5017962304022872,1.123758099352052,R,intrinsic neuron,gaba,position
10728,IN21A001,VNC,0.8054523983405069,0.5864334881986419,0.2108006899016424,R,intrinsic neuron,glutamate,position
10737,Ti extensor MN,motor,-0.8889040819180509,0.1927606942523735,-0.19389654583029042,L,motor neuron,acetylcholine,position
10747,IN09A007,VNC,0.7328915269512252,-1.4525537237596533,0.5544291996208649,R,intrinsic neuron,gaba,position
10755,IN02A006,VNC,0.11238249141507528,0.18374069642773902,-0.17184766225896173,R,intrinsic neuron,glutamate,position
10764,IN19A012,VNC,0.5555650511987819,-0.40870612365399256,0.3929378311605575,R,intrinsic neuron,gaba,position
10768,IN03B028,VNC,0.43616700592010194,0.46583277654334415,-0.217482169771742,R,intrinsic neuron,gaba,position
10771,AN06B042,VNC,-0.2261680936028715,-1.3983669220131454,1.356139969234116,R,ascending neuron,gaba,position
10776,IN14B002,VNC,-0.27541060024550557,1.5121525242009417,-0.49750299112761626,L,intrinsic neuron,gaba,position
10779,IN17A020,VNC,-0.47084388644591885,-1.1001724754106001,0.6798405767826343,L,intrinsic neuron,acetylcholine,position
10780,IN21A001,VNC,0.1304224870643442,-1.6130428702394457,0.953981695852821,R,intrinsic neuron,glutamate,position
10782,MNad42,VNC,0.13149152384356014,-0.4197305654396569,1.0800612210016005,R,motor neuron,glutamate,position
10787,MNad34,VNC,-0.23231505508336311,-0.8299734294637724,1.1010410677937132,L,motor neuron,glutamate,position
10788,AN19A009,VNC,-0.5488167565299812,1.252710660844974,0.3559892474789067,L,ascending neuron,acetylcholine,position
10791,IN03B014,VNC,-0.033006510558292027,-0.5673912705688581,0.004677035909069721,R,intrinsic neuron,gaba,position
10793,IN19A008,VNC,0.5555650511987819,-0.40269279177090295,0.3283279208166944,R,intrinsic neuron,gaba,position
10794,IN06B019,VNC,0.13683670773963982,0.183941140823842,0.09775005049955716,R,intrinsic neuron,gaba,position
10810,IN09A002,VNC,-0.6402194011529437,0.08331805398014203,-0.10991034386313843,L,intrinsic neuron,gaba,position
10811,ltm1-tibia MN,motor,0.5124026912379384,-1.9638205634196746,0.4236726385630157,R,motor neuron,glutamate,position
10825,MNhm03,VNC,-0.7185263452305111,-1.6286775331354786,0.5915114128999176,L,motor neuron,gaba,position
10826,IN19A008,VNC,-0.4397750050499557,1.0830678869431454,0.48440729058222104,L,intrinsic neuron,gaba,position
10842,IN03B009,VNC,0.057727986077660554,-0.0769038333048464,0.8212206908339419,R,intrinsic neuron,acetylcholine,position
10853,IN21A003,VNC,-0.33500940068679397,-0.5879702285687649,0.267793713193592,L,intrinsic neuron,glutamate,position
10854,IN16B001,VNC,-0.3652096896996442,1.505537859129543,-0.5597075687182436,L,intrinsic neuron,glutamate,position
10866,Tr extensor MN,motor,0.4878816601146728,-1.824912596920304,0.3027378529142129,R,motor neuron,glutamate,position
10876,IN17A024,VNC,-0.42093323181627484,-1.0623552993458365,1.35440278446789,L,intrinsic neuron,acetylcholine,position
10883,IN21A003,VNC,0.1290193762916233,-1.6130428702394457,0.9416209580931367,R,intrinsic neuron,glutamate,position
10884,AN07B014,VNC,0.15100144506425098,1.923798498997778,-0.41725841788772006,R,ascending neuron,acetylcholine,position
10890,IN08A005,VNC,-0.6952747952825644,-1.7476078748232515,0.502781360224995,L,intrinsic neuron,gaba,position
10899,nan,VNC,-0.21400780023929022,1.923798498997778,-0.3247199216868406,L,ascending neuron,acetylcholine,position
10900,IN13B002,VNC,-0.301134297745389,-1.5854483583759342,0.3699535404074149,R,intrinsic neuron,gaba,position
10902,AN19B009,VNC,-0.32872880960890033,1.923798498997778,-0.23338409186257905,L,ascending neuron,acetylcholine,position
10920,IN09A005,VNC,0.32558851406995354,-1.2000605994685893,0.3830492409528101,R,intrinsic neuron,gaba,position
10927,IN15A001,VNC,-0.45073263203691905,-1.9843327066208805,1.1730006059946858,L,intrinsic neuron,acetylcholine,position
10939,IN09A005,VNC,-0.6402194011529437,0.09400842177230138,-0.12561182155787248,L,intrinsic neuron,gaba,position
10960,IN13B003,VNC,0.0,0.9106857062945756,-0.7503970042108862,L,intrinsic neuron,gaba,position
10968,MNhl68,VNC,0.367748652050282,-2.2350886461457184,0.5622465310688814,R,motor neuron,glutamate,position
10972,IN21A003,VNC,0.20679180197958263,-0.6241170346660037,0.12367419239554361,R,intrinsic neuron,glutamate,position
10974,IN14B002,VNC,0.13924204049287567,1.1528893515856862,-0.502714545426294,R,intrinsic neuron,gaba,position
10979,IN09A007,VNC,0.753203225756328,0.26552201003775816,-0.18634647357707787,R,intrinsic neuron,gaba,position
10981,AN19B014,VNC,0.2750765262520006,1.923798498997778,-0.39748123747222525,R,ascending neuron,acetylcholine,position
10983,IN09A003,VNC,-0.4868126233354569,1.5823080628369874,-0.14011063287598863,L,intrinsic neuron,gaba,position
10984,IN01A010,VNC,-0.536589648367699,0.4318908588032382,0.09654738412293923,L,intrinsic neuron,acetylcholine,position
10991,IN17B004,VNC,-0.18026632689528724,-0.4451870037447364,1.2161629659555293,L,intrinsic neuron,gaba,position
10994,IN07B009,VNC,-0.045634507512780274,-1.3697033733704183,0.29979800177136906,R,intrinsic neuron,acetylcholine,position
10999,AN18B002,VNC,0.043830507947853384,1.923798498997778,-0.25028823593393107,R,ascending neuron,acetylcholine,position
11006,AN19B009,VNC,-0.5722687508740308,0.9183025933464891,0.4739173671861647,R,ascending neuron,acetylcholine,position
11011,IN21A012,VNC,-0.7567444100874808,0.6980142020293053,0.04570132231148127,L,intrinsic neuron,glutamate,position
11013,AN27X002,VNC,-0.1657007007784701,1.923798498997778,-0.19456469381730038,L,ascending neuron,acetylcholine,position
11022,Sternal anterior rotator MN,motor,0.6002641515297481,-1.4860279379088521,0.4218686389980888,R,motor neuron,glutamate,position
11023,AN06B001,VNC,-0.22309461286262566,1.923798498997778,-0.3299982907842193,L,ascending neuron,gaba,position
11026,IN17A010,VNC,0.3078157776154886,-0.37670183507621546,1.0313532327485744,R,intrinsic neuron,acetylcholine,position
11029,IN19A008,VNC,0.5555650511987819,-0.40048790341377005,0.39313827555666053,R,intrinsic neuron,gaba,position
11030,IN03B014,VNC,0.45728048230961665,0.45801544509532766,-0.217482169771742,R,intrinsic neuron,gaba,position
11037,IN09A026,VNC,-0.33233680873875415,1.303222648662927,-0.3448311760958404,L,intrinsic neuron,gaba,position
11041,nan,VNC,-0.16028870208368942,-1.905491244153705,0.36233665335550136,R,intrinsic neuron,acetylcholine,position
11052,AN19B009,VNC,0.2752769706481035,1.923798498997778,-0.3886616840436938,R,ascending neuron,acetylcholine,position
11059,MNnm08,VNC,-0.35411843311527885,1.2398822194943828,0.14445359479155337,L,motor neuron,glutamate,position
11062,IN01A010,VNC,-0.22810572276520036,1.3513961185263452,-0.33567754867380395,L,intrinsic neuron,acetylcholine,position
11065,IN19A001,VNC,-0.7165219012694812,0.08953183025933464,0.6033376322699939,L,intrinsic neuron,acetylcholine,position
11066,IN11B002,VNC,0.5976583743804093,0.6454977702503224,0.0569262084932486,R,intrinsic neuron,gaba,position
11069,AN03A001,VNC,0.6918672405488137,0.44224715260189257,-0.5031822490172009,R,ascending neuron,acetylcholine,position
11100,IN03A009,VNC,0.02545643830507948,-0.4916901036406296,0.13596811535652686,R,intrinsic neuron,acetylcholine,position
11110,IN03A002,VNC,-0.652513324113927,0.5493512749195891,-0.0,L,intrinsic neuron,acetylcholine,position
11115,Ti extensor MN,motor,-0.8782805289245925,0.12527774756436752,-0.07663657411004242,L,motor neuron,glutamate,position
11126,IN01A028,VNC,0.49329365880945353,-1.7079866991935608,1.0803952949951054,R,intrinsic neuron,acetylcholine,position
11129,IN03B017,VNC,-0.09668101372034123,-0.5566340879779977,-0.06574576192178007,L,intrinsic neuron,gaba,position
11133,IN03A009,VNC,-0.30708081482977767,-0.48447410538092206,0.36360613453082025,L,intrinsic neuron,acetylcholine,position
11134,IN21A003,VNC,0.6988159796137172,0.5929145236726385,-0.25289401308326986,R,intrinsic neuron,glutamate,position
11152,IN13A008,VNC,0.2807557841415852,1.457564833662228,-0.6705533197631959,R,intrinsic neuron,gaba,position
11162,AN23B001,VNC,0.6104868157310005,0.5319126124586292,-0.41892878785524496,L,ascending neuron,acetylcholine,position
11165,IN01A010,VNC,0.06821790947371692,1.3360287148251162,-0.41912923225134796,R,intrinsic neuron,acetylcholine,position
11173,nan,VNC,0.09754960610345417,1.923798498997778,-0.4661000357381481,R,ascending neuron,gaba,position
11182,IN19A012,VNC,-0.5447410538092204,-0.3777708718554314,0.6096182233478876,L,intrinsic neuron,gaba,position
11187,DNut055,descending,0.1790636605186693,1.923798498997778,-0.28590052364156193,R,descending neuron,acetylcholine,position
11191,IN01A015,VNC,0.4126481967773513,0.3034060009012229,-0.11512189816181612,R,intrinsic neuron,acetylcholine,position
11195,IN08A005,VNC,-0.018039995649268923,1.4380549124415372,-0.5912441537051136,R,intrinsic neuron,gaba,position
11198,IN17B004,VNC,0.3613344313749864,-0.5660549745948382,1.0403732305732087,R,intrinsic neuron,gaba,position
11213,AN23B001,VNC,0.13249374582407508,1.923798498997778,-0.4173252326864211,R,ascending neuron,acetylcholine,position
11223,IN03B019,VNC,-0.4940286215951645,0.24821697717420016,-0.3918687943813416,L,intrinsic neuron,gaba,position
11224,IN17A010,VNC,0.01757229205836195,-0.23505446183010395,1.0628898177354444,L,intrinsic neuron,acetylcholine,position
11226,Fe reductor MN,motor,0.4887502524977858,1.4954488245256927,-0.4928927700172476,R,motor neuron,glutamate,position
11235,IN13B004,VNC,-0.2573037897975356,-1.95747315754308,0.36033220939447147,L,intrinsic neuron,gaba,position
11258,IN01A009,VNC,0.09287257019438445,1.3360287148251162,-0.3858554624982519,R,intrinsic neuron,acetylcholine,position
11262,AN06B022,VNC,-0.16356262722003823,1.923798498997778,-0.2692636387650139,L,ascending neuron,gaba,position
11264,DNxl042,descending,0.24694749599888124,1.923798498997778,-0.3828487965567071,R,descending neuron,acetylcholine,position
11282,IN19A008,VNC,0.6934039809189365,1.4766070512920118,-0.4033609397579129,R,intrinsic neuron,gaba,position
11288,IN01A015,VNC,-0.536589648367699,0.434897524744783,0.08298397998663704,L,intrinsic neuron,acetylcholine,position
11289,IN21A011,VNC,0.6988159796137172,0.6139611852634523,-0.2122038006743633,R,intrinsic neuron,acetylcholine,position
11297,IN21A014,VNC,0.3498422859984151,-0.9082803735413397,-0.0686187982659229,R,intrinsic neuron,glutamate,position
11303,IN19A008,VNC,-0.4035613841540159,-1.3608170051431856,1.4591683888310518,L,intrinsic neuron,gaba,position
11316,IN19A003,VNC,0.6144288888543593,0.5311108348742173,-0.41892878785524496,R,intrinsic neuron,gaba,position
11319,IN03B017,VNC,0.8158086921391613,0.3561896918750097,-0.11766086051245397,R,intrinsic neuron,gaba,position
11323,IN13A003,VNC,-0.435097969140886,-2.120968969964417,0.620575850334851,L,intrinsic neuron,gaba,position
11336,AN01A006,VNC,-0.0953447177463213,-1.0102397563590597,1.4560949080908059,R,ascending neuron,acetylcholine,position
11340,IN08A006,VNC,0.5943176344453595,-1.4860279379088521,0.41939649144615193,R,intrinsic neuron,glutamate,position
11348,IN21A008,VNC,0.03761673166866075,-2.324820920801156,0.7441832279316936,R,intrinsic neuron,glutamate,position
11354,DNxl042,descending,-0.2897089671675187,1.923798498997778,-0.2496200879469211,L,descending neuron,acetylcholine,position
11356,IN09A005,VNC,0.4800643286666563,0.07469894494771354,-0.36066628338797646,R,intrinsic neuron,gaba,position
11357,IN02A024,VNC,-0.0921376074086735,0.7568112248861818,-0.29679133582982425,L,intrinsic neuron,glutamate,position
11367,IN08A006,VNC,-0.7874124026912379,-0.018774958434979876,-0.06106872601271035,L,intrinsic neuron,glutamate,position
11368,IN03B017,VNC,0.1927606942523735,-0.9410864397035288,-0.09293938499308545,R,intrinsic neuron,gaba,position
11373,IN03B014,VNC,-0.6771679848345945,0.3903988688099197,-0.34837236042699316,L,intrinsic neuron,gaba,position
11375,MNad63,VNC,0.06915331665553087,-0.2776823034013394,0.9603291017294157,R,motor neuron,glutamate,position
11392,AN27X002,VNC,0.21354009664838325,1.923798498997778,-0.301401556940193,R,ascending neuron,acetylcholine,position
11400,Sternal posterior rotator MN,motor,0.13790574451885576,-1.6130428702394457,0.9642711748527744,R,motor neuron,glutamate,position
11404,IN17A016,VNC,0.769840110632876,0.13102382025265316,-0.004677035909069721,R,intrinsic neuron,acetylcholine,position
11406,IN14B003,VNC,0.24327268207032646,-1.8354025203163604,0.1944310642198984,R,intrinsic neuron,gaba,position
11410,AN07B003,VNC,-0.0819817580061221,0.7568112248861818,-0.3113569619466414,L,ascending neuron,acetylcholine,position
11411,IN19A008,VNC,0.5170797271470081,-1.6612831549015648,1.0902170704041518,R,intrinsic neuron,gaba,position
11415,IN21A012,VNC,0.6987491648150163,0.5979924483739143,-0.16670292275898504,R,intrinsic neuron,glutamate,position
11416,IN14B003,VNC,-0.6235825162763957,-1.8657364389266125,0.5009105458613671,L,intrinsic neuron,gaba,position
11420,IN01A023,VNC,-0.3659446524853551,-0.6848516866852091,0.6416893267243656,L,intrinsic neuron,acetylcholine,position
11422,IN08A027,VNC,-0.7848734403406001,-0.00400888792205976,-0.06106872601271035,L,intrinsic neuron,glutamate,position
11423,IN03B019,VNC,0.63661140202309,0.32745932843358144,-0.3402877697841727,R,intrinsic neuron,gaba,position
11425,IN21A009,VNC,-0.9074785959569278,0.6126248892894324,0.07322901937629163,L,intrinsic neuron,glutamate,position
11428,MNad63,VNC,0.07777242568795935,-0.28870674518700373,0.9007971160868282,L,motor neuron,glutamate,position
11442,IN12B005,VNC,0.023652438740152586,-1.2140917071957984,0.7741830725484408,R,intrinsic neuron,gaba,position
11445,IN09A005,VNC,-0.6402194011529437,0.08605746072688286,-0.12273878521372966,L,intrinsic neuron,gaba,position
11471,IN09A007,VNC,-0.6402194011529437,0.08017775844119521,-0.12040026725919481,L,intrinsic neuron,gaba,position
11472,IN16B002,VNC,0.519685504296347,1.35640722842892,-0.7095731622045776,R,intrinsic neuron,gaba,position
11476,AN06B009,VNC,-0.22396320524573862,0.5399303883027488,-0.20852898674580853,R,ascending neuron,gaba,position
11489,Ti extensor MN,motor,0.6759653184579766,0.006146961480491633,-0.5216231334586758,R,motor neuron,glutamate,position
11493,IN07B009,VNC,-0.4149867147318862,-1.1001724754106001,0.6552527308606678,L,intrinsic neuron,acetylcholine,position
11503,IN08A006,VNC,-0.7085041254253617,-1.3605497459483817,0.8220224684183539,L,intrinsic neuron,glutamate,position
11505,AN06B009,VNC,0.048574358655624095,0.5263669841664466,-0.2412682381092966,L,ascending neuron,gaba,position
11506,nan,VNC,0.3369470298491229,0.2445421632456454,-0.66948428298398,R,intrinsic neuron,acetylcholine,position
11507,IN19A011,VNC,0.4800643286666563,0.08585701633077987,-0.3444302873036344,R,intrinsic neuron,acetylcholine,position
11508,AN17B004,VNC,-0.1324269310253741,1.923798498997778,-0.4433830041798095,L,ascending neuron,gaba,position
11509,IN13A021,VNC,-0.6954752396786674,1.2258511117671738,-0.6105536305297015,L,intrinsic neuron,gaba,position
11511,IN19A008,VNC,-0.786476995509424,1.0898161816119458,0.3090852587908075,L,intrinsic neuron,gaba,position
11514,IN12A008,VNC,-0.5498857933091972,0.5450751278027254,-0.015100144506425097,L,intrinsic neuron,acetylcholine,position
11529,Sternal posterior rotator MN,motor,0.38525412930994296,-0.5881706729648678,0.31757073822583404,R,motor neuron,glutamate,position
11530,IN20A.22A003,VNC,0.5126699504327423,-0.9716876175085849,-0.04550087791537828,R,intrinsic neuron,acetylcholine,position
11532,IN06A047,VNC,0.4167238994981121,0.5587721615364296,-0.251090013518343,R,intrinsic neuron,glutamate,position
11550,IN21A011,VNC,0.1373712261292478,-1.6130428702394457,0.9589259909566947,R,intrinsic neuron,acetylcholine,position
11560,AN07B009,VNC,0.14084559566169957,1.1202169150208992,-0.502714545426294,L,ascending neuron,glutamate,position
11562,Sternal anterior rotator MN,motor,0.517681060335317,-2.005379368211694,0.6212439983218608,R,motor neuron,glutamate,position
11577,IN12B005,VNC,-0.37583324269310253,0.21688083658343305,-0.5542955700234629,L,intrinsic neuron,gaba,position
11602,IN17A016,VNC,0.6387494755815218,-1.7778081638361019,0.500776916263965,R,intrinsic neuron,acetylcholine,position
11605,IN07B007,VNC,-0.4216681946019858,-1.1001724754106001,0.6418229563217677,L,intrinsic neuron,glutamate,position
11606,IN21A008,VNC,0.35739235825162763,-1.1959180819491275,-0.2700654163494259,R,intrinsic neuron,glutamate,position
11609,IN14B004,VNC,-0.22897431514831332,1.3484562673835014,-0.4786612178939354,L,intrinsic neuron,glutamate,position
11617,IN11B002,VNC,-0.6232484422828908,0.8600400888792206,0.45728048230961665,L,intrinsic neuron,gaba,position
11623,IN16B004,VNC,0.4800643286666563,0.08144723961651414,-0.3152990350700002,R,intrinsic neuron,glutamate,position
11631,IN21A016,VNC,-0.38525412930994296,-1.6033547244278012,1.4092577342014079,L,intrinsic neuron,acetylcholine,position
11640,IN13A008,VNC,-0.3434948801218205,1.2389468123125689,-0.28877355998570475,L,intrinsic neuron,gaba,position
11646,IN06A047,VNC,-0.5142735056015663,0.60240222508818,-0.08579020153207888,L,intrinsic neuron,glutamate,position
11653,IN14B004,VNC,0.1452553723759653,1.1625774973973306,-0.502714545426294,R,intrinsic neuron,glutamate,position
11655,IN03B014,VNC,-0.317503923427133,-0.48447410538092206,0.46984166446540393,L,intrinsic neuron,gaba,position
11657,Ti extensor MN,motor,-0.5237612070171077,1.4305048401883245,-0.28723681961558184,L,motor neuron,glutamate,position
11678,IN06A024,VNC,-0.5017791382444801,-1.1162748418975403,0.009487701415541432,L,intrinsic neuron,glutamate,position
11704,IN01A015,VNC,-0.3935391643488665,-0.6848516866852091,0.651978805724319,L,intrinsic neuron,acetylcholine,position
11706,Ti extensor MN,motor,0.2975931134142362,1.721817362524667,-0.4329598955824541,R,motor neuron,glutamate,position
11709,IN21A007,VNC,0.6987491648150163,0.5973911151856053,-0.18968721351212767,R,intrinsic neuron,glutamate,position
11717,IN03B015,VNC,-0.45915129667324456,-0.7983032148795003,0.2637180104728312,L,intrinsic neuron,gaba,position
11744,IN08A006,VNC,-0.47638951473810154,1.422286619948102,-0.28723681961558184,L,intrinsic neuron,glutamate,position
11747,IN19A008,VNC,-0.5906428205168047,1.0304178255667604,0.41425175194617525,L,intrinsic neuron,gaba,position
11749,IN21A011,VNC,0.44304893018630453,-1.1007069938002083,-0.0887968674736237,R,intrinsic neuron,acetylcholine,position
11766,IN09A008,VNC,0.5989946703544292,1.5609273272526687,-0.4974361763289153,R,intrinsic neuron,gaba,position
11772,DNxl122,descending,0.23505446183010395,1.923798498997778,-0.3097534067778175,R,descending neuron,acetylcholine,position
11780,IN13A015,VNC,-0.401957828985192,1.389480553785913,-0.5510884596858151,L,intrinsic neuron,gaba,position
11782,IN14A001,VNC,-0.22309461286262566,1.3115076837018507,-0.6046071134453128,L,intrinsic neuron,glutamate,position
11786,ltm MN,motor,0.30768214801808663,1.5425532576098948,-0.5434047578352005,R,motor neuron,glutamate,position
11793,IN19A008,VNC,0.5375250555495129,-1.8539102195565362,0.9932019826903057,R,intrinsic neuron,gaba,position
11809,MNhl59,VNC,-0.8252963935547026,-1.6424413816678838,0.7914212906132977,L,motor neuron,glutamate,position
11819,IN08A005,VNC,0.4320913031993412,-1.5635331044020075,0.26378482527153224,R,intrinsic neuron,gaba,position
11822,IN14B007,VNC,-0.4318908588032382,1.3632223378964214,-0.4798638842705533,L,intrinsic neuron,gaba,position
11865,AN07B009,VNC,-0.3249871808816446,1.1405286138260018,-0.2827602281026151,R,ascending neuron,glutamate,position
11872,AN10B001,VNC,0.17492114299920755,1.923798498997778,-0.4419798934070886,R,ascending neuron,acetylcholine,position
11877,IN20A.22A003,VNC,0.48574358655624095,-1.0962972170859424,-0.21460913342759919,R,intrinsic neuron,acetylcholine,position
11879,IN07B005,VNC,-0.44371707817331446,-1.1001724754106001,0.668348431406063,R,intrinsic neuron,acetylcholine,position
11891,IN19A003,VNC,-0.5242957254067157,-0.3646751713100362,0.6096182233478876,L,intrinsic neuron,gaba,position
11904,IN14B007,VNC,0.1373712261292478,1.1593035722609817,-0.502714545426294,R,intrinsic neuron,gaba,position
11918,IN01A023,VNC,0.31863977500505,-0.7426464875615706,0.42407352735522164,R,intrinsic neuron,acetylcholine,position
11925,IN09A005,VNC,-0.33848377021924575,1.303222648662927,-0.3297310315894153,L,intrinsic neuron,gaba,position
11926,IN17A020,VNC,0.5776807495688114,-1.2744254704227977,1.0642929285081655,R,intrinsic neuron,acetylcholine,position
11927,IN21A011,VNC,-0.3730938359463617,-1.658877822148329,1.4032444023183182,L,intrinsic neuron,acetylcholine,position
11934,IN06B019,VNC,-0.24988734714172506,-0.21186972668085835,-0.553226533244247,L,intrinsic neuron,gaba,position
11935,IN19A008,VNC,-0.3813120561865842,-1.0596827073977966,1.354870488058797,L,intrinsic neuron,gaba,position
11936,IN19A008,VNC,0.7478580418602483,0.8025125471976631,0.22336187205742966,R,intrinsic neuron,gaba,position
11955,IN01A015,VNC,0.11492145376571314,1.3360287148251162,-0.34456391690103644,R,intrinsic neuron,acetylcholine,position
11965,IN21A011,VNC,-0.7462544866914244,-0.9141600758270274,0.27046630514163184,L,intrinsic neuron,acetylcholine,position
11976,IN01A015,VNC,-0.2527603834858679,1.3513961185263452,-0.28576689404415995,L,intrinsic neuron,acetylcholine,position
12007,IN14B006,VNC,-0.6155647404322763,-1.9185201299003993,0.5450751278027254,L,intrinsic neuron,gaba,position
12025,DNxl119,descending,-0.27547741504420653,1.923798498997778,-0.2807557841415852,L,descending neuron,acetylcholine,position
12028,IN08A006,VNC,0.6280591077893625,-0.05986605963609242,-0.3246531068881396,R,intrinsic neuron,glutamate,position
12049,IN19A008,VNC,-0.5436052022313035,-0.37242568795935177,0.6096182233478876,L,intrinsic neuron,gaba,position
12050,IN03A009,VNC,0.7281476762434544,0.4042963469397268,-0.4892179560886928,R,intrinsic neuron,acetylcholine,position
12061,IN16B005,VNC,-0.452002113212238,1.4776092732725268,-0.5379259443417188,L,intrinsic neuron,glutamate,position
12068,IN03A001,VNC,-0.619105924763429,0.5649859378156222,-0.0,L,intrinsic neuron,acetylcholine,position
12072,IN07B005,VNC,-0.652513324113927,-1.77433379430365,0.5237612070171077,L,intrinsic neuron,acetylcholine,position
12088,IN06A005,VNC,-0.5053871373743338,0.620375405938748,-0.08579020153207888,L,intrinsic neuron,gaba,position
12096,Pleural remotor/abductor MN,motor,-0.418394269465637,1.5923302826421368,-0.3086175551999006,L,motor neuron,glutamate,position
12098,IN06A005,VNC,-0.33667977065431887,1.1361856519104372,-0.2827602281026151,R,intrinsic neuron,gaba,position
12099,IN08A006,VNC,0.4234053793682117,1.4814177167984834,-0.569662973724692,R,intrinsic neuron,glutamate,position
12107,IN15A001,VNC,0.6983482760228102,0.2357226098171139,-0.34376213931662447,R,intrinsic neuron,acetylcholine,position
12113,Fe reductor MN,motor,0.46148981462777944,-2.1160914896592447,0.5869680065882499,R,motor neuron,glutamate,position
12118,IN09A008,VNC,-0.49770343552371926,-1.1003061050080023,0.6665444318411362,L,intrinsic neuron,gaba,position
12151,IN08B019,VNC,-0.6072797053933527,-1.6631539692651927,0.44792641049147724,L,intrinsic neuron,acetylcholine,position
12159,AN06A015,VNC,0.4071025684851687,0.5929145236726385,-0.251090013518343,L,ascending neuron,gaba,position
12160,IN03A009,VNC,-0.3144972574855882,-0.48447410538092206,0.3963453858943083,L,intrinsic neuron,acetylcholine,position
12187,IN03B015,VNC,0.23886290535606072,-0.5080597293223736,0.26064452973258545,R,intrinsic neuron,gaba,position
12193,IN14B006,VNC,0.04449865593486334,-1.9988983327376975,0.24995416194042605,R,intrinsic neuron,gaba,position
12202,IN21A011,VNC,-0.9483692527619373,0.5303090572898053,-0.06320679957114222,L,intrinsic neuron,acetylcholine,position
12236,IN12A012,VNC,-0.09200397781127151,-0.6240502198673027,0.035345028512826886,L,intrinsic neuron,glutamate,position
12250,IN21A006,VNC,-0.7567444100874808,0.7173904936525941,0.05311776496729183,L,intrinsic neuron,glutamate,position
12253,IN12B005,VNC,-0.06808427987631493,-1.1784794194881676,0.7624904827757665,L,intrinsic neuron,gaba,position
12260,IN21A009,VNC,0.6987491648150163,0.5926472644778346,-0.20137980328480196,R,intrinsic neuron,glutamate,position
12281,IN06B026,VNC,-0.12307285920723464,-0.4779930699069254,-0.20051121090168902,L,intrinsic neuron,gaba,position
12299,IN21A014,VNC,-0.32378451450502665,-0.5879702285687649,0.26565563963516015,L,intrinsic neuron,glutamate,position
12302,IN16B005,VNC,-0.34048821418027564,1.557987476109825,-0.5338502416209581,L,intrinsic neuron,glutamate,position
12307,IN01A010,VNC,0.4167238994981121,0.3034060009012229,-0.11084575104495238,R,intrinsic neuron,acetylcholine,position
12312,IN06B013,VNC,-0.07790605528536135,-1.2791025063318675,0.6847180570878071,L,intrinsic neuron,gaba,position
12338,IN14A001,VNC,0.019175847227185853,1.4171418804481253,-0.6411548083347577,R,intrinsic neuron,glutamate,position
12342,nan,VNC,-0.10737138151250059,1.923798498997778,-0.4269465636993645,L,ascending neuron,gaba,position
12343,IN12B005,VNC,0.07403079696070358,0.17037773668753983,-0.6593284335814286,R,intrinsic neuron,gaba,position
12344,IN21A016,VNC,0.14599033516167628,-1.6130428702394457,0.9718212471059869,R,intrinsic neuron,acetylcholine,position
12360,IN03A002,VNC,-0.3100874807713225,-0.484540920179623,0.3990847926410492,L,intrinsic neuron,acetylcholine,position
12368,nan,VNC,0.37436331712168064,-1.3620864863185047,1.240550367481393,R,intrinsic neuron,acetylcholine,position
12399,IN06A017,VNC,0.04583495190888326,-1.7051136628494181,0.9423559208788477,R,intrinsic neuron,gaba,position
12412,IN20A.22A009,VNC,0.8897058595024628,0.8085258790807527,0.07189272340227171,R,intrinsic neuron,acetylcholine,position
12430,IN14A001,VNC,-0.25055549512873504,-1.6980981089858136,0.3045418524791398,L,intrinsic neuron,glutamate,position
12443,IN09A009,VNC,0.4800643286666563,0.0753002781360225,-0.31336140590767125,R,intrinsic neuron,gaba,position
12447,nan,VNC,0.03207110337647808,-0.9869882064111131,1.406785586649471,L,intrinsic neuron,acetylcholine,position
12452,IN06A007,VNC,0.41765930667992607,0.5877697841726619,-0.251090013518343,R,intrinsic neuron,gaba,position
12474,Acc. ti flexor MN,motor,0.4469241885109623,-1.8795671022577187,0.27313889708967165,R,motor neuron,glutamate,position
12479,IN16B001,VNC,0.2526935686871669,1.3636232266886275,-0.6934707957176376,R,intrinsic neuron,glutamate,position
12481,IN06A009,VNC,0.2027160992588219,-0.334675326693289,0.14959833429153005,R,intrinsic neuron,glutamate,position
12483,nan,VNC,0.10169212362291592,1.923798498997778,-0.3312009571608372,R,ascending neuron,acetylcholine,position
12510,IN03B025,VNC,-0.16155818325900834,-1.656071600602887,1.1015755861833212,L,intrinsic neuron,gaba,position
12515,IN14B005,VNC,-0.3406218437776776,1.437186320058424,-0.5297077241014964,L,intrinsic neuron,glutamate,position
12549,IN21A009,VNC,0.06434265114905915,-2.242772347996333,0.7163882716720792,R,intrinsic neuron,glutamate,position
12567,IN19A008,VNC,0.7747844057367497,0.8315769846325963,0.17485432820050656,R,intrinsic neuron,gaba,position
12569,nan,VNC,0.0886632378762217,-0.3251876252777476,1.105851733300185,L,intrinsic neuron,acetylcholine,position
12573,IN06A007,VNC,-0.5063893593548487,0.6154979256335752,-0.08579020153207888,L,intrinsic neuron,gaba,position
12582,IN09B003,VNC,-0.004209332318162748,1.1591031278648787,-0.5460773497832404,R,intrinsic neuron,glutamate,position
12585,Ti flexor MN,motor,-0.6591948039840266,-1.9165825007380706,0.9419550320866417,L,motor neuron,unknown,position
12591,IN02A016,VNC,-0.10028901285019501,0.7568112248861818,-0.2975262986155352,L,intrinsic neuron,glutamate,position
12596,IN16B007,VNC,0.6804419099709433,0.19823950774585516,-0.4898861040757027,R,intrinsic neuron,glutamate,position
12605,IN03A009,VNC,-0.36754820765417906,-1.4760725329024038,1.4677206830647793,L,intrinsic neuron,acetylcholine,position
12616,nan,VNC,-0.013496589337601193,-0.5013114346535731,1.238011405130755,L,intrinsic neuron,acetylcholine,position
12635,AN05A003,VNC,-0.3099538511739205,-0.5182155787249251,-0.3965458302904113,R,ascending neuron,acetylcholine,position
12639,nan,VNC,0.11973211927218484,1.923798498997778,-0.37369516913467066,R,ascending neuron,acetylcholine,position
12645,IN06B026,VNC,-0.07342946377239461,-1.1621766086051246,0.7238047143278897,L,intrinsic neuron,gaba,position
12677,AN10B001,VNC,-0.09300619979178644,1.923798498997778,-0.3461674720698603,L,ascending neuron,acetylcholine,position
12678,IN03A002,VNC,0.24995416194042605,-0.5080597293223736,0.28703637521947883,R,intrinsic neuron,acetylcholine,position
12693,ltm MN,motor,-0.8448063147753935,-0.3107556287583324,-0.26311667728452226,L,motor neuron,glutamate,position
12701,IN03B025,VNC,0.4731155896017527,-1.6264726447783457,1.088613515235328,R,intrinsic neuron,gaba,position
12704,Ti extensor MN,motor,-0.47785944030952343,1.4181441024286403,-0.28723681961558184,L,motor neuron,glutamate,position
12708,IN16B007,VNC,-0.47959662507574935,1.439925726805165,-0.33146821635564117,L,intrinsic neuron,glutamate,position
12711,AN06A038,VNC,-0.23752660938204082,-0.8901735630933698,0.8858306011778051,R,ascending neuron,gaba,position
12725,Acc. ti flexor MN,motor,0.3161676274531131,-2.1519042217629782,0.40904019764749755,R,motor neuron,glutamate,position
12739,nan,VNC,-0.15113507466165296,-1.2468977733579876,1.4962506021101045,L,intrinsic neuron,acetylcholine,position
12758,Acc. ti flexor MN,motor,0.36748139285547804,-2.189387323834237,0.47251425641344375,R,motor neuron,glutamate,position
12759,Acc. ti flexor MN,motor,-0.7234038255356837,-1.8494336280435695,0.7092390882110726,L,motor neuron,glutamate,position
12761,Acc. ti flexor MN,motor,0.6841835386981991,1.387208850630079,-0.6390835495750268,R,motor neuron,glutamate,position
12769,IN03A009,VNC,0.1771928461550414,-0.5080597293223736,0.200644840499091,R,intrinsic neuron,acetylcholine,position
12790,IN13A015,VNC,0.5736050468480507,1.5275199279021707,-0.6844507978930031,R,intrinsic neuron,gaba,position
12804,IN09A009,VNC,0.32558851406995354,-1.1562969063194368,0.402091458582594,R,intrinsic neuron,gaba,position
12815,IN01A009,VNC,-0.23031061112233323,1.3513961185263452,-0.32565532886865456,L,intrinsic neuron,acetylcholine,position
12818,AN18B006,VNC,-0.7378358220550989,0.2443417188495424,0.1689078111161179,R,ascending neuron,acetylcholine,position
12819,IN13B024,VNC,0.0,0.9628680640800534,-0.7387044144382119,L,intrinsic neuron,gaba,position
12857,IN14A001,VNC,-0.04603539630498625,1.1134018055533974,-0.6033376322699939,L,intrinsic neuron,glutamate,position
12858,IN06A009,VNC,-0.31569992386220613,-0.284163338875336,0.2968581506285253,L,intrinsic neuron,glutamate,position
12860,IN19A008,VNC,-0.4975698059263173,-1.8529748123747223,1.2748263592150038,L,intrinsic neuron,gaba,position
12880,IN06A011,VNC,0.20672498718088164,-0.334675326693289,0.1286853022981183,R,intrinsic neuron,gaba,position
12891,Fe reductor MN,VNC,0.5614447534844694,1.5218406700125862,-0.4916901036406296,R,motor neuron,glutamate,position
12900,IN03A002,VNC,-0.33053280917382727,-1.4063178830585639,1.4927094177789517,L,intrinsic neuron,acetylcholine,position
12901,IN03A001,VNC,0.7112435321721025,0.41759249188122505,-0.5544960144195659,R,intrinsic neuron,acetylcholine,position
12903,IN06A017,VNC,-0.23852883136255576,-0.8901735630933698,0.9185030377425921,L,intrinsic neuron,gaba,position
12928,nan,VNC,-0.08278353559053406,-1.2791025063318675,0.6760321332566775,L,intrinsic neuron,gaba,position
12996,AN27X003,VNC,0.0007349627857109561,1.923798498997778,-0.2909116335441366,L,ascending neuron,glutamate,position
13006,Ti extensor MN,motor,0.5321798716534332,-1.838609630654008,0.3193747377907609,R,motor neuron,glutamate,position
13009,AN08B031,VNC,0.16429759000574917,1.1846263809686592,-0.4365678947123079,L,ascending neuron,acetylcholine,position
13013,AN06B020,VNC,-0.2532949018754759,1.923798498997778,-0.23158009229765217,L,ascending neuron,glutamate,position
13019,IN12B017,VNC,-0.06895287225942788,-1.1784794194881676,0.7908199574249888,L,intrinsic neuron,gaba,position
13033,ltm MN,motor,0.686989760243641,0.11298382460338424,-0.5597075687182436,R,motor neuron,glutamate,position
13034,DNxn084,descending,0.16309492362913125,1.923798498997778,-0.24741519958978822,R,descending neuron,acetylcholine,position
13064,AN06B014,VNC,-0.07209316779837469,-1.1621766086051246,0.7483257454511553,R,ascending neuron,gaba,position
13069,Sternotrochanter MN,motor,0.4433830041798095,-2.1116148981462777,0.5110663952639185,R,motor neuron,glutamate,position
13073,nan,VNC,0.18855136193421074,-0.334675326693289,0.11585686094752708,L,ascending neuron,gaba,position
13075,Ti extensor MN,motor,-0.7800627748341283,-1.7973848998554935,0.720330344795438,L,motor neuron,glutamate,position
13081,IN20A.22A009,VNC,0.4916901036406296,-1.1242258029429588,-0.15273862983047687,R,intrinsic neuron,acetylcholine,position
13100,IN06A018,VNC,0.20699224637568564,-0.8640489768012803,-0.09019997824634461,R,intrinsic neuron,gaba,position
13104,IN14A004,VNC,-0.24835060677160217,1.0695044828068432,-0.5728032692636388,R,intrinsic neuron,glutamate,position
13109,IN06A002,VNC,-0.30547725966095374,-0.284163338875336,0.3124928135245583,L,intrinsic neuron,glutamate,position
13115,Ti extensor MN,motor,0.6092173345556816,1.453890019733673,-0.568794381341579,R,motor neuron,glutamate,position
13118,AN10B001,VNC,0.015768292493435056,1.923798498997778,-0.35151265596594,R,ascending neuron,acetylcholine,position
13124,nan,VNC,0.4220690833941918,-1.5181658560840312,1.1765417903258386,R,intrinsic neuron,gaba,position
13127,IN18B015,VNC,-0.7139829389188433,0.29371785508957843,0.25643519741442267,L,intrinsic neuron,acetylcholine,position
13135,IN17A031,VNC,-0.1306229314604472,-0.3466351756607673,1.1589694982674767,L,intrinsic neuron,acetylcholine,position
13153,nan,VNC,0.18895225072641672,1.923798498997778,-0.2880385971999938,R,ascending neuron,acetylcholine,position
13157,IN09A009,VNC,-0.6402194011529437,0.08819553428531474,-0.1021598272138229,L,intrinsic neuron,gaba,position
13163,Ti flexor MN,motor,0.45059900243951706,1.4675202386686763,-0.6447628074646115,R,motor neuron,unknown,position
13170,Acc. ti flexor MN,motor,0.29445281787528943,-2.0555572820361423,0.29064437434933266,R,motor neuron,glutamate,position
13192,Ti flexor MN,motor,-0.5424693506533866,-2.0790092763801917,0.6153642960361733,L,motor neuron,glutamate,position
13206,IN06A012,VNC,0.21113476389514738,-0.334675326693289,0.12781670991500535,R,intrinsic neuron,gaba,position
13232,nan,VNC,-0.16015507248628744,-1.8480973320695495,0.3771027238684215,R,intrinsic neuron,gaba,position
13241,ltm1-tibia MN,motor,0.37924079742685335,-1.9766490047702658,0.28529919045325297,R,motor neuron,glutamate,position
13246,IN15A001,VNC,-0.29979800177136906,1.5929316158304458,-0.5349192784001741,L,intrinsic neuron,acetylcholine,position
13249,IN08B028,VNC,-0.4832046242056031,-1.1001724754106001,0.6845176126917041,L,intrinsic neuron,acetylcholine,position
13253,AN06A016,VNC,0.4121136783877434,0.5573022359650077,-0.251090013518343,L,ascending neuron,gaba,position
13266,IN12A018,VNC,0.6331370324906381,0.3952095343163914,-0.384185092530727,R,intrinsic neuron,acetylcholine,position
13276,IN11B009,VNC,0.2794863029662663,-0.718125456438305,1.169526236462234,R,intrinsic neuron,gaba,position
13278,IN17A031,VNC,0.5838277110493031,-0.5307767608807122,0.8385257236974999,R,intrinsic neuron,acetylcholine,position
13280,Ti flexor MN,motor,0.5655204562052302,-0.284163338875336,-0.6346069580620601,R,motor neuron,glutamate,position
13283,Ti flexor MN,motor,0.34870643442049815,1.522976521590503,-0.5876361545752599,R,motor neuron,glutamate,position
13288,IN12A012,VNC,0.25055549512873504,-1.05520611588483,-0.15033329707724102,R,intrinsic neuron,glutamate,position
13293,IN15A001,VNC,0.4199978246344609,-1.5635331044020075,0.2707335643364358,R,intrinsic neuron,acetylcholine,position
13300,Sternal anterior rotator MN,motor,0.17692558696023744,1.6962941094208865,-0.47037618285501187,R,motor neuron,glutamate,position
13301,IN08B028,VNC,0.3613344313749864,-1.118412915455972,0.4470578181083643,R,intrinsic neuron,acetylcholine,position
13306,IN06A011,VNC,-0.31743710862843205,-0.284163338875336,0.3266575508491695,L,intrinsic neuron,gaba,position
13311,Ti flexor MN,motor,-0.5460105349845393,-2.09364171729571,0.770174184626381,L,motor neuron,glutamate,position
13312,AN08B091,VNC,-0.4967680283419053,-1.1001724754106001,0.6729586525164318,R,ascending neuron,acetylcholine,position
13318,IN20A.22A009,VNC,-0.7272790838603416,-0.9456966608138975,0.19129076868095157,L,intrinsic neuron,acetylcholine,position
13323,IN15A001,VNC,-0.5990614851531302,-2.040256693133614,0.618370961977718,L,intrinsic neuron,acetylcholine,position
13331,IN17B008,VNC,-0.04910887704523206,-0.7013549419643551,1.321663533104402,L,intrinsic neuron,gaba,position
13333,nan,VNC,0.03581273210373386,1.923798498997778,-0.46603322093944716,R,ascending neuron,gaba,position
13339,IN06A009,VNC,0.20652454278477866,-0.334675326693289,0.14685892754478921,R,intrinsic neuron,glutamate,position
13353,IN03B037,VNC,-0.8454744627624035,0.3645415417126342,-0.23178053669375515,L,intrinsic neuron,gaba,position
13377,IN03B037,VNC,-0.4838727721926131,0.7485930046459592,0.35024317479062106,L,intrinsic neuron,acetylcholine,position
13383,IN03A002,VNC,-0.6577248784126047,0.5554314216013798,-0.0,L,intrinsic neuron,acetylcholine,position
13397,Acc. ti flexor MN,motor,-0.75333685535373,1.5767624345448048,-0.2901766707584257,L,motor neuron,glutamate,position
13399,Ti flexor MN,motor,0.4417126342122846,1.2263188153580806,-0.4565455195239057,R,motor neuron,glutamate,position
13403,MNad11,VNC,0.020712587597308763,-1.3031558338642262,1.5507714778501174,L,motor neuron,glutamate,position
13427,IN16B020,VNC,0.4270801932967665,-1.5635331044020075,0.2692636387650139,R,intrinsic neuron,glutamate,position
13434,Tergotr. MN,motor,0.6308653293348043,-1.607229982752459,0.43249219199154715,R,motor neuron,acetylcholine,position
13452,IN17B008,VNC,0.3452988796867474,-0.9009307456842301,1.2108845968581508,R,intrinsic neuron,gaba,position
13464,Tergopleural/Pleural promotor MN,VNC,0.27053311994033286,1.354870488058797,-0.4553428531472878,R,motor neuron,glutamate,position
13477,IN06B026,VNC,-0.07449850055161054,-1.2791025063318675,0.6964774616591823,L,intrinsic neuron,gaba,position
13490,Tergopleural/Pleural promotor MN,VNC,-0.4636947029849123,1.4168078064546203,-0.28723681961558184,L,motor neuron,glutamate,position
13497,IN03B037,VNC,0.6901968705812888,0.3429603617322125,-0.3922028683748466,R,intrinsic neuron,glutamate,position
13500,IN16B007,VNC,0.30360644529732583,1.3535341920847772,-0.4553428531472878,R,intrinsic neuron,glutamate,position
13511,IN15A001,VNC,0.3957440527059993,0.08077909162950417,-0.6046071134453128,R,intrinsic neuron,acetylcholine,position
13513,AN07B033,VNC,-0.3379492518296378,1.1057849185014839,-0.2827602281026151,R,ascending neuron,acetylcholine,position
13530,IN02A016,VNC,-0.08672560871389282,0.7568112248861818,-0.317503923427133,R,intrinsic neuron,glutamate,position
13538,IN06A023,VNC,0.19296113864847647,-0.334675326693289,0.12841804310331434,R,intrinsic neuron,glutamate,position
13543,MNhl59,VNC,-0.49917336109514115,-1.0206628649564151,1.0736470003263048,R,motor neuron,glutamate,position
13574,IN15A001,VNC,0.42146775020588284,-1.5635331044020075,0.2724707491026617,R,intrinsic neuron,acetylcholine,position
13605,nan,VNC,0.43890641266684277,-1.77433379430365,1.2708842860916452,R,intrinsic neuron,gaba,position
13612,IN07B013,VNC,0.3266575508491695,0.1352999673695169,-0.6651413210684153,R,intrinsic neuron,acetylcholine,position
13627,IN02A024,VNC,-0.10436471557095577,0.7568112248861818,-0.2996643721739671,L,intrinsic neuron,glutamate,position
13628,Pleural remotor/abductor MN,motor,-0.6481035473996613,1.5756265829668878,-0.22877387075221034,L,motor neuron,glutamate,position
13635,IN03B042,VNC,-0.5874357101791569,0.5232266886274998,-0.015100144506425097,L,intrinsic neuron,gaba,position
13641,IN14A002,VNC,-0.21875165094706092,1.0260748636511956,-0.6416893267243656,L,intrinsic neuron,glutamate,position
13645,IN18B015,VNC,0.6700188013735879,0.2529608278819709,-0.010489923396056373,R,intrinsic neuron,acetylcholine,position
13660,DNg39,descending,0.22349550165483165,1.923798498997778,-0.3208446633621828,R,descending neuron,acetylcholine,position
13669,nan,VNC,-0.3201765153751729,-1.3596811535652686,1.4496806874155104,L,intrinsic neuron,gaba,position
13671,MNad08,VNC,-0.14859611231101513,-1.286518948987678,1.5652034743695324,L,motor neuron,glutamate,position
13683,AN07B063,VNC,0.30754851842068465,-1.0916869959755737,0.4632269993940053,L,ascending neuron,acetylcholine,position
13684,nan,VNC,0.2661901580247681,-1.1679894960921111,1.3383004179809501,R,intrinsic neuron,acetylcholine,position
13689,IN12B011,VNC,0.03387510294140498,-1.2140917071957984,0.7591497428407167,R,intrinsic neuron,gaba,position
13709,nan,VNC,-0.28556644964805694,-1.4472085398635735,1.589657690694097,L,intrinsic neuron,acetylcholine,position
13724,IN14A005,VNC,-0.20305017325232685,1.1232235809624438,-0.5993955591466352,L,intrinsic neuron,glutamate,position
13725,MNad56,VNC,0.18213714125891511,-0.7061656074708268,1.2374100719424461,R,motor neuron,glutamate,position
13738,IN11A027,VNC,0.6630700623086844,0.016636884876548005,0.5959880044128844,R,intrinsic neuron,glutamate,position
13746,Acc. ti flexor MN,motor,0.5862330438025389,-0.0006681479870099601,-0.5786829715493265,R,motor neuron,glutamate,position
13765,nan,VNC,-0.19509921220690835,1.923798498997778,-0.21053343070683841,L,ascending neuron,acetylcholine,position
13779,AN18B014,VNC,0.1791972901160713,1.923798498997778,-0.26532156564165515,R,ascending neuron,acetylcholine,position
13782,IN20A.22A009,VNC,-0.91970570411921,0.5740727504389577,-0.11084575104495238,L,intrinsic neuron,acetylcholine,position
13784,Acc. ti flexor MN,motor,-0.7085709402240626,-0.1324269310253741,-0.3571919138555247,L,motor neuron,glutamate,position
13797,MNad56,VNC,0.03434280653231195,-0.7650294451264043,1.3326879748900664,L,motor neuron,glutamate,position
13803,nan,VNC,0.10008856845409202,-1.2994142051369704,1.436985875662321,R,intrinsic neuron,gaba,position
13812,AN06B035,VNC,0.03988843482449462,0.5238948366145096,-0.2412682381092966,L,ascending neuron,gaba,position
13817,Sternal adductor MN,motor,-0.5531597184455459,-0.056658949298444616,-0.39100020199822866,L,motor neuron,glutamate,position
13819,Acc. ti flexor MN,motor,0.24287179327812047,1.5972745777460104,-0.5655204562052302,R,motor neuron,glutamate,position
13846,IN18B015,VNC,0.6700188013735879,0.234252684245692,-0.010489923396056373,R,intrinsic neuron,acetylcholine,position
13884,IN03A011,VNC,0.5236275774197057,0.5138726168093602,-0.18534425159656293,R,intrinsic neuron,acetylcholine,position
13899,MNad08,VNC,0.18614602918097486,-1.4320415805584474,1.5015957860061844,R,motor neuron,glutamate,position
13904,Tr extensor MN,motor,-0.8504855726649782,0.11993256366828783,-0.2596423077520705,L,motor neuron,glutamate,position
13905,IN16B007,VNC,-0.4840064017900151,1.439925726805165,-0.334541697095887,L,intrinsic neuron,glutamate,position
13908,IN03A009,VNC,0.18521062199916094,-1.4436673555324206,1.0126450891122956,R,intrinsic neuron,acetylcholine,position
13920,Fe reductor MN,VNC,-0.47979706947185236,1.5423528132137918,-0.15333996301878583,L,motor neuron,glutamate,position
13925,IN08A009,VNC,-0.467770405705673,1.4172086952468264,-0.28723681961558184,L,intrinsic neuron,glutamate,position
13942,Sternal posterior rotator MN,motor,0.7742498873471417,0.7475239678667434,0.08091272122690617,R,motor neuron,unknown,position
13949,IN03A002,VNC,0.15160277825255994,-1.4436673555324206,0.9889926503721429,R,intrinsic neuron,acetylcholine,position
13950,AN06A018,VNC,-0.5035163230107059,0.5952530416271734,-0.08579020153207888,R,ascending neuron,gaba,position
13952,ltm1-tibia MN,motor,-0.434897524744783,1.5370076293177122,-0.418661528660441,L,motor neuron,glutamate,position
13986,IN06A023,VNC,0.20284972885622388,-0.334675326693289,0.14478766878505836,R,intrinsic neuron,glutamate,position
14004,AN07B022,VNC,0.31523222027129916,0.050244728623149,-0.1355672265643209,L,ascending neuron,acetylcholine,position
14011,IN17A037,VNC,-0.2804885249467812,-0.6633373215034883,1.2287909629100175,L,intrinsic neuron,acetylcholine,position
14012,IN02A032,VNC,0.27567785944030954,0.20792765355749956,-0.5614447534844694,R,intrinsic neuron,glutamate,position
14020,Fe reductor MN,motor,-0.5730705284584428,-2.005512997809096,1.007099460820113,L,motor neuron,glutamate,position
14069,ltm MN,motor,-0.7249405659058067,1.5209052628307722,-0.4254098233292416,L,motor neuron,acetylcholine,position
14076,IN03B042,VNC,-0.01957673601939183,-0.6349410320555651,-0.02391969793495657,R,intrinsic neuron,gaba,position
14079,FNM2,VNC,0.23872927575865874,1.3424429355004117,-0.4553428531472878,R,motor neuron,glutamate,position
14084,IN15A001,VNC,-0.6880587970228569,-1.9636869338222727,0.6746290224839567,L,intrinsic neuron,acetylcholine,position
14091,IN03A002,VNC,0.5317121680625262,0.5216899482573768,-0.18534425159656293,R,intrinsic neuron,acetylcholine,position
14096,IN16B007,VNC,0.2928492627064655,1.3572758208120328,-0.4553428531472878,R,intrinsic neuron,glutamate,position
14154,IN01A038,VNC,0.39079975760212565,0.3034060009012229,-0.11164752862936433,R,intrinsic neuron,acetylcholine,position
14159,MNad51,VNC,0.09200397781127151,-0.27434156346628963,0.8515546094441941,R,motor neuron,glutamate,position
14164,IN08B047,VNC,0.35846139503084357,-1.118412915455972,0.45073263203691905,R,intrinsic neuron,acetylcholine,position
14168,Pleural remotor/abductor MN,motor,-0.804650620756095,-1.538945258480041,0.8485479435026493,L,motor neuron,glutamate,position
14176,IN01A038,VNC,0.4800643286666563,0.06046739282440139,-0.3744301319203816,L,intrinsic neuron,acetylcholine,position
14196,nan,VNC,0.013095700545395217,1.3765852976366206,-0.4969016579393073,R,intrinsic neuron,glutamate,position
14199,IN12B003,VNC,0.057727986077660554,0.48427366098481905,-0.26565563963516015,R,intrinsic neuron,gaba,position
14214,AN07B030,VNC,0.09821775409046413,1.923798498997778,-0.3867240548813649,R,ascending neuron,acetylcholine,position
14226,Acc. ti flexor MN,motor,-0.5669235669779511,-2.087828829808723,0.8834920832232702,L,motor neuron,acetylcholine,position
14230,IN15A001,VNC,0.29278244790776453,1.3497257485588203,-0.4553428531472878,R,intrinsic neuron,acetylcholine,position
14259,IN03A006,VNC,0.24320586727162546,-0.5080597293223736,0.28389607968053204,R,intrinsic neuron,acetylcholine,position
14261,IN03B036,VNC,0.4597526298615535,-1.5348027409605793,1.1752054943518189,R,intrinsic neuron,gaba,position
14292,IN17A031,VNC,0.44973041005640413,-0.468772627686188,0.9446944388333826,R,intrinsic neuron,acetylcholine,position
14295,IN11B014,VNC,-0.5131376540236493,0.9869882064111131,0.468572183290085,L,intrinsic neuron,gaba,position
14314,IN06A021,VNC,0.20612365399257268,-0.334675326693289,0.1423823360318225,R,intrinsic neuron,glutamate,position
14343,ltm2-femur MN,motor,-0.7110430877759996,-1.8953353947511538,0.6175691843933061,L,motor neuron,glutamate,position
14346,Pleural remotor/abductor MN,motor,0.3299982907842193,1.6334881986419505,-0.5075920257314667,R,motor neuron,glutamate,position
14348,nan,VNC,0.08298397998663704,-1.5838448032071104,1.6161831657783925,L,intrinsic neuron,gaba,position
14352,IN03A001,VNC,-0.3702876144009199,-1.5982099849278244,1.455827648896002,L,intrinsic neuron,acetylcholine,position
14355,AN07B030,VNC,0.15527759218111473,1.137856021877962,-0.502714545426294,L,ascending neuron,acetylcholine,position
14361,nan,VNC,-0.26659104681697404,-1.49190764019454,1.6312164954861166,L,intrinsic neuron,acetylcholine,position
14379,IN03B063,VNC,0.4731155896017527,-0.26365119567413026,0.44538744814083936,R,intrinsic neuron,glutamate,position
14389,IN04B009,VNC,-0.32244821853100675,0.5346520192053701,-0.5583044579455226,L,intrinsic neuron,acetylcholine,position
14413,AN06B041,VNC,-0.08064546203210218,-1.2791025063318675,0.6878583526267539,R,ascending neuron,gaba,position
14416,IN13A023,VNC,-0.6232484422828908,1.4078546234286868,-0.5652531970104262,L,intrinsic neuron,gaba,position
14420,IN13A023,VNC,-0.4498640396538061,1.390883664558634,-0.536055129978091,L,intrinsic neuron,gaba,position
14432,IN15A001,VNC,-0.5708656401013099,0.1254781919604705,-0.48407321658871605,L,intrinsic neuron,acetylcholine,position
14443,AN07B030,VNC,0.12026663766179281,1.923798498997778,-0.3930046459592585,R,ascending neuron,acetylcholine,position
14449,Sternal posterior rotator MN,motor,-0.3662787264788601,-2.0462032102180028,1.1403281694298988,L,motor neuron,glutamate,position
14454,AN06B049,VNC,0.018507699240175896,-0.22857342635610733,0.06768339108410895,L,ascending neuron,gaba,position
14461,MNad32,VNC,-0.3704212439983219,-1.555381698960486,1.3469195270133785,L,motor neuron,glutamate,position
14468,Ti flexor MN,motor,-0.6161660736205852,-2.0190764019453984,0.8438040927948786,L,motor neuron,glutamate,position
14481,IN13B013,VNC,-0.07844057367496932,-1.6697018195378903,0.2980608170051432,L,intrinsic neuron,gaba,position
14482,IN06A047,VNC,0.23485401743400097,-0.9607968053203226,0.7594170020355206,R,intrinsic neuron,glutamate,position
14517,IN09A009,VNC,-0.5054539521730348,-1.5805040632720606,1.3692356697795112,L,intrinsic neuron,gaba,position
14527,IN18B013,VNC,0.18514380720045995,0.31837251581024595,0.4153207887253912,R,intrinsic neuron,acetylcholine,position
14532,AN08B091,VNC,0.3877262768618798,-1.118412915455972,0.4528707055953509,L,ascending neuron,acetylcholine,position
14533,AN05B019,VNC,-0.15654707335643364,-0.3577264322451326,-0.07570116692822848,R,ascending neuron,gaba,position
14536,Tr extensor MN,motor,0.3879935360566838,1.6447798996224188,-0.4634942585888093,R,motor neuron,glutamate,position
14555,nan,VNC,0.6394176235685318,-0.9777677641903756,0.7684369998601551,R,intrinsic neuron,glutamate,position
14567,IN03A011,VNC,0.5146743943937723,0.5239616514132107,-0.18534425159656293,R,intrinsic neuron,acetylcholine,position
14571,EN00B001,VNC,-0.01790636605186693,-1.6634880432586976,1.0358298242615411,U,efferent neuron,glutamate,position
14588,IN15A001,VNC,-0.5257656509781375,0.12040026725919481,-0.49917336109514115,L,intrinsic neuron,acetylcholine,position
14596,Pleural remotor/abductor MN,motor,0.5307767608807122,-1.9815932998741397,0.6980810168280063,R,motor neuron,glutamate,position
14597,nan,VNC,0.015968736889538045,-0.4154544183227932,1.1674549777025032,L,intrinsic neuron,gaba,position
14613,MNad40,VNC,0.33193591994654814,-1.0843373681184643,1.0007520549435183,R,motor neuron,glutamate,position
14617,IN17A031,VNC,-0.22289416846652269,-0.4371024131019159,1.205205338968566,L,intrinsic neuron,acetylcholine,position
14626,EN00B001,VNC,-0.07844057367496932,-1.5315288158242304,1.0670991500536073,U,efferent neuron,glutamate,position
14649,MNhl29,VNC,0.5561663843870908,-1.623599608434203,0.3032055565051199,R,motor neuron,glutamate,position
14650,IN15A001,VNC,0.2901766707584257,1.3515965629224482,-0.4553428531472878,R,intrinsic neuron,acetylcholine,position
14654,AN12B004,VNC,-0.31509859067389717,0.41558804792019516,-0.3096197771804155,R,ascending neuron,gaba,position
14665,Acc. ti flexor MN,motor,-0.5635828270429013,0.028863993038830277,-0.452002113212238,L,motor neuron,glutamate,position
14671,IN01A028,VNC,-0.384519166524232,-1.3292804201563155,1.4468076510713674,L,intrinsic neuron,acetylcholine,position
14707,IN06A020,VNC,0.4199310098357599,0.5732709728545458,-0.251090013518343,R,intrinsic neuron,gaba,position
14767,IN01A015,VNC,0.3247199216868406,-0.7426464875615706,0.42581071212144755,R,intrinsic neuron,acetylcholine,position
14773,ltm2-femur MN,motor,0.2308451295119412,-2.1204344515748095,0.3230495517193157,R,motor neuron,glutamate,position
14775,Acc. ti flexor MN,motor,-0.7693724070419691,-0.11505508336311512,-0.32411858849853165,L,motor neuron,glutamate,position
14783,Acc. tr flexor MN,motor,0.42226952779029475,1.3932221825131688,-0.6572571748216978,R,motor neuron,glutamate,position
14788,IN03A002,VNC,0.2492860139534161,-0.5080597293223736,0.3029382973103159,R,intrinsic neuron,acetylcholine,position
14798,Ti flexor MN,motor,-0.6144957036530603,1.6305483474991065,-0.22362913125223363,L,motor neuron,glutamate,position
14811,IN04B023,VNC,0.5880370433674659,0.3948754603228864,-0.701956275152664,R,intrinsic neuron,acetylcholine,position
14824,Acc. ti flexor MN,motor,0.4918905480367326,1.5124865981944466,-0.5435383874326025,R,motor neuron,glutamate,position
14848,Ti flexor MN,motor,0.6426247339061796,1.3960284040586106,-0.6905309445747937,R,motor neuron,unknown,position
14849,Acc. ti flexor MN,motor,0.5805537859129543,0.07322901937629163,-0.5679926037571671,R,motor neuron,glutamate,position
14850,IN07B045,VNC,-0.5428702394455925,0.0026725919480398404,-0.1389079664993707,L,intrinsic neuron,acetylcholine,position
14855,nan,VNC,0.21106794909644638,-1.5486334042916854,1.0641592989107633,R,intrinsic neuron,gaba,position
14874,IN21A008,VNC,-0.33180229034914616,-0.5879702285687649,0.27701415541432944,L,intrinsic neuron,glutamate,position
14876,IN03B028,VNC,-0.08692605310999581,-0.25195860590145597,0.7560762621004709,L,intrinsic neuron,gaba,position
14884,IN06A017,VNC,-0.3094193327843125,-0.284163338875336,0.3029382973103159,L,intrinsic neuron,gaba,position
14919,nan,VNC,0.10683686312289262,-1.2452274033904627,1.490905418214025,R,intrinsic neuron,gaba,position
14941,IN13B013,VNC,-0.017171403266155974,-0.16436440480445016,-0.536322389172895,L,intrinsic neuron,gaba,position
14945,IN13B024,VNC,0.0,0.9498391783333593,-0.7338269341330391,L,intrinsic neuron,gaba,position
14949,Fe reductor MN,VNC,-0.5170129123483072,1.6326864210575385,-0.29665770623242227,L,motor neuron,glutamate,position
14954,IN04B023,VNC,-0.7944279565548426,0.5955203008219774,-0.1491974454993241,L,intrinsic neuron,acetylcholine,position
15001,IN16B010,VNC,-0.485342697764035,1.439925726805165,-0.3390851034075547,L,intrinsic neuron,glutamate,position
15006,Tr flexor MN,motor,0.6160992588218842,-0.5491508305234862,-0.3131609615115683,R,motor neuron,acetylcholine,position
15018,IN04B026,VNC,-0.12460959957735755,-1.8184983762450084,0.5438056466274065,R,intrinsic neuron,acetylcholine,position
15027,IN13B013,VNC,-0.27587830383641254,-0.184275214817347,-0.435432043134391,R,intrinsic neuron,gaba,position
15034,IN16B010,VNC,0.29037711515452863,1.3672980406171822,-0.4553428531472878,R,intrinsic neuron,glutamate,position
15038,Acc. ti flexor MN,motor,-0.5441397206209115,-2.128652671815032,0.8467439439377225,L,motor neuron,glutamate,position
15049,MNnm14,VNC,0.2244977236353466,1.338567677175754,-0.4553428531472878,R,motor neuron,glutamate,position
15050,IN06A087,VNC,0.23946423854436968,-0.9607968053203226,0.7509315226004941,R,intrinsic neuron,gaba,position
15062,AN07B033,VNC,0.15333996301878583,1.1330453563714904,-0.502714545426294,L,ascending neuron,acetylcholine,position
15066,AN07B030,VNC,-0.18988765790823064,1.923798498997778,-0.3412899917646876,L,ascending neuron,acetylcholine,position
15068,IN19B048,VNC,0.048774803051727086,-0.45407337197196884,1.1268315800922977,L,intrinsic neuron,acetylcholine,position
15078,AN06B042,VNC,0.3362788818621129,-1.6250027192069239,1.0916201811768729,L,ascending neuron,gaba,position
15093,IN13B013,VNC,-0.301134297745389,-1.620927016486163,0.3700871700048169,R,intrinsic neuron,gaba,position
15103,IN04B022,VNC,-0.12354056279814161,-1.8184983762450084,0.48560995695883896,R,intrinsic neuron,acetylcholine,position
15105,IN03B042,VNC,-0.7874124026912379,-0.18855136193421074,0.49516447317308143,L,intrinsic neuron,gaba,position
15107,Tergotr. MN,motor,-0.5677253445623631,0.7249405659058067,0.6763662072501826,L,motor neuron,glutamate,somaLocation
15114,nan,VNC,0.10556738194757369,1.923798498997778,-0.4870130677315599,R,ascending neuron,acetylcholine,position
15115,IN15A001,VNC,-0.35759280264773063,1.6429090852587909,-0.4481936696862812,L,intrinsic neuron,acetylcholine,position
15125,IN11B016,VNC,0.8247618751650947,0.6626691735164784,0.2897089671675187,R,intrinsic neuron,acetylcholine,position
15129,nan,VNC,-0.15160277825255994,1.923798498997778,-0.4586167782836366,L,ascending neuron,acetylcholine,position
15149,Ti flexor MN,motor,-0.4923582516276396,1.5875864319343662,-0.351980359556847,L,motor neuron,glutamate,position
15158,nan,VNC,0.16015507248628744,-1.5245132619606259,1.5459608123436457,R,intrinsic neuron,gaba,position
15165,nan,VNC,-0.08685923831129481,1.923798498997778,-0.4567459639200087,L,ascending neuron,gaba,position
15174,EN00B001,VNC,-0.08746057149960378,-1.8037323057320882,1.0491927840017403,U,efferent neuron,gaba,position
15179,IN14A005,VNC,-0.2126715042652703,1.2166974843451372,-0.5903755613220008,L,intrinsic neuron,glutamate,position
15187,AN18B014,VNC,-0.08398620196715198,1.923798498997778,-0.23832838696645275,L,ascending neuron,acetylcholine,position
15192,nan,VNC,-0.2739406746740836,-1.456495796883012,1.4718632005842411,L,intrinsic neuron,acetylcholine,position
15207,IN06A023,VNC,-0.3096197771804155,-0.284163338875336,0.2927156331090635,L,intrinsic neuron,glutamate,position
15217,IN16B010,VNC,0.29699178022592726,1.3491912301692124,-0.4553428531472878,R,intrinsic neuron,glutamate,position
15234,IN03A011,VNC,0.2228273536678217,-0.5080597293223736,0.23699209099243285,R,intrinsic neuron,acetylcholine,position
15238,IN01A013,VNC,-0.703426200724086,-1.2849822086175553,0.6585266559970167,L,intrinsic neuron,acetylcholine,position
15250,IN16B010,VNC,0.44371707817331446,-1.5635331044020075,0.2827602281026151,R,intrinsic neuron,glutamate,position
15251,IN17A033,VNC,-0.6222462203023759,1.6634212284599965,-0.13957611448638066,L,intrinsic neuron,acetylcholine,position
15262,Pleural remotor/abductor MN,motor,0.5759435648025856,-1.859923551439626,0.4471246329070653,R,motor neuron,glutamate,position
15278,Sternal posterior rotator MN,motor,-0.4030936805631089,-1.975646782789751,1.269614804916326,L,motor neuron,glutamate,position
15286,IN13A027,VNC,0.22803890796649937,-2.110679490964464,0.402425532576099,R,intrinsic neuron,gaba,position
15292,IN18B015,VNC,-0.7623568531783644,0.2777491182000404,0.14478766878505836,L,intrinsic neuron,acetylcholine,position
15296,MNad16,VNC,-0.2307783147132402,-1.2358733315723232,1.590192209083705,L,motor neuron,glutamate,position
15307,IN11B016,VNC,-0.6273909598023525,0.9360753298009541,0.38558820330344795,L,intrinsic neuron,acetylcholine,position
15317,ltm2-femur MN,motor,0.3285283652127974,1.4661839426946564,-0.6434265114905916,R,motor neuron,glutamate,position
15321,Ti flexor MN,motor,-0.6551859160619669,1.5664729555448513,-0.3787730938359464,L,motor neuron,glutamate,position
15322,IN08B072,VNC,0.5169460975496061,-1.774601053498454,0.26799415758969497,R,intrinsic neuron,acetylcholine,position
15331,DNxn071,descending,0.24447534844694438,1.923798498997778,-0.29498733626489737,R,descending neuron,acetylcholine,position
15332,IN17A037,VNC,-0.16844010752521094,-0.3782385754463384,1.1634460897804435,L,intrinsic neuron,acetylcholine,position
15338,IN03A012,VNC,-0.317704367823236,-0.48447410538092206,0.46095529623817144,L,intrinsic neuron,acetylcholine,position
15357,IN17A038,VNC,-0.5468123125689514,-1.7711266839660023,1.2478331805398015,L,intrinsic neuron,acetylcholine,position
15367,Acc. ti flexor MN,motor,0.18360706683033703,1.5760274717590939,-0.5799524527246454,R,motor neuron,glutamate,position
15370,IN13A023,VNC,-0.719996270801933,-0.5385940923287288,-0.2878381528038908,L,intrinsic neuron,gaba,position
15380,ltm MN,motor,0.3217132557452958,-1.9702347840949703,0.2913793371350436,R,motor neuron,glutamate,position
15383,EN00B001,VNC,-0.12855167270071632,-1.7466056528427367,1.0777227030470655,U,efferent neuron,glutamate,position
15391,IN06B038,VNC,0.015501033298631074,-1.257855400344951,0.7461208570940224,R,intrinsic neuron,gaba,position
15426,DNxl068,descending,-0.18267165964852308,1.923798498997778,-0.3915347203878366,L,descending neuron,acetylcholine,position
15440,IN06A023,VNC,-0.31877340460245196,-0.284163338875336,0.301401556940193,L,intrinsic neuron,glutamate,position
15446,Ta levator MN,VNC,0.3665459856736641,1.57308762061625,-0.5552309772052768,R,motor neuron,glutamate,position
15448,nan,VNC,-0.18975402831082866,-1.3071647217862858,1.5654039187656354,L,intrinsic neuron,acetylcholine,position
15452,IN16B009,VNC,-0.536188759575493,1.522442003200895,-0.30400733408953184,L,intrinsic neuron,glutamate,position
15477,nan,VNC,-0.07944279565548425,1.923798498997778,-0.402425532576099,L,ascending neuron,glutamate,position
15515,IN06A034,VNC,-0.42073278742017184,-1.4648476467206364,1.4815513463958854,L,intrinsic neuron,gaba,position
15540,AN19A009,VNC,-0.08158086921391612,1.923798498997778,-0.23011016672623025,L,ascending neuron,acetylcholine,position
15542,IN01A038,VNC,0.10991034386313843,1.336095529623817,-0.3527153223425579,R,intrinsic neuron,acetylcholine,position
15546,DNxn062,descending,-0.1222042668241217,1.923798498997778,-0.2943191882778874,L,descending neuron,glutamate,position
15562,AN19B014,VNC,-0.3332722159205681,1.923798498997778,-0.23525490622620696,L,ascending neuron,acetylcholine,position
15565,IN07B028,VNC,-0.535654241185885,0.0011358515779169322,-0.1389079664993707,L,intrinsic neuron,glutamate,position
15566,nan,VNC,0.16443121960315119,1.923798498997778,-0.4506658172382181,R,ascending neuron,gaba,position
15569,AN19B039,VNC,-0.5397967587053467,0.6775688736268005,0.27848408098575134,R,ascending neuron,acetylcholine,position
15577,EN00B001,VNC,-0.02979940022064422,-1.4941793433503736,1.0187920505927872,U,efferent neuron,unknown,position
15588,IN08B076,VNC,0.486010845751045,0.05632487530493963,-0.32725888403747844,R,intrinsic neuron,acetylcholine,position
15608,IN03A004,VNC,0.1677051447395,-1.4436673555324206,1.0081016828006277,R,intrinsic neuron,acetylcholine,position
15609,IN07B035,VNC,-0.4266793045045605,-1.1001724754106001,0.6560545084450798,L,intrinsic neuron,acetylcholine,position
15623,Ti flexor MN,motor,-0.802913435989869,-0.18354025203163604,-0.30434140808303684,L,motor neuron,glutamate,position
15625,IN08B036,VNC,-0.48761440091986885,-1.1001724754106001,0.6712882825489069,L,intrinsic neuron,acetylcholine,position
15649,IN13B013,VNC,-0.018039995649268923,-0.16436440480445016,-0.5217567630560779,L,intrinsic neuron,gaba,position
15660,AN08B091,VNC,0.36761502245288,-1.118412915455972,0.4479932252901782,L,ascending neuron,acetylcholine,position
15687,IN16B009,VNC,0.2946532622713924,1.355538636045807,-0.4553428531472878,R,intrinsic neuron,glutamate,position
15697,AN03B039,VNC,0.10763864070730457,1.923798498997778,-0.33080006836863124,R,ascending neuron,glutamate,position
15702,AN06A038,VNC,-0.2225600944730177,1.923798498997778,-0.23685846139503083,L,ascending neuron,gaba,position
15712,ltm1-tibia MN,motor,-0.753002781360225,-1.7303028419596935,0.6372795500101,L,motor neuron,glutamate,position
15720,ltm1-tibia MN,motor,0.2631834920832233,1.6590114517457308,-0.5051198781795299,R,motor neuron,gaba,position
15732,EN00B001,VNC,-0.10256071600602887,-1.8792330282642138,1.0226004941187439,U,efferent neuron,unknown,position
15741,IN13B013,VNC,0.0,0.9638702860605683,-0.7338937489317402,L,intrinsic neuron,gaba,position
15753,IN17A024,VNC,0.535854685581988,-0.9491042155476482,1.0636915953198565,R,intrinsic neuron,acetylcholine,position
15762,IN13B013,VNC,-0.35739235825162763,0.9768323570085616,-0.636143698432183,R,intrinsic neuron,gaba,position
15778,IN09B035,VNC,0.17478751340180557,-1.1919091940270679,0.351980359556847,R,intrinsic neuron,acetylcholine,position
15782,IN08B059,VNC,-0.49736936153021427,-1.1001724754106001,0.6785710956073154,L,intrinsic neuron,acetylcholine,position
15789,MNnm07,VNC,0.2621812701027083,1.3460509346302656,-0.4553428531472878,R,motor neuron,unknown,position
15791,Acc. ti flexor MN,motor,-0.6972792392435944,1.5615286604409777,-0.4050981245241388,L,motor neuron,glutamate,position
15798,IN03A009,VNC,0.2212237984989978,-0.5080597293223736,0.23311683266777508,R,intrinsic neuron,acetylcholine,position
15806,IN16B009,VNC,-0.48460773497832405,1.5638671783955125,-0.31556629426480415,L,intrinsic neuron,glutamate,position
15819,IN08B072,VNC,0.38438553692683003,-1.118412915455972,0.4614229998290784,R,intrinsic neuron,acetylcholine,position
15845,IN01A075,VNC,-0.25389623506378484,1.3513961185263452,-0.27841726618705037,L,intrinsic neuron,acetylcholine,position
15846,MNad08,VNC,-0.1254781919604705,-1.4978541572789286,1.6293456811224887,L,motor neuron,glutamate,position
15850,IN08B036,VNC,0.3781049458489364,-1.118412915455972,0.45393974237456686,R,intrinsic neuron,acetylcholine,position
15862,AN06B049,VNC,-0.134030486194198,-0.22864024115480833,0.12126885964230776,R,ascending neuron,gaba,position
15869,IN03B042,VNC,0.19282750905107449,-1.4436673555324206,1.0258076044563917,R,intrinsic neuron,gaba,position
15873,ltm1-tibia MN,motor,-0.719929456003232,0.0038752583246577685,-0.3255216992712526,L,motor neuron,gaba,position
15881,IN01A038,VNC,-0.25523253103780474,1.3513961185263452,-0.28155756172599716,L,intrinsic neuron,acetylcholine,position
15883,Sternal posterior rotator MN,motor,-0.702624423139674,-0.936877107385366,0.1287521170968193,L,motor neuron,glutamate,position
15888,IN03A007,VNC,0.17091225507714777,-1.4436673555324206,1.001954721320136,R,intrinsic neuron,acetylcholine,position
15910,IN06A021,VNC,0.19509921220690835,-0.334675326693289,0.13503270817471294,R,intrinsic neuron,glutamate,position
15913,IN06B054,VNC,0.01636962568174402,-0.20385195083673882,0.06768339108410895,R,intrinsic neuron,gaba,position
15925,IN12A039,VNC,-0.5836940814519012,0.5490172009260842,-0.015100144506425097,L,intrinsic neuron,acetylcholine,position
15933,IN13A023,VNC,0.05037835822055099,-2.1456236306850847,0.37549916869959754,R,intrinsic neuron,gaba,position
15948,EN00B001,VNC,-0.052783690973786844,-1.8813042870239445,0.9895939835604519,U,efferent neuron,unknown,position
15958,nan,VNC,0.06414220675295616,-1.2510402908774492,1.52611681712945,L,intrinsic neuron,gaba,position
15979,AN19B058,VNC,0.2692636387650139,-0.8820889724505493,0.9151622978075423,L,ascending neuron,acetylcholine,position
15981,IN03B028,VNC,0.19670276737573225,-0.9941373898721196,-0.10256071600602887,R,intrinsic neuron,gaba,position
16004,IN08B059,VNC,0.39414049753717545,-1.118412915455972,0.4536056683810619,R,intrinsic neuron,acetylcholine,position
16008,IN13B013,VNC,-0.35739235825162763,0.9668769520021132,-0.6567226564320897,R,intrinsic neuron,gaba,position
16025,AN03B039,VNC,-0.14645803875258326,1.923798498997778,-0.2913125223363426,L,ascending neuron,gaba,position
16035,Sternal posterior rotator MN,motor,0.46790403530307506,-1.0621548549497335,-0.12942026508382926,R,motor neuron,glutamate,position
16064,IN13B013,VNC,-0.09621331012943425,-1.7605699457712447,0.22890750034961233,L,intrinsic neuron,gaba,position
16067,AN06B049,VNC,-0.14599033516167628,-0.284831486862346,0.12126885964230776,R,ascending neuron,gaba,position
16079,IN03A011,VNC,-0.6513106577373091,0.5636496418416023,-0.0,L,intrinsic neuron,acetylcholine,position
16097,IN20A.22A017,VNC,-0.9883245023851329,0.736432711282378,-0.13630218935003185,L,intrinsic neuron,acetylcholine,position
16107,nan,VNC,-0.14512174277856332,1.923798498997778,-0.451668039218733,L,ascending neuron,acetylcholine,position
16112,IN08B047,VNC,-0.46436285097192226,-1.1001724754106001,0.6640054694904983,L,intrinsic neuron,acetylcholine,position
16122,IN11A035,VNC,0.5421352766598816,-0.2277716487716954,0.7274795282564446,R,intrinsic neuron,glutamate,position
16155,IN06A023,VNC,0.1954332862004133,-0.334675326693289,0.1319592274344671,R,intrinsic neuron,glutamate,position
16176,IN01A037,VNC,0.2953882250571033,-0.7426464875615706,0.40770390167347764,R,intrinsic neuron,acetylcholine,position
16209,IN04B023,VNC,0.569729788523393,0.37723635346582346,-0.6682816166073621,R,intrinsic neuron,acetylcholine,position
16218,nan,VNC,0.03487732492191992,1.923798498997778,-0.3577264322451326,R,ascending neuron,glutamate,position
16228,Acc. ti flexor MN,motor,0.4265456749071585,-1.9827959662507575,0.35926317261525553,R,motor neuron,glutamate,position
16241,IN06A028,VNC,-0.2879049676025918,-1.1923100828192736,1.4272977298506766,L,intrinsic neuron,gaba,position
16245,IN03A011,VNC,-0.32191370014139875,-0.48447410538092206,0.4199310098357599,L,intrinsic neuron,acetylcholine,position
16249,nan,VNC,0.20532187640816074,-0.6126917040881333,1.1589694982674767,R,intrinsic neuron,gaba,position
16254,IN13B013,VNC,0.0,0.9398837733269109,-0.7455195239057134,L,intrinsic neuron,gaba,position
16282,IN19A039,VNC,-0.5554982364000808,-0.5379259443417188,0.6112217785167114,L,intrinsic neuron,gaba,position
16286,nan,VNC,-0.03881939804527868,1.923798498997778,-0.2977267430116382,L,ascending neuron,glutamate,position
16290,DNxl099,descending,0.23158009229765217,1.923798498997778,-0.3799757602125643,R,descending neuron,acetylcholine,position
16295,Sternal anterior rotator MN,motor,-0.869928679086968,0.24220364529111052,-0.16476529359665615,L,motor neuron,glutamate,position
16306,IN01B007,VNC,-0.2474820143884892,-1.959277157108007,0.5636496418416023,L,intrinsic neuron,gaba,position
16328,AN07B014,VNC,-0.3096197771804155,1.5473639231163665,-0.552558385257237,R,ascending neuron,acetylcholine,position
16356,ltm2-femur MN,motor,0.4033609397579129,-2.042194322295943,0.3972139782774213,R,motor neuron,glutamate,position
16374,IN08A028,VNC,-0.7809313672172413,-0.006681479870099601,-0.06106872601271035,L,intrinsic neuron,glutamate,position
16385,IN03A007,VNC,-0.3332722159205681,-1.457364389266125,1.4675202386686763,L,intrinsic neuron,acetylcholine,position
16396,IN04B041,VNC,0.10229345681122488,-0.7259427878863216,-0.07443168575290955,R,intrinsic neuron,acetylcholine,position
16400,Acc. tr flexor MN,motor,0.2607113445312864,1.4850925307270382,-0.5502198673027021,R,motor neuron,unknown,position
16412,IN13B013,VNC,-0.27681371101822644,-0.184275214817347,-0.4318908588032382,R,intrinsic neuron,gaba,position
16418,DNxn085,descending,0.04002206442189661,1.923798498997778,-0.2858337088428609,R,descending neuron,gaba,position
16419,Pleural remotor/abductor MN,motor,0.3929378311605575,1.4945802321425796,-0.5109327656665165,R,motor neuron,glutamate,position
16425,IN13B013,VNC,-0.35739235825162763,0.9807076153332194,-0.637479994406203,R,intrinsic neuron,gaba,position
16438,IN13A023,VNC,-0.46616685053684914,-2.088630607393135,0.5150084683872772,L,intrinsic neuron,gaba,position
16458,IN19A028,VNC,-0.4270801932967665,-1.6972295166027005,1.2944030952343957,L,intrinsic neuron,gaba,position
16473,IN02A018,VNC,-0.08345168357754401,-0.013630218935003185,-0.13055611666174619,L,intrinsic neuron,glutamate,position
16486,IN02A025,VNC,-0.036614509688145815,-1.856515996705875,0.9473670307814224,L,intrinsic neuron,glutamate,position
16495,Acc. ti flexor MN,motor,0.3649424305048402,-0.23171372189505415,-0.026191401090790434,R,motor neuron,glutamate,position
16512,AN06B049,VNC,0.01743866246095996,-0.20044439610298803,0.06768339108410895,L,ascending neuron,gaba,position
16519,IN13B013,VNC,-0.2985285205960502,-2.0687866121789393,0.3979489410631322,R,intrinsic neuron,gaba,position
16531,IN03B063,VNC,0.4734496635952577,-0.26899637957020994,0.44538744814083936,R,intrinsic neuron,glutamate,position
16544,IN07B045,VNC,0.3412231769659866,0.08244946159702907,-0.6605310999580465,R,intrinsic neuron,acetylcholine,position
16552,Fe reductor MN,motor,0.7744503317432447,0.06641390990879004,-0.18046677129139022,R,motor neuron,glutamate,position
16579,AN05B019,VNC,-0.16991003309663286,-0.3377488074335348,-0.07570116692822848,R,ascending neuron,gaba,position
16589,IN02A006,VNC,-0.09668101372034123,0.7568112248861818,-0.3042745932843358,L,intrinsic neuron,glutamate,position
16590,IN13A023,VNC,0.4131827151669593,-0.5220908370495828,-0.6748962816787607,R,intrinsic neuron,gaba,position
16595,AN07B052,VNC,-0.5569013471728017,0.010957626986963346,-0.1389079664993707,R,ascending neuron,acetylcholine,position
16604,EN00B001,VNC,0.031002066597262148,-1.5482325154994794,1.0096384231707507,U,efferent neuron,glutamate,position
16608,IN06A033,VNC,0.4197305654396569,0.5819568966856752,-0.251090013518343,R,intrinsic neuron,gaba,position
16617,AN06A038,VNC,-0.1987072113367621,1.923798498997778,-0.23345090666128004,L,ascending neuron,gaba,position
16619,IN04B036,VNC,-0.08819553428531474,-1.6687664123560764,0.8997280793076122,L,intrinsic neuron,acetylcholine,position
16622,AN11B015,VNC,0.23538853582360894,1.923798498997778,-0.30300511210901687,R,ascending neuron,gaba,position
16630,IN06A035,VNC,-0.31670214584272105,-0.284163338875336,0.31182466553754834,L,intrinsic neuron,glutamate,position
16632,Acc. ti flexor MN,motor,-0.5549637180104728,1.5178985968892273,-0.4570800379135137,L,motor neuron,gaba,position
16649,AN12A032,VNC,0.4373028574980189,0.4696412200693009,-0.217482169771742,R,ascending neuron,gaba,position
16682,IN07B028,VNC,0.2443417188495424,-0.1805335860900912,-0.6631368771073853,R,intrinsic neuron,glutamate,position
16696,IN03A011,VNC,-0.6320679957114222,0.5744068244324627,-0.0,L,intrinsic neuron,acetylcholine,position
16699,nan,VNC,-0.12354056279814161,-1.1302391348260485,1.4923753437854468,L,intrinsic neuron,glutamate,position
16721,IN12A039,VNC,0.43202448840064017,0.4950976583743804,-0.217482169771742,R,intrinsic neuron,acetylcholine,position
16728,MNad45,VNC,-0.2788181549792563,-1.4198144723961652,1.3344251596562922,L,motor neuron,glutamate,position
16734,AN06B041,VNC,-0.17846232733036033,1.923798498997778,-0.2458784592196653,L,ascending neuron,gaba,position
16750,MNad45,VNC,0.1540749258044968,-1.4436673555324206,0.9994825737681993,R,motor neuron,glutamate,position
16763,IN06B054,VNC,-0.13423093059030097,-0.26345075127802725,0.12126885964230776,L,intrinsic neuron,gaba,position
16801,AN06A038,VNC,0.20184750687570893,1.923798498997778,-0.33347266031667105,R,ascending neuron,gaba,position
16803,DNxl090,descending,-0.1524045558369719,1.923798498997778,-0.3459670276737573,L,descending neuron,gaba,position
16824,AN07B022,VNC,-0.55209068166633,0.010623552993458366,-0.1389079664993707,R,ascending neuron,acetylcholine,position
16839,EN00B001,VNC,-0.011959848967478285,-1.5706822878630142,1.036965675839458,U,efferent neuron,unknown,position
16857,AN05B019,VNC,0.018641328837577888,-0.4479932252901782,-0.46650092453035413,L,ascending neuron,gaba,position
16869,IN05B015,VNC,-0.33367310471277406,0.4774585515173175,-0.4135167891604643,L,intrinsic neuron,gaba,position
16883,IN03A011,VNC,-0.6289945149711764,0.5659881597961371,-0.0,L,intrinsic neuron,acetylcholine,position
16886,IN06A051,VNC,0.49456313998477247,-1.607430427148562,1.1626443121960315,R,intrinsic neuron,glutamate,position
16899,IN13B013,VNC,0.0,0.9318659974827913,-0.7476575974641453,L,intrinsic neuron,gaba,position
16901,IN02A024,VNC,-0.0803113880385972,0.7568112248861818,-0.31897384899855497,R,intrinsic neuron,glutamate,position
16903,Acc. tr flexor MN,motor,0.4552760383485868,-2.111948972139783,0.6762325776527806,R,motor neuron,glutamate,position
16910,IN13A027,VNC,-0.38732538806967387,1.239748589896981,-0.5899746725297947,L,intrinsic neuron,gaba,position
16963,Tr flexor MN,motor,-0.635675994841276,1.5881209503239742,-0.1604891464797924,L,motor neuron,glutamate,position
16967,AN01A046,VNC,-0.08612427552558385,1.923798498997778,-0.40770390167347764,L,ascending neuron,acetylcholine,position
16971,IN03A009,VNC,-0.31088925835573444,-0.48447410538092206,0.45086626163432103,L,intrinsic neuron,acetylcholine,position
16987,IN17A038,VNC,-0.46249203660829435,-1.1870985285205962,1.3655608558509564,L,intrinsic neuron,acetylcholine,position
17018,Acc. ti flexor MN,motor,-0.535386981991081,-2.0669826126140123,0.6709542085554019,L,motor neuron,gaba,position
17021,IN13B015,VNC,-0.07844057367496932,-1.655670711810681,0.31155740634274437,L,intrinsic neuron,gaba,position
17037,AN06B067,VNC,-0.13984337368118466,-0.25376260546638285,0.12126885964230776,R,ascending neuron,gaba,position
17041,AN06A018,VNC,0.4085056792578896,0.5554982364000808,-0.251090013518343,L,ascending neuron,gaba,position
17050,ltm2-femur MN,motor,0.5900414873284957,1.442130615162298,-0.669083394191774,R,motor neuron,glutamate,position
17075,AN01A046,VNC,0.11746041611635098,1.3360287148251162,-0.34590021287505635,R,ascending neuron,acetylcholine,position
17091,Pleural remotor/abductor MN,motor,-0.7066333110617338,-0.05619124570753764,-0.36447472691393323,L,motor neuron,glutamate,position
17093,AN08B074,VNC,-0.4633606289914073,-1.1001724754106001,0.6575244340165017,R,ascending neuron,acetylcholine,position
17103,IN16B010,VNC,0.6766334664449866,0.251490902310549,-0.585898969809034,R,intrinsic neuron,glutamate,position
17116,nan,VNC,-0.06828472427241791,-1.1525552775921812,1.5112171170191278,L,intrinsic neuron,acetylcholine,position
17130,IN08B082,VNC,-0.4624252218095934,-1.1001724754106001,0.6628696179125814,L,intrinsic neuron,acetylcholine,position
17133,Ti flexor MN,motor,-0.7022903491461691,1.5924639122395388,-0.19269387945367247,L,motor neuron,unknown,position
17137,Tr flexor MN,motor,0.17485432820050656,-2.243640940379446,0.8022452880028591,R,motor neuron,glutamate,position
17150,AN08B085,VNC,0.38104479699178023,-1.118412915455972,0.45647870472520474,L,ascending neuron,acetylcholine,position
17155,DNg39,descending,-0.23117920350544618,1.923798498997778,-0.3214459965504918,L,descending neuron,acetylcholine,position
17161,IN01A038,VNC,-0.25362897586898087,1.3513961185263452,-0.2762123778299175,L,intrinsic neuron,acetylcholine,position
17176,Sternal anterior rotator MN,motor,-0.48427366098481905,1.4155383252793015,-0.28723681961558184,L,motor neuron,glutamate,position
17177,IN03A009,VNC,-0.3249871808816446,-0.48447410538092206,0.45774818590052363,L,intrinsic neuron,acetylcholine,position
17179,MNad05,VNC,-0.18768276955109778,-1.3342247152601894,1.5969405037525055,L,motor neuron,unknown,position
17185,IN08B076,VNC,0.46790403530307506,0.048641173454325094,-0.32725888403747844,R,intrinsic neuron,acetylcholine,position
17188,IN08A002,VNC,0.5349192784001741,-0.18300573364202807,-0.6169010364062961,R,intrinsic neuron,glutamate,position
17201,nan,VNC,-0.36400702332302626,-1.6342231614276614,1.5122193389996426,L,intrinsic neuron,acetylcholine,position
17207,AN19B039,VNC,0.3583277654334416,0.5607097906987585,0.0066146650713986045,L,ascending neuron,acetylcholine,position
17226,Tr flexor MN,motor,-0.5226253554391908,1.424090619513029,-0.28723681961558184,L,motor neuron,glutamate,position
17250,AN06B012,VNC,0.07429805615550757,1.923798498997778,-0.3464347312646643,R,ascending neuron,gaba,position
17264,IN03A007,VNC,0.5246966141989217,0.5225585406404898,-0.18534425159656293,R,intrinsic neuron,acetylcholine,position
17284,AN06B067,VNC,0.017839551253165935,-0.20645772798607767,0.06768339108410895,L,ascending neuron,gaba,position
17285,IN06A017,VNC,0.22035520611588483,-0.334675326693289,0.15648025855773265,R,intrinsic neuron,gaba,position
17296,AN02A021,VNC,-0.09427568096710537,0.7568112248861818,-0.2997311869726681,L,ascending neuron,unknown,position
17342,IN06B038,VNC,-0.07322901937629163,-1.1621766086051246,0.7322901937629163,L,intrinsic neuron,gaba,position
17344,DNnt018,descending,0.2212237984989978,1.923798498997778,-0.35458613670618583,R,descending neuron,gaba,position
17345,IN03A007,VNC,-0.8452072035675995,0.4332939695759591,-0.07122457541526174,L,intrinsic neuron,acetylcholine,position
17374,IN13B013,VNC,0.0,0.9633357676709604,-0.7317556753733083,L,intrinsic neuron,gaba,position
17389,IN06A056,VNC,0.401690569790388,0.5615115682831704,-0.251090013518343,R,intrinsic neuron,gaba,position
17391,MNad43,VNC,0.0452336187205743,-0.686187982659229,1.2923986512733658,L,motor neuron,glutamate,position
17392,IN06A023,VNC,0.19984306291467907,-0.334675326693289,0.1386407073045667,R,intrinsic neuron,glutamate,position
17415,IN04B036,VNC,0.009153627422036454,-1.7272293612194478,0.8678574203272371,R,intrinsic neuron,acetylcholine,position
17419,ltm2-femur MN,motor,-0.8770110477492736,-0.03267243656478705,-0.19690321177183523,L,motor neuron,gaba,position
17433,IN07B035,VNC,0.3049427412713458,-1.0916869959755737,0.4647637397641282,R,intrinsic neuron,acetylcholine,position
17450,AN19A009,VNC,0.043095545162142423,1.923798498997778,-0.25543297543390775,R,ascending neuron,acetylcholine,position
17462,IN17A066,VNC,0.03915347203878366,-0.2043196544276458,1.0491927840017403,L,intrinsic neuron,acetylcholine,position
17471,AN05B019,VNC,0.020979846792112747,-0.4452538185434374,-0.46650092453035413,L,ascending neuron,gaba,position
17475,IN02A024,VNC,-0.10182575322031792,0.7568112248861818,-0.30180244573239895,L,intrinsic neuron,glutamate,position
17476,AN08B085,VNC,0.385120499712541,-1.118412915455972,0.4536724831797629,L,ascending neuron,acetylcholine,position
17483,AN07B033,VNC,0.15774973973305156,1.1480786860792145,-0.502714545426294,L,ascending neuron,acetylcholine,position
17498,IN01A035,VNC,0.3229827369206147,-0.7426464875615706,0.42213589819289277,R,intrinsic neuron,acetylcholine,position
17546,IN03A011,VNC,-0.6253865158413227,0.5724023804714328,-0.0,L,intrinsic neuron,acetylcholine,position
17550,ltm2-femur MN,motor,0.45961900026415153,0.0618705035971223,-0.6006650403219541,R,motor neuron,glutamate,position
17562,IN03A012,VNC,0.5224249110430877,0.5238948366145096,-0.18534425159656293,R,intrinsic neuron,acetylcholine,position
17580,IN13B013,VNC,-0.35739235825162763,0.9791040601643954,-0.6313998477244123,R,intrinsic neuron,gaba,position
17584,IN04B037,VNC,0.6133598520751433,0.5251643177898286,-0.41892878785524496,R,intrinsic neuron,acetylcholine,position
17592,IN16B010,VNC,-0.7292167130226704,-1.5269185947138617,0.652179250120422,L,intrinsic neuron,glutamate,position
17601,IN04B036,VNC,-0.08592383112948086,-1.6687664123560764,0.8975900057491804,L,intrinsic neuron,acetylcholine,position
17607,IN03B058,VNC,0.4783271439004304,-0.28349519088832603,0.44538744814083936,R,intrinsic neuron,gaba,position
17615,IN03A011,VNC,0.5232935034262007,0.520353652283357,-0.18534425159656293,R,intrinsic neuron,acetylcholine,position
17617,IN13B013,VNC,-0.07844057367496932,-1.6602809329210497,0.29231474431685756,L,intrinsic neuron,gaba,position
17627,AN07B033,VNC,-0.3376151778361328,1.1099274360209457,-0.2827602281026151,R,ascending neuron,acetylcholine,position
17632,IN04B036,VNC,0.006013331883089641,-1.7272293612194478,0.8687260127103501,R,intrinsic neuron,acetylcholine,position
17633,IN03B063,VNC,0.4696412200693009,-0.26966452755721987,0.44538744814083936,R,intrinsic neuron,glutamate,position
17637,IN11B014,VNC,0.6376136240036049,0.7058983482760228,0.12187019283061672,R,intrinsic neuron,gaba,position
17651,IN09B031,VNC,-0.0017371847662258962,1.1591031278648787,-0.55275882965334,R,intrinsic neuron,acetylcholine,position
17653,ADNM2 MN,VNC,-0.28235933931040913,1.923798498997778,-0.19790543375235017,R,motor neuron,glutamate,position
17665,IN03A007,VNC,-0.6265223674192396,0.5759435648025856,-0.0,L,intrinsic neuron,acetylcholine,position
17666,IN07B045,VNC,0.3300651055829203,0.06607983591528505,-0.1355672265643209,R,intrinsic neuron,acetylcholine,position
17693,Acc. tr flexor MN,motor,0.4604207778485635,-2.034844694438833,0.4634942585888093,R,motor neuron,glutamate,position
17704,IN03B058,VNC,0.48407321658871605,-0.2827602281026151,0.44538744814083936,R,intrinsic neuron,gaba,position
17715,IN03B063,VNC,0.4751200335627826,-0.2712680827260438,0.44538744814083936,R,intrinsic neuron,glutamate,position
17721,IN13A027,VNC,-0.3710893919853318,1.2807060615006916,-0.5889056357505789,L,intrinsic neuron,gaba,position
17742,IN06A077,VNC,-0.3094193327843125,-0.284163338875336,0.3117578507388474,L,intrinsic neuron,gaba,position
17756,AN08B084,VNC,-0.3337399195114751,1.2122208928321705,-0.28877355998570475,R,ascending neuron,acetylcholine,position
17757,IN03A004,VNC,0.1772596609537424,-1.4436673555324206,1.004627313268176,R,intrinsic neuron,acetylcholine,position
17768,AN11B015,VNC,-0.22543313081716052,1.923798498997778,-0.1809344748822972,L,ascending neuron,gaba,position
17795,EN00B001,VNC,-0.07075687182435478,-1.7478751340180556,1.0438476001056607,U,efferent neuron,unknown,position
17826,IN13A022,VNC,-0.3778376866541324,1.3513961185263452,-0.5582376431468217,L,intrinsic neuron,gaba,position
17857,AN12A043,VNC,-0.1989744705315661,1.923798498997778,-0.34737013844647824,L,ascending neuron,gaba,position
17861,IN20A.22A017,VNC,-0.9718212471059869,0.736365896483677,-0.1639635160122442,L,intrinsic neuron,acetylcholine,position
17875,IN04B041,VNC,-0.2598427521481735,-0.6668116910359402,0.09754960610345417,L,intrinsic neuron,acetylcholine,position
17881,IN13A014,VNC,-0.7083704958279596,1.2128890408191806,-0.6105536305297015,L,intrinsic neuron,gaba,position
17890,IN16B010,VNC,-0.4825364762185932,1.439925726805165,-0.3361452522647109,L,intrinsic neuron,glutamate,position
17894,MNad16,VNC,-0.25122364311574497,-1.5829093960252965,1.5848470251876252,L,motor neuron,unknown,position
17910,IN01A045,VNC,0.10797271470080955,1.336095529623817,-0.3404213993815747,R,intrinsic neuron,acetylcholine,position
17919,AN19A009,VNC,0.04897524744783007,1.923798498997778,-0.24895193995991113,R,ascending neuron,acetylcholine,position
17930,Tr extensor MN,motor,0.7400407104122317,-0.049977469428345016,0.37743679786192647,R,motor neuron,glutamate,position
17947,Sternal posterior rotator MN,motor,0.12861848749941732,-1.6130428702394457,0.9650061376384853,R,motor neuron,glutamate,position
17963,DNb02,descending,0.09915316127227808,1.923798498997778,-0.3499759155958171,R,descending neuron,glutamate,position
17967,nan,VNC,0.049977469428345016,-2.0366486940037603,0.8746057149960378,R,intrinsic neuron,gaba,position
17970,MNhl62,VNC,0.45260344640054695,-1.5634662896033065,0.27374023027798067,R,motor neuron,glutamate,position
18006,Sternotrochanter MN,motor,0.4329598955824541,1.5615286604409777,-0.2916465963298476,R,motor neuron,unknown,position
18013,AN08B091,VNC,-0.4636278881862113,-1.1001724754106001,0.6601302111658406,R,ascending neuron,acetylcholine,position
18022,AN19B040,VNC,-0.33280451232966113,1.923798498997778,-0.22296098326522368,L,ascending neuron,acetylcholine,position
18032,AN02A021,VNC,-0.07215998259707569,0.7568112248861818,-0.3164348866479171,R,ascending neuron,unknown,position
18063,IN08B081,VNC,-0.47892847708873937,-1.1001724754106001,0.6716891713411128,L,intrinsic neuron,acetylcholine,position
18089,IN13A021,VNC,0.4251425641344376,1.1738023835790978,-0.8005081032366331,R,intrinsic neuron,gaba,position
18091,AN19B083,VNC,-0.17091225507714777,-0.7900849946392778,1.022132790527837,R,ascending neuron,acetylcholine,position
18111,AN07B033,VNC,0.15688114734993863,1.1422657985922278,-0.502714545426294,L,ascending neuron,acetylcholine,position
18116,IN06B038,VNC,-0.07002190903864382,-1.1621766086051246,0.7329583417499262,L,intrinsic neuron,gaba,position
18126,IN03A006,VNC,-0.6290613297698774,0.5682598629519711,-0.0,L,intrinsic neuron,acetylcholine,position
18132,IN01A038,VNC,0.09614649533073326,1.3360287148251162,-0.37937442702425533,R,intrinsic neuron,acetylcholine,position
18149,nan,VNC,-0.17144677346675574,-1.9978961107571827,0.937277996177572,L,intrinsic neuron,gaba,position
18168,IN13A021,VNC,-0.4973025467315133,1.3960952188573115,-0.48360551299780913,L,intrinsic neuron,gaba,position
18192,IN03A001,VNC,0.18688099196668584,-1.4436673555324206,1.0272775300278136,R,intrinsic neuron,acetylcholine,position
18203,nan,VNC,0.35358391472567086,-1.8659368833227155,1.4919744549932408,R,intrinsic neuron,gaba,position
18209,AN08B084,VNC,0.1572152213434436,1.1802166042543936,-0.4365678947123079,L,ascending neuron,acetylcholine,position
18215,nan,VNC,0.10109079043460696,-1.840146371024131,1.6656261168171296,L,intrinsic neuron,acetylcholine,position
18219,IN12A036,VNC,0.45160122442003203,0.4813338098419752,-0.217482169771742,R,intrinsic neuron,acetylcholine,position
18230,IN13B013,VNC,-0.301134297745389,-1.604958279596625,0.37382879873207264,R,intrinsic neuron,gaba,position
18240,IN16B010,VNC,-0.7261432322824246,0.13783892972015477,-0.3590627282191525,L,intrinsic neuron,glutamate,somaLocation
18242,nan,VNC,0.19169165747315756,-1.9601457494911199,0.9554516214242429,R,intrinsic neuron,acetylcholine,position
18246,IN13A021,VNC,-0.6976133132370993,1.2237130382087418,-0.6105536305297015,L,intrinsic neuron,gaba,position
18286,Pleural remotor/abductor MN,motor,-0.45073263203691905,-2.0832854234970557,1.140662243423404,L,motor neuron,glutamate,position
18335,IN04B037,VNC,0.1020261976164209,-0.7259427878863216,-0.07783924048666035,R,intrinsic neuron,acetylcholine,position
18341,IN19A039,VNC,0.5911773389064127,-0.9565874730021598,-0.1419814472396165,R,intrinsic neuron,gaba,position
18345,IN02A018,VNC,0.4242071569526237,0.03821806485696971,-0.32725888403747844,R,intrinsic neuron,glutamate,position
18373,MNad51,VNC,0.09120220022685956,-0.23031061112233323,0.9996162033656013,L,motor neuron,glutamate,position
18385,IN03B058,VNC,0.4872135121276629,-0.27146852712214675,0.44538744814083936,R,intrinsic neuron,gaba,position
18398,IN03A011,VNC,-0.637012290815296,0.5617120126792734,-0.0,L,intrinsic neuron,acetylcholine,position
18399,IN12A039,VNC,-0.5867007473934459,0.5506207560949081,-0.015100144506425097,L,intrinsic neuron,acetylcholine,position
18411,IN08B072,VNC,-0.49883928710163616,-1.1001724754106001,0.6885933154124648,L,intrinsic neuron,acetylcholine,position
18412,Acc. ti flexor MN,motor,-0.7110430877759996,1.5641344375903166,-0.26632378762217007,L,motor neuron,glutamate,position
18413,IN03A007,VNC,-0.6317339217179172,0.5665226781857452,-0.0,L,intrinsic neuron,acetylcholine,position
18439,IN03A012,VNC,-0.3279270320244884,-1.4123312149416536,1.4482107618440885,L,intrinsic neuron,acetylcholine,position
18440,Tr flexor MN,motor,0.29525459545970134,1.672775300278136,-0.46402877697841727,R,motor neuron,glutamate,position
18445,DNb02,descending,0.1321596718305701,1.923798498997778,-0.3298646611868173,R,descending neuron,glutamate,position
18448,Ti flexor MN,motor,0.5438056466274065,0.1489970011032211,-0.6325356993023292,R,motor neuron,glutamate,position
18451,IN03A012,VNC,0.5255652065820346,0.5200863930885529,-0.18534425159656293,R,intrinsic neuron,acetylcholine,position
18456,IN16B010,VNC,-0.7560094473017698,0.15347359261618784,-0.36046583899187346,L,intrinsic neuron,glutamate,position
18466,IN02A024,VNC,-0.07503301894121851,0.7568112248861818,-0.31737029382973103,R,intrinsic neuron,glutamate,position
18471,Sternal anterior rotator MN,motor,-0.8131361001911214,-1.6848687788430163,0.5950525972310704,L,motor neuron,glutamate,position
18491,Ti flexor MN,motor,0.4734496635952577,-1.956404120763864,0.34235902854390354,R,motor neuron,glutamate,position
18496,IN09B031,VNC,-0.23872927575865874,1.2241139270009478,-0.4718461084264338,L,intrinsic neuron,acetylcholine,position
18501,IN20A.22A003,VNC,-0.7228693071460758,-0.9340040710412232,0.24233727488851253,L,intrinsic neuron,glutamate,position
18513,IN03B063,VNC,-0.43483070994608203,-0.21728172537563903,0.6282595521854655,L,intrinsic neuron,glutamate,position
18516,IN07B045,VNC,0.3292633279985083,0.05452087574001274,-0.1355672265643209,R,intrinsic neuron,acetylcholine,position
18518,DNg41,descending,0.20318380284972887,1.923798498997778,-0.3782385754463384,R,descending neuron,glutamate,position
18520,IN03A007,VNC,0.5218903926534798,0.5297745389001973,-0.18534425159656293,R,intrinsic neuron,acetylcholine,position
18553,IN08A022,VNC,-0.7804636636263343,-0.009153627422036454,-0.06106872601271035,L,intrinsic neuron,glutamate,position
18566,MNhm03,VNC,0.42561026772534455,-1.5635331044020075,0.2659228988299641,R,motor neuron,glutamate,position
18573,IN06B073,VNC,-0.1253445623630685,-0.25676927140792766,0.12126885964230776,L,intrinsic neuron,gaba,position
18579,Sternotrochanter MN,motor,-0.486010845751045,1.6684323383625712,-0.01690414407135199,L,motor neuron,glutamate,position
18591,nan,VNC,0.29244837391425954,-1.4349814317012912,1.3861398138508632,R,intrinsic neuron,acetylcholine,position
18611,IN02A036,VNC,-0.02779495625961434,-0.7079696070357537,0.40757027207607566,R,intrinsic neuron,glutamate,position
18663,IN04B037,VNC,0.10095716083720496,-0.7259427878863216,-0.07596842612303246,R,intrinsic neuron,acetylcholine,position
18664,Acc. ti flexor MN,motor,0.4415790046148826,-0.037082213279052784,-0.6402194011529437,R,motor neuron,glutamate,position
18666,IN03B058,VNC,-0.4438507077707165,-0.21614587379772207,0.6282595521854655,L,intrinsic neuron,gaba,position
18677,IN06B054,VNC,0.006213776279192629,-0.2325154994794661,0.06768339108410895,R,intrinsic neuron,gaba,position
18680,IN07B080,VNC,0.39079975760212565,-1.0791258138197866,1.1086579548456268,R,intrinsic neuron,acetylcholine,position
18691,AN08B085,VNC,-0.46823810929658,-1.1001724754106001,0.6657426542567242,R,ascending neuron,acetylcholine,position
18700,AN08B091,VNC,0.36935220721910594,-1.118412915455972,0.4498640396538061,L,ascending neuron,acetylcholine,position
18716,Sternotrochanter MN,motor,0.45380611277716487,0.0074164426558105566,-0.5982597075687183,R,motor neuron,glutamate,position
18717,MNnm12,VNC,0.22068928010938982,1.3337570116692823,-0.4553428531472878,R,motor neuron,glutamate,position
18720,AN07B040,VNC,0.3225150333297077,0.05926472644778346,-0.1355672265643209,L,ascending neuron,acetylcholine,position
18743,nan,VNC,-0.17639106857062947,-0.7817331448016532,1.022132790527837,L,ascending neuron,acetylcholine,position
18761,IN08B072,VNC,-0.6767670960423886,-1.7196124741675343,0.4920241776341346,L,intrinsic neuron,acetylcholine,position
18773,IN13A021,VNC,-0.5323135012508352,1.3785229267989496,-0.5383268331339248,L,intrinsic neuron,gaba,position
18774,IN03A011,VNC,0.5218903926534798,0.5170129123483072,-0.18534425159656293,R,intrinsic neuron,acetylcholine,position
18806,IN01A058,VNC,-0.536589648367699,0.42146775020588284,0.08906412666842768,L,intrinsic neuron,acetylcholine,position
18809,IN06B038,VNC,0.014164737324611154,-1.257855400344951,0.7393057476265208,R,intrinsic neuron,gaba,position
18827,IN13A021,VNC,0.4232717497708097,1.1738023835790978,-0.7844725515483941,R,intrinsic neuron,gaba,position
18842,IN04B036,VNC,0.012026663766179281,-1.7272293612194478,0.8683919387168451,R,intrinsic neuron,acetylcholine,position
18860,IN03A011,VNC,0.518883726711935,0.5206877262768619,-0.18534425159656293,R,intrinsic neuron,acetylcholine,position
18889,IN07B045,VNC,0.32779340242708643,0.055322653324424695,-0.1355672265643209,R,intrinsic neuron,acetylcholine,position
18899,IN16X029,VNC,-0.43436300635517505,1.439992541603866,-0.3412231769659866,L,intrinsic neuron,glutamate,position
18900,IN04B045,VNC,-0.08017775844119521,-1.6687664123560764,0.88750097114533,L,intrinsic neuron,acetylcholine,position
18924,IN09B033,VNC,-0.200644840499091,1.3650931522600493,-0.17284988423947667,L,intrinsic neuron,acetylcholine,position
18926,IN04B022,VNC,-0.1239414515903476,-1.8184983762450084,0.49269232562114457,R,intrinsic neuron,acetylcholine,position
18938,IN08B096,VNC,0.4906878816601147,0.05632487530493963,-0.32725888403747844,R,intrinsic neuron,acetylcholine,position
18963,Acc. ti flexor MN,motor,0.39073294280342463,1.456295352486909,-0.6197740727504389,R,motor neuron,acetylcholine,position
18983,Fe reductor MN,motor,0.4294187112513013,1.6103702782914058,-0.5049862485821278,R,motor neuron,glutamate,position
19004,AN08B093,VNC,0.3666128004723651,-1.118412915455972,0.44558789253694236,L,ascending neuron,acetylcholine,position
19025,nan,VNC,-0.7839380331587862,0.8671224575415262,0.3739624283294746,R,ascending neuron,gaba,position
19048,Acc. ti flexor MN,motor,0.5287055021209814,1.558254735304629,-0.5430706838416955,R,motor neuron,glutamate,position
19056,IN03A011,VNC,-0.6446291778672095,0.5655204562052302,-0.0,L,intrinsic neuron,acetylcholine,position
19074,Acc. ti flexor MN,motor,-0.6106204453284025,-1.9849340398091895,0.7426464875615706,L,motor neuron,glutamate,position
19091,IN03A011,VNC,-0.6428251783022826,0.5638500862377053,-0.0,L,intrinsic neuron,acetylcholine,position
19092,ltm MN,motor,-0.5643177898286122,1.5321301490125394,-0.3295974019920133,L,motor neuron,glutamate,position
19094,Sternotrochanter MN,motor,0.8463430551455164,0.3396196217971627,0.34670199045946826,R,motor neuron,glutamate,position
19116,IN03B058,VNC,0.47959662507574935,-0.28002082135587425,0.44538744814083936,R,intrinsic neuron,gaba,position
19206,Pleural remotor/abductor MN,motor,0.6104868157310005,0.16316173842783224,-0.6140948148608543,R,motor neuron,glutamate,position
19228,nan,VNC,0.07964324005158724,-1.4438009851298228,1.5759606569603928,L,intrinsic neuron,acetylcholine,position
19233,IN01A056,VNC,0.3978821262644312,0.3034060009012229,-0.1105784918501484,R,intrinsic neuron,acetylcholine,position
19240,AN08B091,VNC,0.3898643504203117,-1.118412915455972,0.45073263203691905,L,ascending neuron,acetylcholine,position
19260,Acc. ti flexor MN,motor,0.3422922137452025,-2.041927063101139,0.3698199108100129,R,motor neuron,glutamate,position
19305,nan,VNC,0.11766086051245397,-1.689078111161179,1.638566123343226,L,intrinsic neuron,acetylcholine,position
19324,AN19B055,VNC,0.2717357863169508,-0.8892381559115559,0.9151622978075423,L,ascending neuron,acetylcholine,position
19348,IN08A030,VNC,-0.7840048479574871,-0.007884146246717528,-0.06106872601271035,L,intrinsic neuron,glutamate,position
19351,AN06B059,VNC,0.008418664636325497,-0.18688099196668584,0.06768339108410895,L,ascending neuron,gaba,position
19362,IN06A056,VNC,0.4007551626085741,0.5729368988610407,-0.251090013518343,R,intrinsic neuron,gaba,position
19372,IN04B037,VNC,-0.2613126777195954,-0.6668116910359402,0.10503286355796572,L,intrinsic neuron,acetylcholine,position
19396,IN20A.22A017,VNC,0.7558758177043678,0.6376136240036049,-0.5273023913482605,R,intrinsic neuron,glutamate,position
19409,IN13A028,VNC,-0.35866183942694657,-2.103263048308653,0.636344142828286,L,intrinsic neuron,gaba,position
19449,AN08B091,VNC,-0.4924250664263406,-1.1001724754106001,0.6734931709060398,R,ascending neuron,acetylcholine,position
19451,IN03A006,VNC,0.5268346877573535,0.5415339434715727,-0.18534425159656293,R,intrinsic neuron,acetylcholine,position
19454,IN03B066,VNC,0.4902201780692077,-0.2534953462715788,0.44538744814083936,R,intrinsic neuron,glutamate,position
19463,IN16B014,VNC,-0.7291498982239695,-1.5269185947138617,0.6438274002827975,L,intrinsic neuron,glutamate,position
19581,AN07B043,VNC,0.16269403483692527,1.155896017527231,-0.502714545426294,L,ascending neuron,acetylcholine,position
19590,AN07B043,VNC,0.16035551688239041,1.1597044610531877,-0.502714545426294,L,ascending neuron,acetylcholine,position
19613,Acc. tr flexor MN,motor,0.46429603617322124,-2.053619652873813,0.5446074242118184,R,motor neuron,glutamate,position
19638,IN08B072,VNC,0.4969016579393073,-1.4542240937271782,0.33721428904392686,R,intrinsic neuron,acetylcholine,position
19661,IN04B036,VNC,0.009420886616840436,-1.7272293612194478,0.8711981602622869,R,intrinsic neuron,acetylcholine,position
19667,Sternal posterior rotator MN,motor,-0.6746290224839567,0.8816212688596423,0.4381714498811318,L,motor neuron,glutamate,position
19675,IN03B063,VNC,0.4721133676212378,-0.2745420078623926,0.44538744814083936,R,intrinsic neuron,glutamate,position
19678,AN07B040,VNC,0.31737029382973103,0.049977469428345016,-0.1355672265643209,L,ascending neuron,acetylcholine,position
19689,IN20A.22A017,VNC,-0.9763646534176547,0.736432711282378,-0.16529981198626412,L,intrinsic neuron,glutamate,position
19690,IN03A007,VNC,0.5210886150690679,0.5222912814456858,-0.18534425159656293,R,intrinsic neuron,acetylcholine,position
19697,IN13A027,VNC,-0.7033593859253849,1.2176997063256523,-0.6105536305297015,L,intrinsic neuron,gaba,position
19704,Tr flexor MN,motor,-0.6884596858150629,0.09641375452553724,-0.3616016905697904,L,motor neuron,glutamate,position
19718,IN20A.22A017,VNC,0.7558090029056669,0.6237829606724987,-0.536322389172895,R,intrinsic neuron,glutamate,position
19719,IN16B014,VNC,0.4330935251798561,-1.5635331044020075,0.27534378544680455,R,intrinsic neuron,glutamate,position
19751,Ta levator MN,VNC,0.435565672731793,1.4508165389934273,-0.5806206007116553,R,motor neuron,unknown,position
19758,ltm1-tibia MN,motor,0.5613779386857685,0.11191478782416832,-0.603938965458303,R,motor neuron,glutamate,position
19771,Tr flexor MN,motor,-0.5730705284584428,1.6439113072393057,-0.22663579719377847,L,motor neuron,glutamate,position
19796,IN19A036,VNC,0.5555650511987819,-0.435097969140886,0.3836505741411191,R,intrinsic neuron,gaba,position
19833,IN04B037,VNC,-0.7985704740743043,0.5962552636076883,-0.1491974454993241,L,intrinsic neuron,acetylcholine,position
19839,IN16B018,VNC,-0.38892894323849775,0.1941638050250944,-0.4917569184393306,L,intrinsic neuron,glutamate,position
19848,IN06B038,VNC,-0.08164768401261713,-1.1621766086051246,0.7425128579641687,L,intrinsic neuron,gaba,position
19861,AN08B099,VNC,-0.31590036825830914,1.1850272697608653,-0.28877355998570475,R,ascending neuron,acetylcholine,position
19884,IN12A051,VNC,-0.2707335643364358,-0.3320695495439502,0.40536538371894276,L,intrinsic neuron,glutamate,position
19886,Tr flexor MN,motor,0.40723619808257067,1.5515064406358283,-0.5169460975496061,R,motor neuron,glutamate,position
19897,IN11B029,VNC,0.5651863822117252,-0.2643193436611402,0.5448078686079214,R,intrinsic neuron,gaba,position
19915,IN03B066,VNC,0.469106701679693,-0.2806221545441832,0.44538744814083936,R,intrinsic neuron,glutamate,position
19929,Tr extensor MN,motor,-0.5385940923287288,1.052132635144584,0.46603322093944716,L,motor neuron,glutamate,position
19946,IN04B036,VNC,-0.22837298196000436,-2.324019143216744,0.7397734512174278,L,intrinsic neuron,acetylcholine,position
19963,IN03A012,VNC,-0.3151654054725982,-0.48447410538092206,0.4156548627188962,L,intrinsic neuron,acetylcholine,position
19975,AN06A048,VNC,-0.5067234333483537,0.6112885933154125,-0.08579020153207888,R,ascending neuron,gaba,position
19983,Tr flexor MN,motor,0.4385055238746368,-0.9907298351383688,-0.000400888792205976,R,motor neuron,glutamate,position
19996,IN03A012,VNC,0.5238280218158087,0.5375250555495129,-0.18534425159656293,R,intrinsic neuron,acetylcholine,position
20012,AN07B067,VNC,0.15627981416162967,1.1574995726960549,-0.502714545426294,L,ascending neuron,acetylcholine,position
20018,AN07B040,VNC,-0.5531597184455459,0.008485479435026493,-0.1389079664993707,R,ascending neuron,acetylcholine,position
20031,IN01A047,VNC,0.39848345945274016,0.3034060009012229,-0.11244930621377629,R,intrinsic neuron,acetylcholine,position
20041,IN08B082,VNC,0.3863899808878599,-1.118412915455972,0.4552092235498858,R,intrinsic neuron,acetylcholine,position
20080,IN16B015,VNC,-0.719194493217521,0.301067482946688,-0.4203318986279659,L,intrinsic neuron,glutamate,position
20092,IN02A024,VNC,-0.07677020370744442,0.7568112248861818,-0.3158335534596081,R,intrinsic neuron,glutamate,position
20114,IN16B010,VNC,-0.7270118246655376,-1.5269185947138617,0.6505756949515982,L,intrinsic neuron,glutamate,position
20116,IN00A048,VNC,-0.09942042046708206,-0.2747424522584956,-0.1925602498562705,U,intrinsic neuron,gaba,position
20119,Sternal anterior rotator MN,motor,-0.8989263017232003,0.3078157776154886,-0.13135789424615815,L,motor neuron,glutamate,position
20142,IN03A012,VNC,0.5289727613157854,0.5376586851469148,-0.18534425159656293,R,intrinsic neuron,acetylcholine,position
20175,IN03B066,VNC,-0.435298413536989,-0.19830632254455616,0.6282595521854655,L,intrinsic neuron,glutamate,position
20181,IN04B021,VNC,0.07964324005158724,-0.7936929937691316,-0.3374147334400298,R,intrinsic neuron,acetylcholine,position
20185,AN08B093,VNC,-0.46670136892645714,-1.1001724754106001,0.6613328775424585,R,ascending neuron,acetylcholine,position
20199,IN12A051,VNC,0.19697002657053622,-0.31409636869338226,0.28670230122597384,R,intrinsic neuron,glutamate,position
20253,DNxn069,descending,-0.25830601177805057,1.923798498997778,-0.24447534844694438,L,descending neuron,acetylcholine,position
20269,IN03B066,VNC,0.4663004801342511,-0.28863993038830277,0.44538744814083936,R,intrinsic neuron,glutamate,position
20285,IN16B014,VNC,0.43235856239414516,-1.5635331044020075,0.2728048230961667,R,intrinsic neuron,glutamate,position
20328,IN03A011,VNC,-0.6259878490296316,0.5695961589259909,-0.0,L,intrinsic neuron,acetylcholine,position
20335,IN20A.22A017,VNC,-0.9902621315474618,0.5315117236664232,-0.050177913824448,L,intrinsic neuron,acetylcholine,position
20365,IN13A027,VNC,0.41071056761502245,-0.48607766054974594,-0.6748962816787607,R,intrinsic neuron,gaba,position
20370,IN07B046,VNC,0.29525459545970134,-1.0916869959755737,0.45246981680314496,R,intrinsic neuron,acetylcholine,position
20371,IN08B108,VNC,-0.4738505523874637,-1.1001724754106001,0.670419690165794,L,intrinsic neuron,acetylcholine,position
20391,IN01A066,VNC,0.1071709371163976,1.336095529623817,-0.33500940068679397,R,intrinsic neuron,acetylcholine,position
20401,IN08B108,VNC,0.36233665335550136,-1.118412915455972,0.44438522616032444,R,intrinsic neuron,acetylcholine,position
20407,IN08B105,VNC,-0.49456313998477247,-1.1001724754106001,0.6716223565424119,L,intrinsic neuron,acetylcholine,position
20420,IN04B022,VNC,-0.1809344748822972,-1.7797457929984306,0.49609988035489533,L,intrinsic neuron,acetylcholine,position
20441,IN04B037,VNC,-0.26699193560918005,-0.6668116910359402,0.10803952949951054,L,intrinsic neuron,acetylcholine,position
20443,IN06A056,VNC,-0.5076588405301676,0.6076805941855586,-0.08579020153207888,L,intrinsic neuron,gaba,position
20462,IN06A002,VNC,0.22055565051198783,-0.334675326693289,0.1407119660642976,R,intrinsic neuron,glutamate,position
20478,AN07B043,VNC,-0.32705843964137543,1.121553210994919,-0.2827602281026151,R,ascending neuron,acetylcholine,position
20484,IN08B105,VNC,-0.4723138120173408,-1.1001724754106001,0.6726245785229268,L,intrinsic neuron,acetylcholine,position
20504,IN13B024,VNC,-0.024053327532358563,1.390683220162531,-0.6497071025684852,R,intrinsic neuron,gaba,position
20532,AN07B066,VNC,-0.34623428686856134,1.1418649098000218,-0.2827602281026151,R,ascending neuron,acetylcholine,position
20572,Tr flexor MN,motor,0.5571686063676057,1.5019298599996893,-0.5319794272573302,R,motor neuron,glutamate,position
20593,Acc. ti flexor MN,motor,0.4401758938421617,-2.176492067684945,0.5819568966856752,R,motor neuron,glutamate,position
20605,Acc. ti flexor MN,motor,0.5912441537051136,1.504268377954224,-0.652179250120422,R,motor neuron,gaba,position
20612,ltm1-tibia MN,motor,-0.6007318551206551,1.5456267383501407,-0.4389732274655438,L,motor neuron,glutamate,position
20615,Sternotrochanter MN,motor,0.20385195083673882,1.5875196171356651,-0.5216899482573768,R,motor neuron,glutamate,position
20645,AN08B074,VNC,0.36447472691393323,-1.118412915455972,0.44324937458240754,L,ascending neuron,acetylcholine,position
20646,IN13B025,VNC,-0.15754929533694859,1.171330236027161,-0.6506425097502991,R,intrinsic neuron,gaba,position
20647,DNxn119,descending,-0.16115729446680238,1.923798498997778,-0.2542303090572898,L,descending neuron,acetylcholine,position
20650,IN04B037,VNC,0.100355827648896,-0.7259427878863216,-0.0702891682334478,R,intrinsic neuron,acetylcholine,position
20654,IN13A014,VNC,-0.6998850163929332,1.223245334617835,-0.6105536305297015,L,intrinsic neuron,gaba,position
20667,Sternal adductor MN,motor,0.6099522973413926,-1.6262053855835419,0.35211398915424896,R,motor neuron,glutamate,position
20673,Tr flexor MN,motor,0.49102195565361967,1.5943347266031667,-0.4923582516276396,R,motor neuron,glutamate,position
20680,IN06A056,VNC,-0.5073247665366627,0.5955203008219774,-0.08579020153207888,L,intrinsic neuron,gaba,position
20683,IN12A050,VNC,-0.26812778718709696,-0.3320695495439502,0.3977484966670292,L,intrinsic neuron,acetylcholine,position
20694,IN12B011,VNC,-0.3260562176608605,0.42728063769286945,-0.3096197771804155,L,intrinsic neuron,gaba,position
20696,IN13B025,VNC,0.0,0.9601954721320136,-0.7292835278213714,L,intrinsic neuron,gaba,position
20727,IN02A024,VNC,-0.07423124135680656,0.7568112248861818,-0.31509859067389717,R,intrinsic neuron,glutamate,position
20739,IN05B020,VNC,-0.15861833211616452,-0.3588622838230496,-0.07570116692822848,L,intrinsic neuron,gaba,position
20751,AN07B063,VNC,0.29892940938825613,-1.0916869959755737,0.45427381636807185,L,ascending neuron,acetylcholine,position
20781,IN13B024,VNC,0.0,0.9596609537424057,-0.7410429323927468,L,intrinsic neuron,gaba,position
20804,nan,VNC,0.02979940022064422,-1.7198797333623381,1.6703699675249002,L,intrinsic neuron,gaba,position
20837,IN13A027,VNC,-0.5444737946144165,-2.0270941777895177,0.6551191012632659,L,intrinsic neuron,gaba,position
20839,AN19B083,VNC,-0.17806143853815437,-0.803047065587271,1.022132790527837,R,ascending neuron,acetylcholine,position
20858,AN07B067,VNC,-0.3381496962257408,1.1465419457090915,-0.2827602281026151,R,ascending neuron,acetylcholine,position
20860,ADNM1 MN,VNC,-0.28456422766754197,1.923798498997778,-0.1858787699861709,R,motor neuron,glutamate,position
20874,AN07B070,VNC,-0.33059962397252823,1.1432680205727428,-0.2827602281026151,R,ascending neuron,acetylcholine,position
20898,DNut052,descending,0.1791304753173703,1.923798498997778,-0.26077815932998744,R,descending neuron,acetylcholine,position
20962,nan,VNC,0.4199978246344609,-1.6327532358562393,1.1810851966375064,R,intrinsic neuron,gaba,position
20968,IN20A.22A017,VNC,-0.9921997607097907,0.736432711282378,-0.14151374364870956,L,intrinsic neuron,glutamate,position
20993,IN03B063,VNC,0.4749864039653806,-0.2856332644467579,0.44538744814083936,R,intrinsic neuron,glutamate,position
21020,AN07B067,VNC,0.15454262939540375,1.1599049054492907,-0.502714545426294,L,ascending neuron,acetylcholine,position
21057,MNad16,VNC,0.3716239103749398,-1.4343132837142814,1.2581894743384558,R,motor neuron,unknown,position
21120,IN04B041,VNC,0.10403064157745079,-0.7259427878863216,-0.07102413101915876,R,intrinsic neuron,acetylcholine,position
21134,IN04B037,VNC,0.617903258386811,0.5331152788352471,-0.41892878785524496,R,intrinsic neuron,acetylcholine,position
21147,IN04B026,VNC,0.08171449881131812,-0.7966328449119754,-0.3374147334400298,R,intrinsic neuron,acetylcholine,position
21175,IN13B024,VNC,-0.35739235825162763,0.9626676196839504,-0.6438274002827975,R,intrinsic neuron,gaba,position
21176,IN13A026,VNC,-0.469106701679693,-2.248785679879423,0.6922013145423186,L,intrinsic neuron,gaba,position
21182,IN09A027,VNC,-0.3257221436673555,1.303222648662927,-0.351980359556847,L,intrinsic neuron,gaba,position
21186,Tr flexor MN,motor,-0.6869229454449399,-1.891259692030393,0.820819802041736,L,motor neuron,glutamate,position
21189,IN04B037,VNC,-0.7802632192302313,0.6223130351010768,-0.1491974454993241,L,intrinsic neuron,acetylcholine,position
21241,Sternal posterior rotator MN,motor,0.47084388644591885,0.3799089454138633,-0.7300184906070823,R,motor neuron,glutamate,position
21247,IN07B045,VNC,-0.5452755721988284,0.0007349627857109561,-0.1389079664993707,L,intrinsic neuron,acetylcholine,position
21255,Pleural remotor/abductor MN,motor,-0.8721335674441009,0.04162561959072051,-0.05218235778547788,L,motor neuron,glutamate,position
21262,Acc. ti flexor MN,motor,-0.6483039917957643,-0.012427552558385258,-0.31656851624531906,L,motor neuron,glutamate,position
21264,MNad39,VNC,0.10790589990210855,-0.36394020852432524,1.1009074381963113,R,motor neuron,unknown,position
21297,AN08B112,VNC,-0.4919573628354336,-1.1001724754106001,0.6803750951722424,R,ascending neuron,acetylcholine,position
21311,AN07B066,VNC,-0.4248753049396336,-1.1001724754106001,0.6537828052892459,R,ascending neuron,acetylcholine,position
21322,IN04B037,VNC,-0.7725127025809159,0.6132262224777414,-0.1491974454993241,L,intrinsic neuron,acetylcholine,position
21334,IN12B011,VNC,-0.15848470251876254,-0.3463011016672623,0.13002159827213822,L,intrinsic neuron,gaba,position
21335,AN08B112,VNC,-0.4882157341081778,-1.1001724754106001,0.6806423543670463,R,ascending neuron,acetylcholine,position
21351,IN01A056,VNC,0.40015382942026506,0.3034060009012229,-0.11077893624625137,R,intrinsic neuron,acetylcholine,position
21368,AN07B040,VNC,-0.5557654955948848,0.008151405441521513,-0.1389079664993707,R,ascending neuron,acetylcholine,position
21373,IN03A009,VNC,-0.6440278446789005,0.5699970477181969,-0.0,L,intrinsic neuron,acetylcholine,position
21397,IN19A039,VNC,-0.5554982364000808,-0.5339170564196591,0.6111549637180105,L,intrinsic neuron,gaba,position
21451,AN10B012,VNC,0.027394067467408363,-1.186964898923194,0.3984166446540392,L,ascending neuron,acetylcholine,position
21466,IN08B087,VNC,0.39534316391379337,-1.118412915455972,0.45601100113429777,R,intrinsic neuron,acetylcholine,position
21471,IN04B042,VNC,-0.25696971580403066,-0.6668116910359402,0.09474338455801234,L,intrinsic neuron,acetylcholine,position
21507,IN03A009,VNC,-0.6209099243283559,0.568393492549373,-0.0,L,intrinsic neuron,acetylcholine,position
21519,IN04B037,VNC,0.43048774803051726,0.3823142781670992,-0.7225352331525708,R,intrinsic neuron,acetylcholine,position
21551,IN16B020,VNC,-0.7270118246655376,-1.5269185947138617,0.6399521419581398,L,intrinsic neuron,glutamate,position
21560,AN07B052,VNC,0.3208446633621828,0.04950976583743804,-0.1355672265643209,L,ascending neuron,acetylcholine,position
21569,IN04B037,VNC,-0.2630498624858213,-0.6668116910359402,0.10670323352549062,L,intrinsic neuron,acetylcholine,position
21588,IN20A.22A010,VNC,-1.00422642447597,0.7364995260810789,-0.1492642602980251,L,intrinsic neuron,acetylcholine,position
21605,AN07B067,VNC,-0.34242584334260456,1.1472769084948025,-0.2827602281026151,R,ascending neuron,acetylcholine,position
21612,Tr flexor MN,motor,0.46883944248488896,1.6488556023431795,-0.4096415308358065,R,motor neuron,glutamate,position
21620,IN03B063,VNC,0.4834050686017061,-0.27988719175847226,0.44538744814083936,R,intrinsic neuron,glutamate,position
21628,AN07B040,VNC,0.32712525444007645,0.06253865158413226,-0.1355672265643209,L,ascending neuron,acetylcholine,position
21637,AN07B064,VNC,0.15754929533694859,1.1519539444038722,-0.502714545426294,L,ascending neuron,acetylcholine,position
21649,IN13A027,VNC,0.18935313951862268,-2.1204344515748095,0.36915176282300294,R,intrinsic neuron,gaba,position
21651,IN08A022,VNC,-0.7770561088925836,0.00033407399350498005,-0.06106872601271035,L,intrinsic neuron,glutamate,position
21665,Fe reductor MN,VNC,-0.7949624749444505,-1.4981214164737324,0.871064530664885,L,motor neuron,glutamate,position
21674,IN19A038,VNC,0.8160091365352642,1.251574809267057,-0.41625619590720514,R,intrinsic neuron,gaba,position
21682,AN06A048,VNC,0.4138508631539693,0.5829591186661902,-0.251090013518343,L,ascending neuron,gaba,position
21687,IN19A027,VNC,0.06414220675295616,-1.3106390913187378,1.4946470469412807,L,intrinsic neuron,gaba,position
21711,IN16B020,VNC,0.620174961542645,-0.012026663766179281,-0.4555432975433908,R,intrinsic neuron,glutamate,position
21718,Sternal adductor MN,motor,0.35044361918672406,1.540749258044968,-0.4769908479264105,R,motor neuron,glutamate,position
21719,IN06A061,VNC,-0.3213123669530898,-0.284163338875336,0.30534363006355175,L,intrinsic neuron,glutamate,position
21781,nan,VNC,-0.006948739064903585,-2.0516820237114843,1.7548906878816601,L,intrinsic neuron,gaba,position
21782,IN04B037,VNC,0.5924468200817316,0.5142735056015663,-0.41892878785524496,R,intrinsic neuron,acetylcholine,position
21808,IN04B041,VNC,-0.35037680438802304,0.6561881380424818,-0.6459654738412294,L,intrinsic neuron,acetylcholine,position
21821,IN06A066,VNC,-0.4984383983094302,0.6069456313998477,-0.08579020153207888,L,intrinsic neuron,gaba,position
21839,IN07B065,VNC,0.335209845082897,0.0635408735646472,-0.1355672265643209,R,intrinsic neuron,acetylcholine,position
21866,IN03A001,VNC,0.15307270382398186,-1.4436673555324206,1.002155165716239,R,intrinsic neuron,acetylcholine,position
21873,IN03B058,VNC,-0.43770374629022485,-0.22055565051198783,0.6282595521854655,L,intrinsic neuron,gaba,position
21874,IN13A021,VNC,0.4272138228941685,1.1738023835790978,-0.7922898829964107,R,intrinsic neuron,gaba,position
21885,IN01A056,VNC,-0.536589648367699,0.4247416753422316,0.08766101589570677,L,intrinsic neuron,acetylcholine,position
21897,IN06A075,VNC,0.20659135758347966,-0.334675326693289,0.133696412200693,R,intrinsic neuron,glutamate,position
21900,AN08B091,VNC,-0.48661217893935393,-1.1001724754106001,0.6767670960423886,R,ascending neuron,acetylcholine,position
21915,IN08B019,VNC,-0.3082834812063956,-0.48447410538092206,0.3420917693490996,R,intrinsic neuron,acetylcholine,position
21931,IN01A066,VNC,-0.26044408533648244,1.3513961185263452,-0.2729384526935687,L,intrinsic neuron,acetylcholine,position
21943,IN02A024,VNC,-0.10423108597355377,0.7568112248861818,-0.29057755955063164,L,intrinsic neuron,glutamate,position
21944,Fe reductor MN,motor,-0.5299081684975994,1.4444691331168327,-0.28723681961558184,L,motor neuron,glutamate,position
21958,IN16B010,VNC,0.42728063769286945,-1.5635331044020075,0.2742747486675886,R,intrinsic neuron,glutamate,position
21991,Ti flexor MN,motor,0.4099756048293115,-2.224131019158755,0.6620678403281695,R,motor neuron,glutamate,position
21992,AN16X041,VNC,-0.38565501810214897,1.439992541603866,-0.3560560622776077,L,ascending neuron,glutamate,position
22004,DNxn118,descending,0.07583479652563047,1.923798498997778,-0.33180229034914616,R,descending neuron,acetylcholine,position
22006,IN08A022,VNC,-0.7792609972497164,-0.000400888792205976,-0.06106872601271035,L,intrinsic neuron,glutamate,position
22061,AN06B067,VNC,-0.1357676709604239,-0.27200304551175475,0.12126885964230776,R,ascending neuron,gaba,position
22075,AN07B064,VNC,0.1624267756421213,1.1586354242739718,-0.502714545426294,L,ascending neuron,acetylcholine,position
22078,IN03B057,VNC,0.468638998088786,-0.2880385971999938,0.44538744814083936,R,intrinsic neuron,glutamate,position
22096,IN06B080,VNC,-0.1904889910965396,0.5438724614261075,-0.20852898674580853,L,intrinsic neuron,gaba,position
22148,IN13B023,VNC,0.0,0.9315319234892864,-0.7449850055161055,L,intrinsic neuron,gaba,position
22173,IN04B041,VNC,-0.2610454185247914,-0.6668116910359402,0.09995493885669003,L,intrinsic neuron,acetylcholine,position
22178,IN08A027,VNC,-0.7749180353341517,-0.00033407399350498005,-0.06106872601271035,L,intrinsic neuron,glutamate,position
22198,IN14A004,VNC,-0.04603539630498625,1.073179296735398,-0.6237829606724987,L,intrinsic neuron,glutamate,position
22210,nan,VNC,0.1103780474540454,1.923798498997778,-0.4798638842705533,R,ascending neuron,acetylcholine,position
22215,Sternal anterior rotator MN,motor,0.14946470469412806,1.6630871544664916,-0.42561026772534455,R,motor neuron,glutamate,position
22218,IN16B021,VNC,0.6294622185620834,-0.008552294233727489,-0.3734947247385677,R,intrinsic neuron,glutamate,position
22225,IN06B085,VNC,-0.18701462156408782,0.5403980918936557,-0.20852898674580853,L,intrinsic neuron,gaba,position
22272,IN06B080,VNC,0.03247199216868406,0.5558323103935858,-0.2412682381092966,R,intrinsic neuron,gaba,position
22273,nan,VNC,-0.2227605388691207,-1.4247587675000388,1.507141414298367,L,intrinsic neuron,glutamate,position
22313,IN08A020,VNC,0.6116894821076184,-1.4859611231101513,0.41191323399164037,R,intrinsic neuron,glutamate,position
22328,IN03B058,VNC,0.48447410538092206,-0.27367341547927965,0.44538744814083936,R,intrinsic neuron,gaba,position
22329,nan,VNC,-0.004142517519461752,-1.6842006308560065,1.656606118992495,L,intrinsic neuron,gaba,position
22330,AN07B067,VNC,0.15594574016812468,1.155027425144118,-0.502714545426294,L,ascending neuron,acetylcholine,position
22349,IN20A.22A003,VNC,0.29391829948568143,-0.8691937163012571,-0.13055611666174619,R,intrinsic neuron,acetylcholine,position
22354,IN12A051,VNC,0.19843995214195814,-0.31409636869338226,0.28890718958310674,R,intrinsic neuron,glutamate,position
22391,IN01A066,VNC,-0.2546311978494958,1.3513961185263452,-0.268060972388396,L,intrinsic neuron,acetylcholine,position
22396,IN04B042,VNC,-0.08405301676585297,-1.6687664123560764,0.886231489970011,L,intrinsic neuron,acetylcholine,position
22397,AN06A048,VNC,-0.48981928927700175,0.6093509641530835,-0.08579020153207888,R,ascending neuron,gaba,position
22417,AN06A066,VNC,0.41572167751759714,0.5815560078934693,-0.251090013518343,L,ascending neuron,gaba,position
22446,IN12B011,VNC,0.03327376975309601,-1.2140917071957984,0.7566107804900788,R,intrinsic neuron,gaba,position
22465,Tr flexor MN,motor,0.485877216153643,-2.058363503581584,0.6751635408735647,R,motor neuron,gaba,position
22469,IN03B073,VNC,-0.486010845751045,0.7376353776589959,0.35024317479062106,L,intrinsic neuron,gaba,position
22515,IN08A025,VNC,-0.49797069471852323,1.4339792097207764,-0.28723681961558184,L,intrinsic neuron,glutamate,position
22538,IN21A008,VNC,-0.33394036390757803,-2.1343987445033172,1.1683903848843171,L,intrinsic neuron,glutamate,position
22545,IN08A022,VNC,-0.7821340335938592,-0.007817331448016532,-0.06106872601271035,L,intrinsic neuron,glutamate,position
22546,IN16B015,VNC,0.28015445095327624,1.3645586338704414,-0.4553428531472878,R,intrinsic neuron,glutamate,position
22568,IN06A066,VNC,0.4145190111409792,0.5794179343350374,-0.251090013518343,R,intrinsic neuron,gaba,position
22574,MNad16,VNC,-0.19803906334975216,-1.4014404027533913,1.4121975853442517,L,motor neuron,glutamate,position
22576,IN06A066,VNC,0.18975402831082866,-0.334675326693289,0.12180337803191572,R,intrinsic neuron,glutamate,position
22580,AN07B070,VNC,0.14872974190841712,1.1433348353714436,-0.502714545426294,L,ascending neuron,acetylcholine,position
22597,AN07B064,VNC,-0.43416256195907205,-1.1001724754106001,0.6551859160619669,R,ascending neuron,acetylcholine,position
22626,IN19A045,VNC,-0.7043616079058999,1.072778407943192,0.3980825706605342,L,intrinsic neuron,gaba,position
22718,Tr flexor MN,motor,-0.8602405332753236,0.20151343288220397,0.12407508118774958,L,motor neuron,glutamate,position
22729,Acc. tr flexor MN,motor,0.3560560622776077,1.5827757664278945,-0.517413801140513,R,motor neuron,glutamate,position
22740,AN07B043,VNC,-0.3281942912192924,1.1411299470143108,-0.2827602281026151,R,ascending neuron,acetylcholine,position
22774,IN03A011,VNC,0.5153425423807823,0.5214226890625728,-0.18534425159656293,R,intrinsic neuron,acetylcholine,position
22778,IN13B013,VNC,-0.2750765262520006,-0.184275214817347,-0.4303541184331153,R,intrinsic neuron,gaba,position
22780,IN04B037,VNC,0.09962086486318504,-0.7259427878863216,-0.07423124135680656,R,intrinsic neuron,acetylcholine,position
22786,IN16B014,VNC,-0.7290162686265674,-1.5269185947138617,0.6469008810230433,L,intrinsic neuron,glutamate,position
22822,IN16B015,VNC,0.5932485976661436,-0.21681402178473205,-0.35204717435554794,R,intrinsic neuron,glutamate,position
22825,IN09A025,VNC,0.32558851406995354,-1.1760072719362307,0.3999533850241621,R,intrinsic neuron,gaba,position
22827,AN16X041,VNC,0.2579051229858446,1.354736858461395,-0.4553428531472878,R,ascending neuron,glutamate,position
22834,IN06A075,VNC,-0.3134950355050733,-0.284163338875336,0.30634585204406667,L,intrinsic neuron,glutamate,position
22858,IN16B015,VNC,0.5995960035427381,-1.4860279379088521,0.40569945771244775,R,intrinsic neuron,glutamate,position
22896,AN26X004,VNC,0.1422487064344205,1.923798498997778,-0.4366347095110089,R,ascending neuron,gaba,position
22899,IN20A.22A003,VNC,0.14578989076557328,-1.9189878334913064,0.8887704523206489,R,intrinsic neuron,acetylcholine,position
22919,IN16B015,VNC,-0.8991935609180043,0.30200289012850196,-0.20111254408999799,L,intrinsic neuron,glutamate,position
22939,IN14A004,VNC,-0.2601768261416785,-1.4103935857793246,0.40382864334881985,R,intrinsic neuron,glutamate,position
22960,IN06A062,VNC,0.401089236602079,0.5792174899389344,-0.251090013518343,R,intrinsic neuron,gaba,position
22967,IN11A035,VNC,-0.2756110446416085,-0.26812778718709696,0.4463228553226533,L,intrinsic neuron,glutamate,position
22985,IN16B015,VNC,0.6033376322699939,-1.4859611231101513,0.4050981245241388,R,intrinsic neuron,glutamate,position
22993,IN13B020,VNC,-0.35739235825162763,0.9774336901968705,-0.6550522864645648,R,intrinsic neuron,gaba,position
22994,IN06A078,VNC,-0.5035163230107059,0.6067451870037447,-0.08579020153207888,L,intrinsic neuron,gaba,position
23005,IN21A037,VNC,-0.7567444100874808,0.703092126730581,0.037750361266062744,L,intrinsic neuron,glutamate,position
23042,IN03A009,VNC,0.519017356309337,0.5131376540236493,-0.18534425159656293,R,intrinsic neuron,acetylcholine,position
23054,IN03A009,VNC,-0.6206426651335519,0.570331121711702,-0.0,L,intrinsic neuron,acetylcholine,position
23057,nan,VNC,0.18140217847320417,-1.8098792672125799,1.5692791770902932,R,intrinsic neuron,gaba,position
23100,AN07B067,VNC,0.16035551688239041,1.155294684338922,-0.502714545426294,L,ascending neuron,acetylcholine,position
23104,IN06A047,VNC,-0.5080597293223736,0.601199558711562,-0.08579020153207888,L,intrinsic neuron,gaba,position
23106,IN06A066,VNC,0.4138508631539693,0.5752754168155756,-0.251090013518343,R,intrinsic neuron,gaba,position
23117,Tr flexor MN,motor,-0.8410646860481378,-1.5716176950448282,0.7667666298926302,L,motor neuron,glutamate,position
23153,IN13A014,VNC,0.4278819708811784,1.1738023835790978,-0.8087263234768557,R,intrinsic neuron,gaba,position
23158,IN20A.22A017,VNC,0.7558090029056669,0.6207094799322529,-0.5152757275820812,R,intrinsic neuron,glutamate,position
23161,AN02A037,VNC,-0.06888605746072689,0.7568112248861818,-0.31209192473235237,R,ascending neuron,glutamate,position
23164,IN11B030,VNC,0.5651863822117252,-0.268395046381901,0.5455428313936324,R,intrinsic neuron,gaba,position
23166,AN07B067,VNC,-0.33848377021924575,1.1496154264493372,-0.2827602281026151,R,ascending neuron,acetylcholine,position
23190,DNg09,descending,0.13596811535652686,1.923798498997778,-0.3152990350700002,R,descending neuron,acetylcholine,position
23199,IN06A066,VNC,-0.48981928927700175,0.604139409854406,-0.08579020153207888,L,intrinsic neuron,gaba,position
23218,IN12B013,VNC,0.01743866246095996,-1.2140917071957984,0.7452522647109094,R,intrinsic neuron,gaba,position
23220,IN03B074,VNC,0.5081265441210746,0.6406202899451497,0.13256056062277607,R,intrinsic neuron,glutamate,position
23224,IN20A.22A017,VNC,0.7558758177043678,0.6320011809127213,-0.536790092763802,R,intrinsic neuron,glutamate,position
23235,IN13B019,VNC,-0.301134297745389,-1.6481874543561694,0.36260391255030533,R,intrinsic neuron,gaba,position
23240,IN13B024,VNC,-0.35739235825162763,0.9932019826903057,-0.6442282890750035,R,intrinsic neuron,gaba,position
23251,IN16B018,VNC,-0.4483941140823842,0.16449803440185218,-0.5479481641468683,L,intrinsic neuron,glutamate,position
23266,IN20A.22A012,VNC,-1.0630234473328464,0.7804636636263343,-0.18641328837577886,L,intrinsic neuron,acetylcholine,position
23299,Tr flexor MN,motor,-0.4947635843808754,1.7264943984337369,-0.1355672265643209,L,motor neuron,glutamate,position
23312,IN11A026,VNC,0.753537299749833,0.1525381854343739,0.485342697764035,R,intrinsic neuron,acetylcholine,position
23316,IN11A026,VNC,-0.27380704507668163,-0.2741411190701866,0.4463228553226533,L,intrinsic neuron,acetylcholine,position
23328,IN06A066,VNC,-0.4969016579393073,0.6090168901595786,-0.08579020153207888,L,intrinsic neuron,gaba,position
23340,IN02A036,VNC,-0.026124586292089438,-0.7079696070357537,0.40556582811504577,R,intrinsic neuron,glutamate,position
23363,IN08A022,VNC,0.6341392544711532,-0.06641390990879004,-0.3246531068881396,R,intrinsic neuron,glutamate,position
23364,Tr flexor MN,motor,-0.8665211243532173,0.17325077303168265,-0.023451994344049598,L,motor neuron,glutamate,position
23371,IN08A036,VNC,0.6098854825426916,-1.4860279379088521,0.435632487530494,R,intrinsic neuron,glutamate,position
23374,IN21A032,VNC,0.6988159796137172,0.6086160013673726,-0.23311683266777508,R,intrinsic neuron,glutamate,position
23393,IN16B021,VNC,-0.48059884705626427,1.424491508305235,-0.28723681961558184,L,intrinsic neuron,glutamate,position
23431,AN10B001,VNC,-0.24821697717420016,1.923798498997778,-0.35932998741395655,L,ascending neuron,acetylcholine,position
23433,IN17A079,VNC,-0.3255216992712526,0.3447643612971394,-0.07389716736330158,L,intrinsic neuron,acetylcholine,position
23450,IN16B018,VNC,0.7054974594838168,0.2195534285314729,-0.520353652283357,R,intrinsic neuron,glutamate,position
23455,IN16B011,VNC,0.267526453998788,1.356674487623724,-0.4553428531472878,R,intrinsic neuron,glutamate,position
23478,IN14A003,VNC,0.00968814581164442,-1.3950261820780956,0.3076153332193856,L,intrinsic neuron,glutamate,position
23482,IN06A075,VNC,-0.31590036825830914,-0.284163338875336,0.30835029600509656,L,intrinsic neuron,glutamate,position
23500,IN04B036,VNC,-0.07890827726587628,-1.6687664123560764,0.8827571204375593,L,intrinsic neuron,acetylcholine,position
23513,IN16B015,VNC,-0.7562767064965739,-1.4762061624998057,0.7265441210746306,L,intrinsic neuron,glutamate,position
23533,AN16X047,VNC,-0.451534409621331,1.439992541603866,-0.3314014015569402,L,ascending neuron,glutamate,position
23561,IN11A034,VNC,0.56886119614028,0.6005982255232531,0.0569262084932486,R,intrinsic neuron,acetylcholine,position
23573,DNg07,descending,-0.17485432820050656,1.923798498997778,-0.3039405192908308,L,descending neuron,acetylcholine,position
23580,DNg07,descending,0.10984352906443744,1.923798498997778,-0.3426262877387075,R,descending neuron,acetylcholine,position
23582,IN06B085,VNC,-0.1943642494211974,0.5422020914585826,-0.20852898674580853,L,intrinsic neuron,gaba,position
23630,IN13A022,VNC,0.4139844927513713,1.1738023835790978,-0.8297061702689684,R,intrinsic neuron,gaba,position
23641,IN04B042,VNC,0.03527821371412589,-1.7272293612194478,0.8741380114051308,R,intrinsic neuron,acetylcholine,position
23670,IN09A022,VNC,0.13690352253834082,1.223111705020433,-0.4721133676212378,R,intrinsic neuron,gaba,position
23671,IN01B009,VNC,0.44418478176422144,-0.9273225911711236,-0.43289308078375316,R,intrinsic neuron,gaba,position
23698,Acc. ti flexor MN,motor,-0.518148763926224,1.6264726447783457,-0.34723650884907625,L,motor neuron,glutamate,position
23716,IN04B037,VNC,-0.7756529981198627,0.6122908152959274,-0.1491974454993241,L,intrinsic neuron,acetylcholine,position
23721,IN16B015,VNC,-0.9008639308855292,0.267058750407881,-0.1857451403887689,L,intrinsic neuron,glutamate,position
23722,DNxn146,descending,0.2212237984989978,1.923798498997778,-0.2998648165700701,R,descending neuron,gaba,position
23742,IN16B015,VNC,0.602803113880386,-1.4859611231101513,0.4032273101605109,R,intrinsic neuron,glutamate,position
23777,IN03A009,VNC,-0.32064421896607986,-0.48447410538092206,0.44612241092655036,L,intrinsic neuron,acetylcholine,position
23811,DNxn117,descending,0.12320648880463664,1.923798498997778,-0.34436347250493343,R,descending neuron,acetylcholine,position
23839,IN07B054,VNC,0.317837997420638,0.0452336187205743,-0.1355672265643209,R,intrinsic neuron,acetylcholine,position
23849,DNg07,descending,-0.17051136628494182,1.923798498997778,-0.29999844616747207,L,descending neuron,acetylcholine,position
23878,IN06A047,VNC,0.4163898255046071,0.569729788523393,-0.251090013518343,R,intrinsic neuron,gaba,position
23924,IN16B015,VNC,-0.7543390773342449,-1.4762061624998057,0.7224016035551688,L,intrinsic neuron,glutamate,position
23948,IN09B035,VNC,0.17478751340180557,-1.1830228257998352,0.3477710272386842,R,intrinsic neuron,acetylcholine,position
23954,IN11A027,VNC,0.5597743835169445,-0.2821588949143061,0.7274795282564446,R,intrinsic neuron,glutamate,position
23969,IN03B063,VNC,-0.43937411625774975,-0.21193654147955934,0.6282595521854655,L,intrinsic neuron,glutamate,position
23973,IN04B042,VNC,0.10229345681122488,-0.7259427878863216,-0.06895287225942788,R,intrinsic neuron,acetylcholine,position
23974,Acc. tr flexor MN,motor,-0.5148080239911742,-1.9811255962832326,1.123156766163743,L,motor neuron,glutamate,position
23991,IN08A039,VNC,0.6108877045232065,-1.4859611231101513,0.41592212191370015,R,intrinsic neuron,glutamate,position
24050,Fe reductor MN,VNC,0.27400748947278464,1.4925757881815498,-0.6297294777568874,R,motor neuron,unknown,position
24058,IN21A037,VNC,-0.7567444100874808,0.701956275152664,0.03567910250633187,L,intrinsic neuron,glutamate,position
24076,IN16B015,VNC,-0.4885498081016828,1.4289012850195006,-0.28723681961558184,L,intrinsic neuron,glutamate,position
24094,IN08A025,VNC,0.30400733408953184,1.3608170051431856,-0.4553428531472878,R,intrinsic neuron,glutamate,position
24100,IN01B008,VNC,-0.8768774181518716,0.7117112357630094,-0.6048743726401169,L,intrinsic neuron,gaba,position
24121,IN08A025,VNC,-0.49930699069254314,1.419881287194866,-0.28723681961558184,L,intrinsic neuron,glutamate,position
24126,IN16B015,VNC,0.6305980701400004,-0.011091256584365338,-0.3734947247385677,R,intrinsic neuron,glutamate,position
24128,IN03A011,VNC,0.5297745389001973,0.5307099460820113,-0.18534425159656293,R,intrinsic neuron,acetylcholine,position
24141,IN07B054,VNC,0.3243858476933356,0.04897524744783007,-0.1355672265643209,R,intrinsic neuron,acetylcholine,position
24146,IN19A036,VNC,0.5394626847118418,-2.0357801016206474,0.9106857062945756,R,intrinsic neuron,gaba,position
24149,MNnm09,VNC,0.2750765262520006,1.3630218935003187,-0.4553428531472878,R,motor neuron,glutamate,position
24152,IN12B020,VNC,-0.32846155041409636,0.4300200444396103,-0.3096197771804155,L,intrinsic neuron,gaba,position
24154,AN07B077,VNC,-0.17933091971347329,1.923798498997778,-0.2928492627064655,L,ascending neuron,acetylcholine,position
24161,IN06A067,VNC,0.23806112777164878,-0.9607968053203226,0.7606196684121386,R,intrinsic neuron,gaba,position
24181,IN04B037,VNC,-0.7807309228211383,0.6248519974517147,-0.1491974454993241,L,intrinsic neuron,acetylcholine,position
24186,DNxn169,descending,0.13129107944745716,1.923798498997778,-0.3243858476933356,R,descending neuron,acetylcholine,position
24197,IN16B020,VNC,0.43382848796556706,-1.5635331044020075,0.2707335643364358,R,intrinsic neuron,glutamate,position
24202,IN03A009,VNC,0.5214895038612738,0.5144739499976693,-0.18534425159656293,R,intrinsic neuron,acetylcholine,position
24217,IN08A039,VNC,0.6105536305297015,-1.4860279379088521,0.43215811799804216,R,intrinsic neuron,glutamate,position
24218,IN19A042,VNC,-0.8047174355547959,1.0898161816119458,0.29244837391425954,L,intrinsic neuron,gaba,position
24257,MNhm43,VNC,0.15093463026554998,-0.17692558696023744,0.5035831378094069,R,motor neuron,glutamate,position
24281,IN11A034,VNC,0.5743400096337616,0.6140280000621533,0.0569262084932486,R,intrinsic neuron,acetylcholine,position
24303,IN13B009,VNC,-0.301134297745389,-1.623733238031605,0.3659446524853551,R,intrinsic neuron,gaba,position
24330,IN19A042,VNC,0.8478797955156393,0.9421554764827447,-0.14806159392140716,R,intrinsic neuron,gaba,position
24331,AN06A047,VNC,-0.5017791382444801,0.6119567413024224,-0.08579020153207888,R,ascending neuron,gaba,position
24339,nan,VNC,-0.2275712043755924,-2.056626318815358,0.9775673197942726,L,intrinsic neuron,glutamate,position
24355,IN06A066,VNC,-0.49616669515359635,0.5957207452180804,-0.08579020153207888,R,intrinsic neuron,gaba,position
24359,IN12B023,VNC,-0.07162546420746772,-1.1784794194881676,0.7902186242366798,L,intrinsic neuron,gaba,position
24382,IN08A029,VNC,-0.5044517301925199,1.4274313594480788,-0.28723681961558184,L,intrinsic neuron,glutamate,position
24404,IN08A037,VNC,-0.6930699069254316,-1.3605497459483817,0.837723946113088,L,intrinsic neuron,glutamate,position
24435,IN19A038,VNC,0.887968674736237,0.8290380222819584,0.00968814581164442,R,intrinsic neuron,gaba,position
24443,Acc. ti flexor MN,motor,0.5820237114843763,-0.02592414189598645,-0.535854685581988,R,motor neuron,glutamate,position
24447,IN16B015,VNC,0.28576689404415995,1.3620196715198036,-0.4553428531472878,R,intrinsic neuron,glutamate,position
24453,DNxn117,descending,0.11766086051245397,1.923798498997778,-0.34169088055689356,R,descending neuron,acetylcholine,position
24539,IN06A047,VNC,-0.2278384635703964,-0.8901735630933698,0.9009307456842301,L,intrinsic neuron,glutamate,position
24541,IN14A005,VNC,-0.04603539630498625,1.10551765930668,-0.6084155569712696,L,intrinsic neuron,glutamate,position
24555,AN07B064,VNC,0.3026042233168109,-1.0916869959755737,0.46583277654334415,L,ascending neuron,acetylcholine,position
24578,IN16B015,VNC,-0.8016439548145501,0.2863014124337679,-0.37583324269310253,L,intrinsic neuron,glutamate,position
24603,IN14A004,VNC,-0.24835060677160217,1.0949609211119227,-0.5766117127895956,R,intrinsic neuron,glutamate,position
24614,IN17A079,VNC,-0.3255216992712526,0.33500940068679397,-0.08305079478533804,L,intrinsic neuron,acetylcholine,position
24664,IN03B063,VNC,-0.4493295212641982,-0.22336187205742966,0.6282595521854655,L,intrinsic neuron,gaba,position
24669,Sternal anterior rotator MN,motor,0.7160541976785743,0.14973196388893206,-0.47785944030952343,R,motor neuron,glutamate,position
24698,AN26X004,VNC,-0.21875165094706092,1.923798498997778,-0.3568578398620197,L,ascending neuron,glutamate,position
24699,IN06A063,VNC,0.5152089127833802,-1.758832761005019,1.188301194897214,R,intrinsic neuron,gaba,position
24700,IN06A063,VNC,0.4537392979784639,-1.8966048759264726,1.136252466709138,R,intrinsic neuron,gaba,position
24712,AN10B015,VNC,-0.18013269729788522,0.9889926503721429,-0.46817129449787903,R,ascending neuron,acetylcholine,position
24747,Sternal posterior rotator MN,motor,-0.9181689637490872,0.5798188231272433,-0.05625806050623864,L,motor neuron,unknown,position
24749,IN13A014,VNC,0.4297527852448063,1.1738023835790978,-0.7986372888730052,R,intrinsic neuron,gaba,position
24764,IN11B027,VNC,0.5651863822117252,-0.26712556520658204,0.5411330546793667,R,intrinsic neuron,gaba,position
24765,IN01B009,VNC,-0.44578833693304537,-0.8741380114051308,-0.2075935795639946,L,intrinsic neuron,gaba,position
24828,Acc. ti flexor MN,motor,-0.6271905154062495,0.06935376105163385,-0.4195301210435539,L,motor neuron,glutamate,position
24883,IN20A.22A003,VNC,0.5839613406467051,-1.0238699752940628,-0.13456500458380596,R,intrinsic neuron,acetylcholine,position
24908,IN01B009,VNC,-0.3950759047189894,-1.7178084746026074,0.5679926037571671,L,intrinsic neuron,gaba,position
24925,IN20A.22A017,VNC,0.7558090029056669,0.6245847382569106,-0.5331820936339481,R,intrinsic neuron,glutamate,position
24973,IN08A022,VNC,0.63661140202309,-0.06754976148670697,-0.3246531068881396,R,intrinsic neuron,glutamate,position
24975,FNM2,VNC,-0.4584831486862346,1.439925726805165,-0.34897369361530217,L,motor neuron,glutamate,position
24996,IN09A026,VNC,-0.5144071351989683,-1.0860077380859892,0.6665444318411362,L,intrinsic neuron,gaba,position
25052,IN08A025,VNC,0.3022701493233059,1.3614851531301957,-0.4553428531472878,R,intrinsic neuron,glutamate,position
25064,IN01A069,VNC,-0.2590409745637615,1.3513961185263452,-0.2695308979598179,L,intrinsic neuron,acetylcholine,position
25146,AN19B089,VNC,0.2641857140637382,-0.8955187469894494,0.9151622978075423,L,ascending neuron,acetylcholine,position
25181,IN16B015,VNC,0.2824929689078111,1.3641577450782354,-0.4553428531472878,R,intrinsic neuron,glutamate,position
25192,IN11A035,VNC,0.19717047096663923,-0.27721459981043245,0.3203101449725749,R,intrinsic neuron,glutamate,position
25199,IN09A026,VNC,-0.5087278773093836,-1.089949811209348,0.6665444318411362,L,intrinsic neuron,gaba,position
25212,Acc. ti flexor MN,motor,-0.7115107913669065,-0.17652469816803146,-0.019509921220690833,L,motor neuron,glutamate,position
25219,IN03B063,VNC,0.49329365880945353,-0.26057771493388443,0.44538744814083936,R,intrinsic neuron,gaba,position
25239,DNxn169,descending,-0.1321596718305701,1.923798498997778,-0.29037711515452863,L,descending neuron,acetylcholine,position
25261,IN06A062,VNC,0.24367357086253244,-0.9607968053203226,0.7574125580744907,R,intrinsic neuron,gaba,position
25262,AN08B130,VNC,-0.3168357754401231,1.1634460897804435,-0.28877355998570475,R,ascending neuron,acetylcholine,position
25264,IN02A039,VNC,-0.09447612536320836,0.7568112248861818,-0.29552185465450537,L,intrinsic neuron,glutamate,position
25339,IN14A005,VNC,-0.24835060677160217,1.0822661093587334,-0.5722687508740308,R,intrinsic neuron,glutamate,position
25344,IN20A.22A003,VNC,0.7558090029056669,0.6313330329257113,-0.5267678729586526,R,intrinsic neuron,acetylcholine,position
25345,IN02A024,VNC,-0.10229345681122488,0.7568112248861818,-0.29231474431685756,L,intrinsic neuron,glutamate,position
25352,IN06A066,VNC,0.4061003465046537,0.585498081016828,-0.251090013518343,R,intrinsic neuron,gaba,position
25366,AN07B077,VNC,0.14144692885000854,1.923798498997778,-0.3211119225569868,R,ascending neuron,acetylcholine,position
25402,IN14A004,VNC,-0.04603539630498625,1.0856736640924842,-0.6223130351010768,L,intrinsic neuron,glutamate,position
25406,IN12B016,VNC,-0.06628028031138804,-1.1784794194881676,0.7878132914834439,L,intrinsic neuron,gaba,position
25422,AN07B063,VNC,0.12501048836956352,-0.43596656152399893,0.6243842938608077,L,ascending neuron,acetylcholine,position
25447,ltm MN,motor,-0.852356387028606,-0.1071709371163976,-0.21634631819382508,L,motor neuron,glutamate,position
25466,AN02A037,VNC,-0.10456515996705876,0.7568112248861818,-0.2963904470376183,L,ascending neuron,unknown,position
25475,Acc. tr flexor MN,motor,-0.4555432975433908,1.6189893873238344,-0.3946750159267834,L,motor neuron,glutamate,position
25477,AN06A047,VNC,-0.22623490840157248,1.923798498997778,-0.23812794257034978,L,ascending neuron,gaba,position
25517,IN11A027,VNC,-0.4668349985238591,-0.19663595257703126,0.8671892723402271,L,intrinsic neuron,glutamate,position
25532,IN11A027,VNC,-0.7065664962630328,0.20311698805102787,0.5957207452180804,L,intrinsic neuron,glutamate,position
25533,IN13B031,VNC,-0.2762123778299175,-0.184275214817347,-0.4222027129915938,R,intrinsic neuron,gaba,position
25571,IN08A031,VNC,0.3217132557452958,1.3605497459483817,-0.4553428531472878,R,intrinsic neuron,glutamate,position
25574,IN03B076,VNC,0.5146743943937723,0.653181472100937,0.13256056062277607,R,intrinsic neuron,gaba,position
25585,IN07B061,VNC,0.4868794381341579,-1.0410413785602188,1.15582920272853,R,intrinsic neuron,acetylcholine,position
25588,AN19B083,VNC,0.2695308979598179,-0.8879018599375359,0.9151622978075423,L,ascending neuron,acetylcholine,position
25593,IN01B007,VNC,0.5104650620756095,0.7575461876718927,-0.9885249467812359,R,intrinsic neuron,gaba,position
25671,IN02A039,VNC,-0.07997731404509222,0.7568112248861818,-0.3145640722842892,R,intrinsic neuron,glutamate,position
25683,DNa03,descending,-0.10937582547353046,1.923798498997778,-0.3139627390959802,L,descending neuron,acetylcholine,position
25684,IN14A004,VNC,-0.04603539630498625,1.0732461115340988,-0.6203085911400469,L,intrinsic neuron,glutamate,position
25690,IN02A024,VNC,-0.09982130925928803,0.7568112248861818,-0.2953882250571033,L,intrinsic neuron,glutamate,position
25692,AN06A066,VNC,-0.5095964696924965,0.5983265223674192,-0.08579020153207888,R,ascending neuron,gaba,position
25694,DNg07,descending,-0.17999906770048324,1.923798498997778,-0.300933853349286,L,descending neuron,acetylcholine,position
25750,IN02A024,VNC,-0.08084590642820517,0.7568112248861818,-0.31670214584272105,R,intrinsic neuron,glutamate,position
25767,Sternal posterior rotator MN,motor,0.8685255683142471,0.6440278446789005,0.15327314822008484,R,motor neuron,glutamate,position
25808,IN11B028,VNC,0.5651863822117252,-0.2709340087325388,0.5502866821014031,R,intrinsic neuron,gaba,position
25836,IN01B009,VNC,0.17973180850567927,-0.7610205572043445,-0.5387277219261308,R,intrinsic neuron,gaba,position
25844,IN06A062,VNC,0.4050981245241388,0.37369516913467066,-0.6255869602374257,R,intrinsic neuron,gaba,position
25848,IN07B080,VNC,0.417859751076029,-1.1435352797675467,1.2011964510465063,R,intrinsic neuron,acetylcholine,position
25862,IN19A030,VNC,0.5555650511987819,-0.4401090790434607,0.385187314511242,R,intrinsic neuron,gaba,position
25871,AN06A047,VNC,-0.4885498081016828,0.5992619295492332,-0.08579020153207888,R,ascending neuron,gaba,position
25885,Acc. ti flexor MN,motor,-0.7767220348990785,-1.7461379492518296,0.786009291918517,L,motor neuron,glutamate,position
25892,Sternal posterior rotator MN,motor,0.7490607082368662,0.7252746398993116,0.04403095234395637,R,motor neuron,glutamate,position
25897,IN11A027,VNC,0.6817113911462622,-0.024053327532358563,0.5686607517441771,R,intrinsic neuron,glutamate,position
25902,IN06A075,VNC,0.20719269077178862,-0.334675326693289,0.14011063287598863,R,intrinsic neuron,glutamate,position
25974,IN14A006,VNC,-0.24835060677160217,1.086475441676896,-0.5738723060428547,R,intrinsic neuron,glutamate,position
25995,IN06A066,VNC,-0.49583262116009136,0.5932485976661436,-0.08579020153207888,L,intrinsic neuron,gaba,position
26036,IN14A002,VNC,-0.24835060677160217,1.0742483335146138,-0.5736050468480507,R,intrinsic neuron,glutamate,position
26039,DNg07,descending,0.11926441568127788,1.923798498997778,-0.3467688052581693,R,descending neuron,acetylcholine,position
26083,IN04B042,VNC,-0.6871902046397439,-0.818815358080706,-0.21019935671333345,L,intrinsic neuron,acetylcholine,position
26114,AN06A047,VNC,0.4156548627188962,0.5732041580558448,-0.251090013518343,L,ascending neuron,gaba,position
26132,Sternotrochanter MN,motor,-0.5165452087574002,0.7429137467563746,0.6598629519710366,L,motor neuron,glutamate,position
26137,IN11A034,VNC,-0.42293767577730473,0.5999300775362432,0.1525381854343739,L,intrinsic neuron,acetylcholine,position
26177,AN16X047,VNC,0.25877371536895755,1.355939524838013,-0.4553428531472878,R,ascending neuron,glutamate,position
26230,IN14A002,VNC,-0.24835060677160217,1.0944264027223145,-0.5720014916792269,R,intrinsic neuron,glutamate,position
26231,IN06A075,VNC,-0.31536584986870114,-0.284163338875336,0.3025374085181099,L,intrinsic neuron,glutamate,position
26233,AN06A066,VNC,0.40670167969296267,0.5881038581661668,-0.251090013518343,L,ascending neuron,gaba,position
26238,IN04B036,VNC,0.029532141025840234,-1.7272293612194478,0.8788818621129015,R,intrinsic neuron,acetylcholine,position
26282,IN04B045,VNC,0.03193747377907609,-1.7272293612194478,0.8777460105349846,R,intrinsic neuron,acetylcholine,position
26285,DNg09,descending,0.14178100284351353,1.923798498997778,-0.3119582951349504,R,descending neuron,acetylcholine,position
26301,IN01B009,VNC,-0.754405892132946,-1.034627157884923,-0.06788383548021194,L,intrinsic neuron,gaba,position
26304,IN06A075,VNC,0.20211476607051293,-0.334675326693289,0.1321596718305701,R,intrinsic neuron,glutamate,position
26358,IN11A038,VNC,0.586767562192147,0.6104868157310005,0.0569262084932486,R,intrinsic neuron,acetylcholine,position
26365,IN08A038,VNC,0.31556629426480415,1.3651599670587504,-0.4553428531472878,R,intrinsic neuron,glutamate,position
26370,Acc. tr flexor MN,motor,0.7441164131329925,0.013496589337601193,-0.30360644529732583,R,motor neuron,glutamate,position
26377,DNxn117,descending,-0.16850692232391193,1.923798498997778,-0.3079494072128906,L,descending neuron,acetylcholine,position
26387,AN07B077,VNC,-0.29712540982332925,-0.9841151700669702,1.4315070621688395,R,ascending neuron,acetylcholine,position
26390,IN06A065,VNC,0.41258138197865035,0.5655872710039312,-0.251090013518343,R,intrinsic neuron,gaba,position
26419,IN12B020,VNC,-0.32846155041409636,0.42794878567987943,-0.3096197771804155,L,intrinsic neuron,gaba,position
26462,DNa03,descending,0.09741597650605217,1.923798498997778,-0.3410895473685846,R,descending neuron,acetylcholine,position
26488,IN08A030,VNC,-0.7018226455552621,-1.3605497459483817,0.8337818729897292,L,intrinsic neuron,glutamate,position
26523,IN13A027,VNC,-0.4967680283419053,-2.1200335627826035,0.7415774507823547,L,intrinsic neuron,gaba,position
26556,IN04B036,VNC,-0.08244946159702907,-1.6687664123560764,0.8931802290349147,L,intrinsic neuron,acetylcholine,position
26566,Sternal anterior rotator MN,motor,-0.48661217893935393,1.439925726805165,-0.3107556287583324,L,motor neuron,glutamate,position
26588,Acc. tr flexor MN,motor,-0.41084419721242443,1.5492347374799944,-0.38211383377099617,L,motor neuron,unknown,position
26590,nan,VNC,0.2496200879469211,-1.1849604549621642,1.3611510791366908,R,intrinsic neuron,gaba,position
26594,nan,VNC,-0.37623413148530854,-1.5344018521683733,1.5432214055969047,L,intrinsic neuron,acetylcholine,position
26626,DNxn117,descending,0.11478782416831114,1.923798498997778,-0.34857280482309616,R,descending neuron,acetylcholine,position
26701,IN19A036,VNC,-0.467970850101776,-1.6972295166027005,1.2849153938188542,L,intrinsic neuron,gaba,position
26708,nan,VNC,-0.14572307596687228,-1.1927777864101807,1.538477554889134,L,intrinsic neuron,gaba,position
26712,IN16B015,VNC,-0.48427366098481905,1.4258946190779558,-0.28723681961558184,L,intrinsic neuron,glutamate,position
26717,IN16B011,VNC,0.27166897151824976,1.3586789315847538,-0.4553428531472878,R,intrinsic neuron,glutamate,position
26733,IN16B015,VNC,-0.486010845751045,1.4266963966623678,-0.28723681961558184,L,intrinsic neuron,glutamate,position
26734,nan,VNC,-0.09280575539568345,-1.3932889973118698,1.5554485137591871,L,intrinsic neuron,gaba,position
26743,IN06A047,VNC,-0.22850661155740634,-0.8901735630933698,0.8943828954115326,L,intrinsic neuron,glutamate,position
26757,IN04B036,VNC,0.017639106857062947,-1.7272293612194478,0.870596827073978,R,intrinsic neuron,acetylcholine,position
26777,Acc. ti flexor MN,VNC,0.4719129232251348,1.5630654008111007,-0.5680594185558681,R,motor neuron,unknown,position
26784,IN08A040,VNC,0.618638221172522,-1.4859611231101513,0.4164566403033081,R,intrinsic neuron,glutamate,position
26792,IN06A037,VNC,-0.32525444007644855,-0.284163338875336,0.32478673648554157,L,intrinsic neuron,glutamate,position
26794,IN06A077,VNC,-0.3211787373556878,-0.284163338875336,0.3119582951349504,L,intrinsic neuron,gaba,position
26796,IN20A.22A017,VNC,-1.0610190033718165,0.7785260344640055,-0.14839566791491213,L,intrinsic neuron,glutamate,position
26809,ltm MN,motor,0.636076883633482,0.004142517519461752,-0.5152757275820812,R,motor neuron,glutamate,position
26812,IN01B008,VNC,0.30300511210901687,0.717925012042202,-0.9301288127165654,R,intrinsic neuron,gaba,position
26819,AN07B066,VNC,-0.42921826685519837,-1.1001724754106001,0.6581257672048106,R,ascending neuron,acetylcholine,position
26833,IN06A067,VNC,-0.23331727706387806,-0.8901735630933698,0.8921780070543996,L,intrinsic neuron,gaba,position
26883,Tr flexor MN,motor,0.43837189427723483,-2.1685411066395264,0.6611324331463555,R,motor neuron,glutamate,position
26903,IN06A073,VNC,0.42768152648507546,-1.4074537346364808,1.136052022313035,R,intrinsic neuron,gaba,position
26916,IN06A044,VNC,0.24120142331059558,-0.9607968053203226,0.7575461876718927,R,intrinsic neuron,gaba,position
26944,IN02A047,VNC,-0.026124586292089438,-0.7079696070357537,0.4076370868747766,R,intrinsic neuron,glutamate,position
27002,IN08A030,VNC,0.6080814829777647,-1.4860279379088521,0.44585515173174634,R,intrinsic neuron,glutamate,position
27021,IN01B007,VNC,0.3899979800177137,1.2013968954426093,-0.8456749071585065,R,intrinsic neuron,gaba,position
27023,AN07B066,VNC,0.3048759264726448,-1.0916869959755737,0.468104479699178,L,ascending neuron,acetylcholine,position
27029,IN04B041,VNC,-0.08358531317494601,-1.6687664123560764,0.8913762294699877,L,intrinsic neuron,acetylcholine,position
27055,IN01A083,VNC,0.11532234255791911,1.3360287148251162,-0.3751650947060926,R,intrinsic neuron,acetylcholine,position
27092,IN06A062,VNC,-0.22690305638858244,-0.8901735630933698,0.8934474882297186,L,intrinsic neuron,gaba,position
27105,MNad16,VNC,0.4377705610889258,-1.7210823997389562,1.1969203039296425,R,motor neuron,glutamate,position
27119,DNxn114,descending,0.13550041176561992,1.923798498997778,-0.33380673431017605,R,descending neuron,acetylcholine,position
27145,IN04B041,VNC,0.012694811753189242,-1.7272293612194478,0.8733362338207188,R,intrinsic neuron,acetylcholine,position
27150,IN02A040,VNC,-0.024654660720667528,-0.7079696070357537,0.4065680500955607,R,intrinsic neuron,glutamate,position
27191,IN06A087,VNC,0.23725935018723682,-0.9607968053203226,0.7586820392498097,R,intrinsic neuron,gaba,position
27195,IN02A025,VNC,0.02812903025311932,-2.0965815684385536,0.870463197476576,R,intrinsic neuron,glutamate,position
27199,AN06A047,VNC,-0.501578693848377,0.6001973367310471,-0.08579020153207888,R,ascending neuron,gaba,position
27239,IN19A030,VNC,-0.3734947247385677,-0.29866215019345216,0.15293907422657987,L,intrinsic neuron,gaba,position
27258,Sternal posterior rotator MN,motor,-0.3979489410631322,-1.7984539366347094,1.3819972963314013,L,motor neuron,glutamate,position
27275,IN16B022,VNC,0.4302873036344143,-1.5635331044020075,0.26966452755721987,R,intrinsic neuron,glutamate,position
27300,IN01B009,VNC,-0.5651863822117252,-1.1585686094752707,-0.09607968053203225,L,intrinsic neuron,gaba,position
27321,IN12B021,VNC,0.022984290753142626,-1.2140917071957984,0.752601892568019,R,intrinsic neuron,gaba,position
27362,IN12A056,VNC,-0.26198082570660536,-0.3320695495439502,0.3869913140761689,L,intrinsic neuron,acetylcholine,position
27374,nan,VNC,-0.4121136783877434,-1.8810370278291406,1.3980328480196405,L,intrinsic neuron,acetylcholine,position
27411,AN07B064,VNC,-0.34102273256988364,1.1494817968519353,-0.2827602281026151,R,ascending neuron,acetylcholine,position
27416,IN14A005,VNC,-0.04603539630498625,1.103980918936557,-0.6074801497894557,L,intrinsic neuron,glutamate,position
27427,IN01B009,VNC,0.4267461193032615,0.870797271470081,-1.0012865733331262,R,intrinsic neuron,gaba,position
27429,IN03B063,VNC,-0.43596656152399893,-0.20345106204453284,0.6282595521854655,L,intrinsic neuron,gaba,position
27440,IN09A026,VNC,0.14665848314868624,1.223111705020433,-0.45941855586804853,R,intrinsic neuron,gaba,position
27441,IN14A006,VNC,-0.04603539630498625,1.1070543996768027,-0.6055425206271268,L,intrinsic neuron,glutamate,position
27472,IN04B036,VNC,0.01590192209083705,-1.7272293612194478,0.869460975496061,R,intrinsic neuron,acetylcholine,position
27485,IN07B080,VNC,0.4173252326864211,-1.0632238917289494,1.1059853628975869,R,intrinsic neuron,acetylcholine,position
27532,IN16B015,VNC,0.28175800612210017,1.3673648554158833,-0.4553428531472878,R,intrinsic neuron,glutamate,position
27552,IN01B009,VNC,-0.7950961045418525,0.870864086268782,-0.6561881380424818,L,intrinsic neuron,gaba,position
27560,IN06A075,VNC,-0.317503923427133,-0.284163338875336,0.30754851842068465,L,intrinsic neuron,glutamate,position
27575,IN11B032,VNC,0.5651863822117252,-0.26712556520658204,0.5388613515235328,R,intrinsic neuron,gaba,position
27579,AN07B067,VNC,-0.3390851034075547,1.1428003169818357,-0.2827602281026151,R,ascending neuron,acetylcholine,position
27610,IN16B022,VNC,0.42915145205649735,-1.5635331044020075,0.27233711950525974,R,intrinsic neuron,glutamate,position
27635,IN06A056,VNC,0.4027596065696039,0.5736718616467518,-0.251090013518343,R,intrinsic neuron,gaba,position
27665,IN11A035,VNC,0.19717047096663923,-0.2824929689078111,0.32231458893360476,R,intrinsic neuron,glutamate,position
27703,IN07B086,VNC,-0.2878381528038908,-0.9573892505865718,1.422687508740308,L,intrinsic neuron,acetylcholine,position
27711,IN16B018,VNC,-0.44425159656292246,0.20953120872632347,-0.5017791382444801,L,intrinsic neuron,glutamate,position
27752,IN14A002,VNC,-0.04603539630498625,1.104782696520969,-0.6006650403219541,L,intrinsic neuron,glutamate,position
27779,IN16B022,VNC,0.4302204888357133,-1.5635331044020075,0.2766132666221235,R,intrinsic neuron,glutamate,position
27803,IN04B045,VNC,-0.08104635082430815,-1.6687664123560764,0.8790823065090044,L,intrinsic neuron,acetylcholine,position
27809,IN01A081,VNC,-0.25830601177805057,1.3513961185263452,-0.28015445095327624,L,intrinsic neuron,acetylcholine,position
27810,IN21A044,VNC,0.6988159796137172,0.6054088910297248,-0.23993194213527666,R,intrinsic neuron,glutamate,position
27882,IN04B036,VNC,-0.07930916605808226,-1.6687664123560764,0.8754743073791507,L,intrinsic neuron,acetylcholine,position
27891,IN11A035,VNC,-0.267259194803984,-0.2726043787000637,0.4463228553226533,L,intrinsic neuron,glutamate,position
27897,IN06A047,VNC,0.23284957347297108,-0.9607968053203226,0.7610873720030455,R,intrinsic neuron,glutamate,position
27982,IN04B045,VNC,0.011425330577870317,-1.7272293612194478,0.8717994934505959,R,intrinsic neuron,acetylcholine,position
28010,IN12B020,VNC,0.01556784809733207,-0.3799757602125643,0.04870798825302609,R,intrinsic neuron,gaba,position
28051,IN14A005,VNC,0.19175847227185855,1.3254719766303589,-0.7105753841850926,R,intrinsic neuron,glutamate,position
28122,IN06A062,VNC,-0.08251627639573007,-0.39013160961511567,0.8549621641779449,L,intrinsic neuron,gaba,position
28173,IN08A040,VNC,0.6100859269387946,-1.4860279379088521,0.4379710054850288,R,intrinsic neuron,glutamate,position
28219,Sternal posterior rotator MN,motor,0.2324486846807651,-2.091570458535979,0.9179685193529842,R,motor neuron,glutamate,position
28224,DNg07,descending,0.11131345463585934,1.923798498997778,-0.3394191774010597,R,descending neuron,acetylcholine,position
28228,IN11A038,VNC,-0.4083720496604876,0.6086160013673726,0.1525381854343739,L,intrinsic neuron,acetylcholine,position
28238,IN02A032,VNC,-0.09080131143465357,-0.021514365181720715,-0.13055611666174619,L,intrinsic neuron,glutamate,position
28252,IN20A.22A017,VNC,0.7558758177043678,0.6389499199776248,-0.5223580962443868,R,intrinsic neuron,glutamate,position
28284,IN02A039,VNC,-0.10129123483070995,0.7568112248861818,-0.2951877806610004,L,intrinsic neuron,glutamate,position
28339,IN16B021,VNC,0.2901766707584257,1.3614851531301957,-0.4553428531472878,R,intrinsic neuron,glutamate,position
28368,IN04B041,VNC,0.013763848532405178,-1.7272293612194478,0.8709309010674829,R,intrinsic neuron,acetylcholine,position
28381,IN11B027,VNC,-0.4723138120173408,-0.16844010752521094,0.7756529981198627,L,intrinsic neuron,gaba,position
28396,DNxn112,descending,-0.16429759000574917,1.923798498997778,-0.23786068337554578,L,descending neuron,acetylcholine,position
28398,IN01A074,VNC,0.11278338020728126,1.3360287148251162,-0.34924095281010614,R,intrinsic neuron,acetylcholine,position
28449,IN19A038,VNC,0.88683282315832,0.9954068710474385,-0.22329505725872867,R,intrinsic neuron,gaba,position
28526,IN01A025,VNC,-0.25523253103780474,1.3513961185263452,-0.27347297108317664,L,intrinsic neuron,acetylcholine,position
28551,IN06A060,VNC,0.2041192100315428,-0.334675326693289,0.12995478347343722,R,intrinsic neuron,glutamate,position
28572,DNg07,descending,-0.1776605497459484,1.923798498997778,-0.31155740634274437,L,descending neuron,acetylcholine,position
28585,IN06A088,VNC,0.23331727706387806,-0.9607968053203226,0.7520005593797101,R,intrinsic neuron,glutamate,position
28605,IN08B128,VNC,-0.4767904035303075,-1.1001724754106001,0.6707537641592989,L,intrinsic neuron,acetylcholine,position
28620,IN02A036,VNC,-0.033607843746600995,-0.7079696070357537,0.40556582811504577,R,intrinsic neuron,glutamate,position
28627,IN06A062,VNC,0.24173594170020354,-0.9607968053203226,0.7513324113927001,R,intrinsic neuron,glutamate,position
28684,IN06A075,VNC,0.20137980328480196,-0.334675326693289,0.1289525614929223,R,intrinsic neuron,gaba,position
28701,IN11B032,VNC,-0.47104433084202185,-0.16583433037587209,0.7756529981198627,L,intrinsic neuron,gaba,position
28716,IN01A076,VNC,-0.2577714933884426,1.3513961185263452,-0.28556644964805694,L,intrinsic neuron,acetylcholine,position
28743,IN07B080,VNC,0.5156766163742872,-1.0669655204562052,1.1333126155662943,R,intrinsic neuron,acetylcholine,position
28786,IN08B128,VNC,0.3624034681542023,-1.118412915455972,0.4419130786083876,R,intrinsic neuron,acetylcholine,position
28833,IN07B074,VNC,0.3263234768556645,0.04783939586991314,-0.1355672265643209,R,intrinsic neuron,acetylcholine,position
28884,Fe reductor MN,VNC,0.31857296020634895,1.3687679661886043,-0.4553428531472878,R,motor neuron,acetylcholine,position
28889,IN02A040,VNC,-0.04583495190888326,-0.7080364218344547,0.40803797566698263,L,intrinsic neuron,glutamate,position
28915,IN11A035,VNC,0.19717047096663923,-0.2798203769597713,0.3213123669530898,R,intrinsic neuron,glutamate,position
28943,IN04B045,VNC,-0.0786410180710723,-1.6687664123560764,0.8795500100999114,L,intrinsic neuron,acetylcholine,position
28977,IN14A005,VNC,-0.04603539630498625,1.102978696956042,-0.6090837049582796,L,intrinsic neuron,glutamate,position
28997,Tr flexor MN,motor,0.48567677175754,-2.010256848516867,0.37422968752427865,R,motor neuron,glutamate,position
29000,IN02A040,VNC,-0.0267927342790994,-0.7079696070357537,0.4035613841540159,R,intrinsic neuron,glutamate,position
29014,IN14A006,VNC,-0.04603539630498625,1.1001056606118993,-0.6003309663284492,L,intrinsic neuron,glutamate,position
29035,AN07B064,VNC,-0.3295305871933123,1.1393927622480848,-0.2827602281026151,R,ascending neuron,acetylcholine,position
29131,IN06B085,VNC,-0.2276380191742934,0.5169460975496061,-0.20846217194710753,L,intrinsic neuron,gaba,position
29187,Fe reductor MN,motor,-0.8443386111844865,0.1406451512655966,0.07730472209705239,L,motor neuron,glutamate,position
29310,IN01A076,VNC,-0.2557002346287117,1.3513961185263452,-0.28443059807014,L,intrinsic neuron,acetylcholine,position
29350,IN11B026,VNC,0.5651863822117252,-0.26692512081047903,0.5440060910235095,R,intrinsic neuron,gaba,position
29397,IN11B026,VNC,-0.46603322093944716,-0.16309492362913125,0.7756529981198627,L,intrinsic neuron,gaba,position
29400,IN11B026,VNC,-0.4715788492316298,-0.1693086999083239,0.7756529981198627,L,intrinsic neuron,gaba,position
29415,IN11B029,VNC,-0.467970850101776,-0.17164721786285875,0.7756529981198627,L,intrinsic neuron,gaba,position
29431,IN11B026,VNC,0.5651863822117252,-0.2659897136286651,0.5422689062572836,R,intrinsic neuron,gaba,position
29446,IN08A041,VNC,0.32057740416737884,1.3660285594418633,-0.4553428531472878,R,intrinsic neuron,glutamate,position
29478,IN11B026,VNC,0.5651863822117252,-0.2657224544338611,0.5393958699131408,R,intrinsic neuron,gaba,position
29483,Sternal adductor MN,motor,-0.7709759622107929,-1.4344469133116833,0.7582143356589027,L,motor neuron,glutamate,position
29484,Fe reductor MN,VNC,0.32258184812840873,1.3674984850132852,-0.4553428531472878,R,motor neuron,glutamate,position
29516,IN07B085,VNC,0.301267927342791,-1.0916869959755737,0.4599530742576565,R,intrinsic neuron,acetylcholine,position
29689,Sternal posterior rotator MN,motor,-0.9309305903009774,0.619640443153037,0.006748294668800597,L,motor neuron,glutamate,position
29743,IN08A040,VNC,-0.6949407212890595,-1.3605497459483817,0.8404633528598288,L,intrinsic neuron,glutamate,position
29789,IN19B088,VNC,0.2659228988299641,-0.904672374411486,0.9151622978075423,R,intrinsic neuron,acetylcholine,position
29817,IN06A075,VNC,0.20465372842115076,-0.334675326693289,0.1369703373370418,R,intrinsic neuron,glutamate,position
29861,nan,VNC,-0.23806112777164878,-2.1358018552760383,0.9998834625604053,L,intrinsic neuron,glutamate,position
29891,IN13B031,VNC,-0.15661388815513463,-1.770592165576394,0.2908448187454356,R,intrinsic neuron,gaba,position
29902,DNg07,descending,-0.1677051447395,1.923798498997778,-0.3049427412713458,L,descending neuron,acetylcholine,position
29950,ltm MN,motor,0.4386391534720388,-2.078742017185388,0.47538729275758657,R,motor neuron,glutamate,position
30043,DNit008,descending,-0.10924219587612848,1.923798498997778,-0.3614680609723884,L,descending neuron,gaba,position
30120,IN06A077,VNC,0.217548984570443,-0.334675326693289,0.15688114734993863,R,intrinsic neuron,gaba,position
30260,IN15A001,VNC,0.6243842938608077,0.20198113647311092,-0.5940503752505555,R,intrinsic neuron,acetylcholine,position
30306,Tr extensor MN,motor,-0.22155787249250275,-0.03968799042839163,1.0058299796447938,L,motor neuron,glutamate,position
30461,IN01B007,VNC,0.2493528287521171,0.5911105241077117,-0.8573674969311808,R,intrinsic neuron,gaba,position
30466,IN06A090,VNC,0.23051105551843623,-0.9607968053203226,0.7487266342433613,R,intrinsic neuron,gaba,position
30470,IN08A039,VNC,0.6090837049582796,-1.4860279379088521,0.4335612287707631,R,intrinsic neuron,glutamate,position
30487,IN02A032,VNC,0.11665863853193903,0.1957005453952173,-0.17184766225896173,R,intrinsic neuron,glutamate,position
30530,IN04B041,VNC,-0.08472116475286294,-1.6687664123560764,0.8888372671193498,L,intrinsic neuron,acetylcholine,position
30545,IN08A037,VNC,0.5963888932050904,-1.4860279379088521,0.41592212191370015,R,intrinsic neuron,glutamate,position
30625,IN11B032,VNC,-0.4697748496667029,-0.1693086999083239,0.7756529981198627,L,intrinsic neuron,gaba,position
30748,IN11B026,VNC,0.5651863822117252,-0.26659104681697404,0.5370573519586059,R,intrinsic neuron,gaba,position
30809,DNg07,descending,0.11191478782416832,1.923798498997778,-0.351379026368538,R,descending neuron,acetylcholine,position
30951,nan,VNC,0.44926270646549715,-1.6590114517457308,1.1802166042543936,R,intrinsic neuron,acetylcholine,position
31215,IN06A090,VNC,0.23291638827167208,-0.9607968053203226,0.7471898938732383,R,intrinsic neuron,gaba,position
31377,DNxl065,descending,-0.14846248271361312,1.923798498997778,-0.3446307316997374,L,descending neuron,gaba,position
31398,IN07B062,VNC,-0.25336171667417684,-0.9754292462358407,1.4152042512857965,L,intrinsic neuron,acetylcholine,position
31445,IN08A040,VNC,0.6062106686141367,-1.4860279379088521,0.44117811582267663,R,intrinsic neuron,glutamate,position
31630,IN16B021,VNC,0.2875040788103858,1.3592802647730629,-0.4553428531472878,R,intrinsic neuron,glutamate,position
31679,IN06A047,VNC,-0.23024379632363223,-0.8901735630933698,0.8958528209829545,L,intrinsic neuron,glutamate,position
32044,IN08B128,VNC,0.3603990241931725,-1.118412915455972,0.4429821153876035,R,intrinsic neuron,acetylcholine,position
32073,IN02A049,VNC,-0.028195845051820316,-0.7079696070357537,0.4100424196280125,R,intrinsic neuron,glutamate,position
32231,IN06A090,VNC,0.23465357303789797,-0.9607968053203226,0.7474571530680424,R,intrinsic neuron,gaba,position
32336,IN06A081,VNC,0.2275712043755924,-0.9607968053203226,0.7514660409901021,R,intrinsic neuron,gaba,position
32539,IN09A035,VNC,-0.3195083673881629,1.303222648662927,-0.36935220721910594,L,intrinsic neuron,gaba,position
32829,IN02A042,VNC,0.11779449010985596,0.19382973103158943,-0.17184766225896173,R,intrinsic neuron,glutamate,position
33009,MNad16,VNC,0.19536647140171232,-0.9324673306711003,1.2806392467019905,R,motor neuron,unknown,position
33168,IN02A032,VNC,0.11999937846698883,0.18648010317447986,-0.17184766225896173,R,intrinsic neuron,glutamate,position
33414,IN08A022,VNC,-0.49623350995229737,1.4297030626039127,-0.28723681961558184,L,intrinsic neuron,glutamate,position
33512,IN11A035,VNC,-0.4232717497708097,0.0769038333048464,0.9150286682101403,L,intrinsic neuron,glutamate,position
33610,AN06A048,VNC,0.41111145640722846,0.584829933029818,-0.251090013518343,L,ascending neuron,gaba,position
34021,IN02A047,VNC,-0.02906443743493326,-0.7079696070357537,0.4081716052643846,R,intrinsic neuron,glutamate,position
34115,Tr flexor MN,motor,0.8049178799508989,0.18347343723293505,-0.1407119660642976,R,motor neuron,glutamate,position
34313,IN08B107,VNC,-0.5121354320431344,-1.1001724754106001,0.6946734620942555,L,intrinsic neuron,acetylcholine,position
34557,IN02A047,VNC,-0.02659228988299641,-0.7079696070357537,0.4096415308358065,R,intrinsic neuron,glutamate,position
34905,IN14A004,VNC,-0.04603539630498625,1.0950277359106235,-0.619306369159532,L,intrinsic neuron,glutamate,position
35109,AN19B086,VNC,0.267927342790994,-0.8917103034634927,0.9151622978075423,L,ascending neuron,acetylcholine,position
35897,DNg07,descending,0.11692589772674301,1.923798498997778,-0.3448311760958404,R,descending neuron,acetylcholine,position
35927,IN06A081,VNC,-0.23031061112233323,-0.8901735630933698,0.9124897058595025,L,intrinsic neuron,gaba,position
36180,IN12B020,VNC,0.04242739717513246,0.2799540065571733,-0.5682598629519711,R,intrinsic neuron,gaba,position
36930,DNg07,descending,-0.21460913342759919,1.923798498997778,-0.3221809593362027,L,descending neuron,acetylcholine,position
37065,IN08A035,VNC,0.3107556287583324,1.3641577450782354,-0.4553428531472878,R,intrinsic neuron,glutamate,position
37220,Ti flexor MN,motor,0.43456345075127806,-1.5499697002657054,0.653715990490545,R,motor neuron,glutamate,position
37234,IN20A.22A017,VNC,0.837122612924779,0.5249638733937256,-0.5059884705626427,R,intrinsic neuron,glutamate,position
37267,IN06A078,VNC,0.40924064204360056,0.5597075687182436,-0.251090013518343,R,intrinsic neuron,gaba,position
37443,IN09A035,VNC,0.13109063505135415,1.223111705020433,-0.4767904035303075,R,intrinsic neuron,gaba,position
37455,IN07B080,VNC,0.4719129232251348,-1.2491026617151204,1.1689917180726261,R,intrinsic neuron,acetylcholine,position
37651,DNit006,descending,0.11859626769426791,1.923798498997778,-0.3568578398620197,R,descending neuron,gaba,position
37680,IN06A081,VNC,0.2275712043755924,-0.9607968053203226,0.7555417437108628,R,intrinsic neuron,gaba,position
38223,IN19A032,VNC,0.4372360426993179,-0.602869928679087,0.31255962832325934,R,intrinsic neuron,gaba,position
38332,IN06A047,VNC,0.03200428857777709,-1.6176530913498144,0.9636698416644655,R,intrinsic neuron,glutamate,position
38690,IN12B023,VNC,-0.14418633559674937,-0.3463011016672623,0.1356340413630219,L,intrinsic neuron,gaba,position
39459,IN09A035,VNC,-0.6402194011529437,0.10810634429821155,-0.10770545550600556,L,intrinsic neuron,gaba,position
39721,IN09A035,VNC,-0.6402194011529437,0.11017760305794241,-0.10636915953198564,L,intrinsic neuron,gaba,position
39733,IN13B031,VNC,0.0,0.9181021489503861,-0.753203225756328,L,intrinsic neuron,gaba,position
39795,IN13B032,VNC,-0.234453128641795,0.9827120592942493,-0.6684152462047641,L,intrinsic neuron,gaba,position
40443,Tr flexor MN,motor,0.41585530711499913,-1.7176748450052053,0.9014652640738381,R,motor neuron,glutamate,position
41239,DNg07,descending,0.10650278912938764,1.923798498997778,-0.33888465901145176,R,descending neuron,acetylcholine,position
41439,Tr flexor MN,motor,0.6005314107245521,-1.8452242957254068,0.652112435321721,R,motor neuron,glutamate,position
41482,Pleural remotor/abductor MN,motor,0.6203085911400469,-0.21514365181720715,-0.19556691579781532,R,motor neuron,glutamate,position
41933,Tr flexor MN,motor,0.3215128113491928,1.4796805320322577,-0.5403980918936557,R,motor neuron,glutamate,position
42242,IN19A039,VNC,-0.5554982364000808,-0.5357878707832869,0.6062774834128378,L,intrinsic neuron,gaba,position
42476,IN19A042,VNC,0.887701415541433,0.854026756996131,-0.0953447177463213,R,intrinsic neuron,gaba,position
42738,Fe reductor MN,VNC,0.6515111021334121,0.1386407073045667,-0.4887502524977858,R,motor neuron,glutamate,position
44001,DNg07,descending,-0.16509936759016114,1.923798498997778,-0.30380688969342884,L,descending neuron,acetylcholine,position
45116,IN07B085,VNC,0.301067482946688,-1.0916869959755737,0.4554096679459888,R,intrinsic neuron,acetylcholine,position
45669,IN11B022,VNC,0.5651863822117252,-0.26866230557670495,0.5552309772052768,R,intrinsic neuron,gaba,position
49582,MNhm42,VNC,0.16155818325900834,-1.5432214055969047,0.2057895799990677,R,motor neuron,glutamate,position
49886,Sternal posterior rotator MN,motor,-0.6819786503410662,-0.9910639091318738,0.1021598272138229,L,motor neuron,glutamate,position
51546,IN19A042,VNC,0.9048060040088879,0.8836925276193732,-0.028930807837531273,R,intrinsic neuron,gaba,position
61001,ltm1-tibia MN,motor,-0.6403530307503458,-1.4301707661948195,0.8882359339310409,L,motor neuron,glutamate,position
68570,IN11B030,VNC,-0.4665677393290551,-0.16630203396677906,0.7756529981198627,L,intrinsic neuron,gaba,position
76087,SNpp42,sensory,-0.7505306338082881,-0.4757881815497926,0.47445188557577267,L,sensory neuron,acetylcholine,position
96565,Tr flexor MN,motor,0.5255652065820346,-2.058430318380285,0.7507978930030922,R,motor neuron,glutamate,position
100139,IN03A002,VNC,0.5333825380300511,0.5434715726339016,-0.18534425159656293,R,intrinsic neuron,acetylcholine,position
100167,AN07B040,VNC,-0.5542287552247619,0.010823997389561354,-0.1389079664993707,R,ascending neuron,acetylcholine,position
100306,IN20A.22A016,VNC,0.16389670121354322,-1.9189878334913064,0.8832248240284662,R,intrinsic neuron,acetylcholine,position
100352,IN13A021,VNC,-0.36233665335550136,1.3151824976304054,-0.569930232919496,L,intrinsic neuron,gaba,position
100492,IN03A009,VNC,-0.6257205898348276,0.5591062355299345,-0.0,L,intrinsic neuron,acetylcholine,position
100515,Sternotrochanter MN,motor,-0.5699970477181969,1.587987320726572,-0.33714747424522584,L,motor neuron,glutamate,position
100541,IN12A051,VNC,-0.26852867597930297,-0.3320695495439502,0.37569961309570055,L,intrinsic neuron,glutamate,position
100554,IN16B021,VNC,-0.48447410538092206,1.4239569899156268,-0.28723681961558184,L,intrinsic neuron,glutamate,position
100563,IN03A006,VNC,0.5180151343288221,0.5164115791599981,-0.18534425159656293,R,intrinsic neuron,acetylcholine,position
100643,IN07B046,VNC,0.29545503985580435,-1.0916869959755737,0.4584831486862346,R,intrinsic neuron,acetylcholine,position
100725,iii3 MN,VNC,-0.44491974454993244,-0.4886166229003838,0.6223130351010768,L,motor neuron,glutamate,position
100826,Tr extensor MN,motor,-0.3593968022126575,-0.9950059822552325,1.354736858461395,L,motor neuron,glutamate,position
100855,IN08A005,VNC,0.3761005018879065,0.20866261634321054,-0.6382817719906149,R,intrinsic neuron,gaba,position
100945,IN09A027,VNC,-0.6402194011529437,0.10636915953198564,-0.12187019283061672,L,intrinsic neuron,gaba,position
101025,nan,VNC,0.14812840872010816,1.923798498997778,-0.3229159221219137,R,ascending neuron,acetylcholine,position
101043,Acc. ti flexor MN,motor,-0.42915145205649735,1.65627204499899,-0.3835169445437171,L,motor neuron,glutamate,position
101053,IN13A023,VNC,0.42073278742017184,1.1738023835790978,-0.8083922494833506,R,intrinsic neuron,glutamate,position
101116,IN20A.22A005,VNC,0.43957456065385275,-1.205606227760772,-0.2963236322389173,R,intrinsic neuron,acetylcholine,position
101118,IN03A009,VNC,0.24701431079758224,-0.5080597293223736,0.3028046677129139,R,intrinsic neuron,acetylcholine,position
101119,IN16B018,VNC,0.6276582189971565,0.26144630731699736,-0.5438724614261075,R,intrinsic neuron,glutamate,position
101194,IN16B015,VNC,-0.7567444100874808,-1.4762061624998057,0.7238715291265907,L,intrinsic neuron,glutamate,position
101218,AN07B040,VNC,0.32064421896607986,0.04650309989589322,-0.1355672265643209,L,ascending neuron,acetylcholine,position
101219,IN12A051,VNC,-0.2630498624858213,-0.3320695495439502,0.38538775890734495,L,intrinsic neuron,acetylcholine,position
101336,IN11A035,VNC,-0.2640520844663362,-0.27347297108317664,0.4463228553226533,L,intrinsic neuron,glutamate,position
101414,IN03B017,VNC,-0.5846294886337151,0.3263234768556645,-0.34737013844647824,L,intrinsic neuron,gaba,position
101450,nan,VNC,0.19556691579781532,-1.6648243392327176,1.5452926643566356,R,intrinsic neuron,gaba,position
101736,ltm1-tibia MN,motor,-0.836788538931274,0.1789968457199683,-0.2736066006805786,L,motor neuron,glutamate,position
101892,IN13B013,VNC,-0.01890858803238187,-0.16436440480445016,-0.518750097114533,L,intrinsic neuron,gaba,position
102019,Acc. tr flexor MN,motor,0.534585204406669,-0.11285019500598226,-0.61850459157512,R,motor neuron,gaba,position
102062,AN06B059,VNC,0.11351834299299221,1.923798498997778,-0.33367310471277406,R,ascending neuron,glutamate,position
102123,MNhl29,VNC,-0.7580807060615007,-1.6380984197523192,0.6219121463088708,L,motor neuron,glutamate,position
102391,IN06A087,VNC,0.23779386857684479,-0.9607968053203226,0.752401448171916,R,intrinsic neuron,gaba,position
102430,IN02A024,VNC,-0.07910872166197927,0.7568112248861818,-0.31656851624531906,R,intrinsic neuron,glutamate,position
102493,IN16B005,VNC,0.24714794039498422,1.4313734325714376,-0.6839830943020961,R,intrinsic neuron,glutamate,position
102601,IN01A038,VNC,0.42407352735522164,0.3034060009012229,-0.10496604875926473,R,intrinsic neuron,acetylcholine,position
102619,IN08A029,VNC,-0.5044517301925199,1.422887953136411,-0.28723681961558184,L,intrinsic neuron,glutamate,position
102786,Sternal posterior rotator MN,motor,0.21547772581071212,-0.6241170346660037,0.14124648445390556,R,motor neuron,glutamate,position
102868,IN21A003,VNC,-0.7566775952887798,0.7161210124772752,0.02792858585701633,L,intrinsic neuron,glutamate,position
102924,IN08A037,VNC,0.6061438538154358,-1.4860279379088521,0.4439843373681185,R,intrinsic neuron,glutamate,position
102935,IN19A032,VNC,-0.5554982364000808,-0.536589648367699,0.6139611852634523,L,intrinsic neuron,gaba,position
102954,nan,VNC,0.10115760523330795,-1.6145127958108676,1.6498578243236943,L,intrinsic neuron,gaba,position
103220,IN04B009,VNC,-0.07596842612303246,0.8192162468729121,-0.7369672296719859,R,intrinsic neuron,acetylcholine,position
103455,IN21A042,VNC,-0.15233774103827089,-1.52210792920739,1.036965675839458,L,intrinsic neuron,glutamate,position
104697,Sternal posterior rotator MN,motor,0.42226952779029475,-0.9170331121711702,0.04944295103873705,R,motor neuron,glutamate,position
152301,IN13B027,VNC,0.0,0.9460307348074025,-0.7407756731979427,L,intrinsic neuron,gaba,position
152324,DNut052,descending,0.18019951209658625,1.923798498997778,-0.2474820143884892,R,descending neuron,acetylcholine,position
152391,IN06A047,VNC,0.23819475736905077,-0.9607968053203226,0.7449181907174045,R,intrinsic neuron,glutamate,position
152620,Sternotrochanter MN,motor,0.6301971813477943,-1.1868980841244932,0.9588591761579937,R,motor neuron,glutamate,position
152621,Sternotrochanter MN,motor,0.5933822272635455,-1.3430442686887207,1.0585468558198798,R,motor neuron,glutamate,position
152642,Sternotrochanter MN,motor,-0.4129822707708563,-1.118212471059869,1.3695029289743152,L,motor neuron,glutamate,position
152696,IN15A001,VNC,0.4205323430240689,-1.5635331044020075,0.26198082570660536,R,intrinsic neuron,acetylcholine,position
152857,IN11A027,VNC,-0.7073682738474447,0.20024395170688503,0.5428702394455925,L,intrinsic neuron,glutamate,position
153102,IN20A.22A003,VNC,0.16877418151871593,-1.9189878334913064,0.8905744518855758,R,intrinsic neuron,acetylcholine,position
153142,Tr flexor MN,motor,-0.5159438755690912,1.4290349146169026,-0.28723681961558184,L,motor neuron,unknown,position
153315,Tr flexor MN,motor,-0.7220007147629629,0.005612443090883664,-0.25576704942741274,L,motor neuron,glutamate,position
153335,Ti flexor MN,motor,-0.8093944714638657,-0.012093478564880277,-0.300733408953183,L,motor neuron,glutamate,position
153509,IN06A059,VNC,-0.23645757260282488,-0.8901735630933698,0.8958528209829545,L,intrinsic neuron,gaba,position
153756,MNnm14,VNC,-0.3361452522647109,1.5189008188697422,-0.42881737806299236,L,motor neuron,glutamate,somaLocation
153759,IN04B031,VNC,-0.12447596997995557,-1.8184983762450084,0.5409326102832637,R,intrinsic neuron,acetylcholine,position
153836,IN01A083,VNC,-0.1977718041549482,1.672641670680734,-0.43429619155647403,L,intrinsic neuron,acetylcholine,position
153863,MNad16,VNC,-0.3106219991609304,-1.6997016641546374,1.4949811209347856,L,motor neuron,glutamate,position
153910,IN12A054,VNC,0.18701462156408782,-0.31409636869338226,0.2808225989402862,R,intrinsic neuron,acetylcholine,position
153943,IN21A022,VNC,-0.1522709262395699,-1.52210792920739,1.0242040492875677,L,intrinsic neuron,glutamate,position
153995,AN06A047,VNC,0.40062153301117204,0.5764112683934925,-0.251090013518343,L,ascending neuron,gaba,position
154062,nan,VNC,0.1805335860900912,-2.138875336016284,0.9301956275152664,R,intrinsic neuron,glutamate,position
154109,AN07B064,VNC,-0.4318240440045372,-1.1001724754106001,0.6491057693801762,R,ascending neuron,acetylcholine,position
154122,IN03B073,VNC,0.5091955809002906,0.651711546529515,0.13256056062277607,R,intrinsic neuron,gaba,position
154133,Sternal posterior rotator MN,motor,0.21166928228475534,-2.145757260282487,0.8489488322948553,R,motor neuron,glutamate,position
154207,IN12A051,VNC,0.20004350731078205,-0.31409636869338226,0.2804885249467812,R,intrinsic neuron,glutamate,position
154304,IN08A038,VNC,-0.5057880261665397,1.421685286759793,-0.28723681961558184,L,intrinsic neuron,glutamate,position
154312,IN06A062,VNC,-0.4952312879717824,0.6138275556660503,-0.08579020153207888,L,intrinsic neuron,gaba,position
154383,IN20A.22A003,VNC,-0.6670789502307441,-1.1972543779231475,0.058262504467268515,L,intrinsic neuron,acetylcholine,position
154460,IN09A035,VNC,0.13296144941498206,1.223111705020433,-0.4731155896017527,R,intrinsic neuron,gaba,position
154554,IN07B074,VNC,0.3243190328946346,0.046903988688099196,-0.1355672265643209,R,intrinsic neuron,acetylcholine,position
154769,Sternal posterior rotator MN,motor,-0.6750967260748637,-0.9652065820345883,0.19489876781080534,L,motor neuron,glutamate,position
154903,IN16B015,VNC,0.7616887051913545,0.1871482511614898,-0.5327143900430412,R,intrinsic neuron,glutamate,position
154996,IN06A075,VNC,0.2110011342977454,-0.334675326693289,0.14478766878505836,R,intrinsic neuron,glutamate,position
155077,IN08B128,VNC,-0.46770359090697206,-1.1001724754106001,0.6637382102956944,L,intrinsic neuron,acetylcholine,position
155099,IN08A022,VNC,0.63661140202309,-0.06547850272697608,-0.3246531068881396,R,intrinsic neuron,glutamate,position
155115,IN08A040,VNC,-0.6930699069254316,-1.3605497459483817,0.8420669080286527,L,intrinsic neuron,glutamate,position
155216,Acc. tr flexor MN,motor,-0.636010068834781,-0.05138058020106593,-0.3318691051478472,L,motor neuron,glutamate,position
155218,Tr flexor MN,motor,-0.6988159796137172,-0.3697530960113119,0.22289416846652269,L,motor neuron,glutamate,position
155532,IN09B035,VNC,-0.45160122442003203,-1.089014404027534,0.5989946703544292,L,intrinsic neuron,acetylcholine,position
155633,Tergotr. MN,motor,-0.4737837375887627,1.5209052628307722,0.1271485619279954,L,motor neuron,glutamate,position
155644,IN13A027,VNC,0.2630498624858213,-2.1148220084839258,0.3835169445437171,R,intrinsic neuron,gaba,position
155654,IN01A081,VNC,-0.25543297543390775,1.3513961185263452,-0.2764128222260205,L,intrinsic neuron,acetylcholine,position
155684,IN06A075,VNC,0.2040523952328418,-0.334675326693289,0.13316189381108504,R,intrinsic neuron,glutamate,position
155685,IN11B030,VNC,0.5651863822117252,-0.2695308979598179,0.5470127569650544,R,intrinsic neuron,gaba,position
155778,IN11B030,VNC,-0.467770405705673,-0.16035551688239041,0.7756529981198627,L,intrinsic neuron,gaba,position
155809,IN01A075,VNC,0.11077893624625137,1.336095529623817,-0.33688021505042187,R,intrinsic neuron,acetylcholine,position
155853,Sternal adductor MN,motor,-0.3962117562969063,1.5844461363954194,-0.3879935360566838,L,motor neuron,gaba,position
156166,nan,VNC,0.6485044361918673,0.7734481097627298,0.28870674518700373,R,intrinsic neuron,unknown,somaLocation
156180,Acc. tr flexor MN,motor,-0.7498624858212782,0.1069704927202946,-0.37062168839442483,L,motor neuron,gaba,position
156233,Tr flexor MN,motor,-0.8271672079183305,0.2799540065571733,0.10783908510340756,L,motor neuron,glutamate,position
156308,IN16B022,VNC,0.6479031030035582,0.27921904377146234,-0.5492176453221872,R,intrinsic neuron,glutamate,position
156783,IN16B015,VNC,-0.49128921484842364,1.4311729881753346,-0.28723681961558184,L,intrinsic neuron,glutamate,position
156857,Fe reductor MN,motor,-0.5293068353092903,1.6350249390120732,-0.20652454278477866,L,motor neuron,glutamate,position
156928,IN13A014,VNC,-0.7103081249902885,1.2122208928321705,-0.6105536305297015,L,intrinsic neuron,gaba,position
156960,MNnm03,VNC,-0.46903988688099196,1.439925726805165,-0.32071103376478083,L,motor neuron,glutamate,position
157030,IN19A040,VNC,-0.40890656805009556,-1.6972295166027005,1.274024581630592,L,intrinsic neuron,gaba,position
157188,IN06A060,VNC,-0.3164348866479171,-0.284163338875336,0.30066659415448205,L,intrinsic neuron,gaba,position
157207,Tr flexor MN,motor,0.8097953602560716,0.23171372189505415,-0.10483241916186274,R,motor neuron,glutamate,position
157260,IN03A009,VNC,0.8551626085740479,0.351646285563342,-0.20031076650558602,R,intrinsic neuron,acetylcholine,position
157281,IN03B063,VNC,-0.4337616731668661,-0.19723728576534022,0.6282595521854655,L,intrinsic neuron,gaba,position
157407,IN02A040,VNC,-0.035946361701135854,-0.7079696070357537,0.4052317541215408,R,intrinsic neuron,glutamate,position
157409,IN13B031,VNC,-0.35739235825162763,0.9810416893267244,-0.6323352549062262,R,intrinsic neuron,gaba,position
157414,AN19B085,VNC,0.2662569728234691,-0.9015320788725392,0.9151622978075423,L,ascending neuron,acetylcholine,position
157429,IN21A035,VNC,-0.32699162484267447,-2.342393212859518,0.903469708034868,L,intrinsic neuron,glutamate,position
157432,Sternotrochanter MN,motor,-0.754138632938142,-1.7620398713426666,0.5862330438025389,L,motor neuron,glutamate,position
157503,Sternotrochanter MN,motor,-0.401490125394285,-1.254848734403406,1.223044890221732,L,motor neuron,glutamate,position
157517,IN11B032,VNC,0.5651863822117252,-0.267793713193592,0.5380595739391208,R,intrinsic neuron,gaba,position
157860,IN11B031,VNC,0.5651863822117252,-0.27220348990785775,0.551823422471526,R,intrinsic neuron,glutamate,position
158008,IN16B009,VNC,0.28189163571950215,1.35707537641593,-0.4553428531472878,R,intrinsic neuron,glutamate,position
158019,IN21A038,VNC,-0.3200428857777709,-0.5879702285687649,0.23485401743400097,L,intrinsic neuron,glutamate,position
158109,IN13B025,VNC,-0.25255993908976493,-1.9689653029196514,0.32612303245956153,L,intrinsic neuron,gaba,position
158132,IN06A075,VNC,-0.31322777631026927,-0.284163338875336,0.300867038550585,L,intrinsic neuron,glutamate,position
158191,IN11B030,VNC,0.5651863822117252,-0.26899637957020994,0.5444737946144165,R,intrinsic neuron,gaba,position
158242,AN07B077,VNC,-0.18106810447969918,1.923798498997778,-0.2778827477974424,L,ascending neuron,acetylcholine,position
158245,IN02A032,VNC,0.11452056497350716,0.18815047314200475,-0.17184766225896173,R,intrinsic neuron,glutamate,position
158432,IN16B022,VNC,0.4285501188681884,-1.5635331044020075,0.2758114890377115,R,intrinsic neuron,glutamate,position
158479,IN06A075,VNC,-0.3156331090635051,-0.284163338875336,0.30547725966095374,L,intrinsic neuron,glutamate,position
158694,Tr flexor MN,motor,-0.7527355221654211,0.886365119567413,0.33434125269978404,L,motor neuron,glutamate,position
158754,AN07B077,VNC,-0.15601255496682567,1.923798498997778,-0.29411874388178444,L,ascending neuron,acetylcholine,position
158769,Tr flexor MN,motor,0.5814223782960672,-0.5751417872181737,-0.04416458194135836,R,motor neuron,glutamate,position
158889,ltm2-femur MN,motor,-0.39380642354367046,-1.8660705129201174,0.8685255683142471,L,motor neuron,glutamate,position
159031,MNad08,VNC,0.351445841167239,-1.6766505586027938,1.4142688441039826,R,motor neuron,unknown,position
159203,AN07B067,VNC,0.14285003962272946,1.1442034277545565,-0.502714545426294,L,ascending neuron,acetylcholine,position
159251,IN19A036,VNC,-0.7975682520937893,-0.35912954301785355,0.4977702503224203,L,intrinsic neuron,gaba,position
159614,IN09A032,VNC,0.586099414205137,1.5690119178954893,-0.44578833693304537,R,intrinsic neuron,gaba,position
159648,IN13B026,VNC,-0.35739235825162763,0.9777677641903756,-0.651978805724319,R,intrinsic neuron,gaba,position
159685,IN04B045,VNC,-0.08144723961651414,-1.6687664123560764,0.8905744518855758,L,intrinsic neuron,acetylcholine,position
159762,Tergotr. MN,motor,-0.4624252218095934,-1.5684105847071803,1.0204624205603121,L,motor neuron,acetylcholine,position
159822,Tr flexor MN,motor,0.7899513650418758,0.753136410957627,0.004944295103873704,R,motor neuron,unknown,position
159900,IN06A062,VNC,0.24207001569370853,-0.9607968053203226,0.7556753733082648,R,intrinsic neuron,gaba,position
159959,IN06A078,VNC,0.4128486411734543,0.5626474198610874,-0.251090013518343,R,intrinsic neuron,gaba,position
160029,IN20A.22A018,VNC,-0.4967680283419053,-0.7674347778796401,0.08345168357754401,L,intrinsic neuron,acetylcholine,position
160183,IN14A002,VNC,0.023117920350544618,1.1444038721506595,-0.7009540531721491,R,intrinsic neuron,glutamate,position
162396,IN07B080,VNC,-0.2694640831611169,-1.053602560716006,1.4093245490001087,L,intrinsic neuron,acetylcholine,position
162539,IN13A003,VNC,-0.3412899917646876,1.238011405130755,-0.6158319996270802,L,intrinsic neuron,gaba,position
162543,IN15A001,VNC,-0.47204655282253677,1.439925726805165,-0.3307332535699302,L,intrinsic neuron,acetylcholine,position
162649,IN13A023,VNC,0.22984290753142628,-2.144955482698075,0.40255916217350096,R,intrinsic neuron,gaba,position
162783,IN12A054,VNC,0.1774601053498454,-0.31409636869338226,0.2836288204857281,R,intrinsic neuron,acetylcholine,position
162830,ltm1-tibia MN,motor,0.6705533197631959,0.17291669903817766,-0.5898410429323927,R,motor neuron,glutamate,position
162833,Tr extensor MN,motor,0.7105085693863915,0.15848470251876254,-0.5359883151793899,R,motor neuron,glutamate,position
162868,Acc. ti flexor MN,motor,0.5914445981012166,-0.09053405223984959,-0.5875693397765589,R,motor neuron,glutamate,position
162912,Tr extensor MN,motor,-0.8456080923598055,-1.6252031636030269,0.7155196792889662,L,motor neuron,glutamate,position
163051,IN11B026,VNC,-0.4673027021147661,-0.1620258868499153,0.7756529981198627,L,intrinsic neuron,gaba,position
163342,IN08A037,VNC,-0.5810883043025623,-1.7818838665568626,1.1864971953322871,L,intrinsic neuron,glutamate,position
163638,IN21A006,VNC,0.6988159796137172,0.6084155569712696,-0.20639091318737668,R,intrinsic neuron,glutamate,position
163686,Tr flexor MN,motor,-0.6825131687306742,1.5942679118044658,-0.3080830368102926,L,motor neuron,glutamate,position
163719,Sternal posterior rotator MN,motor,-0.952444955482698,0.6324020697049272,-0.01757229205836195,L,motor neuron,glutamate,position
163791,IN16B010,VNC,0.7520673741784111,0.22663579719377847,-0.5407989806858616,R,intrinsic neuron,glutamate,position
164042,IN07B085,VNC,0.30414096368693383,-1.0916869959755737,0.46062122224466645,R,intrinsic neuron,acetylcholine,position
164082,IN06A066,VNC,0.4086393088552916,0.5855648958155291,-0.251090013518343,R,intrinsic neuron,gaba,position
164298,IN04B036,VNC,-0.08438709075935796,-1.6687664123560764,0.8946501546063366,L,intrinsic neuron,acetylcholine,position
164383,IN11B031,VNC,-0.4669018133225601,-0.17011047749273583,0.7756529981198627,L,intrinsic neuron,gaba,position
164554,IN06A088,VNC,0.23211461068726014,-0.9607968053203226,0.7552076697173579,R,intrinsic neuron,glutamate,position
164741,Sternal anterior rotator MN,motor,-0.8431359448078686,-1.658877822148329,0.6606647295554485,L,motor neuron,glutamate,position
164835,IN04B045,VNC,0.03494413972062091,-1.7272293612194478,0.8767437885544697,R,intrinsic neuron,acetylcholine,position
165061,IN04B016,VNC,0.06494398433736812,-0.7520673741784111,-0.3374147334400298,R,intrinsic neuron,acetylcholine,position
165339,IN06A057,VNC,-0.23719253538853582,-0.8901735630933698,0.8929797846388117,L,intrinsic neuron,glutamate,position
165340,Tr extensor MN,motor,0.5338502416209581,-1.5446245163696257,1.1341143931507063,R,motor neuron,glutamate,position
165341,IN03A003,VNC,0.5206877262768619,0.5484158677377752,-0.18534425159656293,R,intrinsic neuron,acetylcholine,position
165560,IN09A009,VNC,0.418661528660441,1.674312040648259,-0.3077489628167876,R,intrinsic neuron,gaba,position
165614,IN13A022,VNC,0.43102226642012526,1.1738023835790978,-0.7950961045418525,R,intrinsic neuron,gaba,position
166047,AN06A015,VNC,0.17298351383687866,1.923798498997778,-0.24607890361576829,R,ascending neuron,gaba,position
166171,Tr flexor MN,motor,-0.15995462809018443,-1.52210792920739,1.0340258246966143,L,motor neuron,glutamate,position
166326,IN03B063,VNC,0.02211569837002968,-0.6536491756918439,0.08612427552558385,R,intrinsic neuron,gaba,position
166328,IN16B011,VNC,-0.25376260546638285,1.605091909194027,-0.434429821153876,L,intrinsic neuron,glutamate,position
166337,Pleural remotor/abductor MN,motor,0.7837375887626832,0.24561120002486134,-0.1438522616032444,R,motor neuron,glutamate,position
166385,ltm1-tibia MN,motor,0.4994406202899452,1.40538247587675,-0.6624019143216744,R,motor neuron,unknown,position
166392,Sternotrochanter MN,motor,-0.6583930263996146,-0.08485479435026493,-0.3736283543359697,L,motor neuron,glutamate,position
166486,IN01B009,VNC,-0.0035411843311527885,-2.376201501002222,0.6663439874450332,R,intrinsic neuron,gaba,position
166520,IN19A039,VNC,-0.5554982364000808,-0.5401308326988518,0.6129589632829374,L,intrinsic neuron,gaba,position
166778,AN07B030,VNC,0.10175893842161692,1.923798498997778,-0.39093338719952764,R,ascending neuron,acetylcholine,position
166983,IN14A004,VNC,-0.023852883136255575,-1.4325092841493543,0.3076153332193856,L,intrinsic neuron,glutamate,position
167442,Tr flexor MN,motor,-0.4500644840499091,-1.0425781189303418,-0.05091287661015896,L,motor neuron,gaba,position
169911,IN03B063,VNC,0.4751868483614836,-0.2667246764143761,0.44538744814083936,R,intrinsic neuron,glutamate,position
171055,Sternal adductor MN,motor,0.7725127025809159,0.08011094364249421,-0.2528271982845689,R,motor neuron,acetylcholine,position
171761,IN21A007,VNC,-0.9331354786581102,0.49262551082244355,-0.06173687399972031,L,intrinsic neuron,glutamate,position
171948,Tr flexor MN,motor,0.6396180679646348,0.08839597868141771,-0.5319126124586292,R,motor neuron,glutamate,position
172408,Sternal posterior rotator MN,motor,-0.5079260997249716,-0.635675994841276,0.49763662072501824,L,motor neuron,glutamate,position
173560,Tr extensor MN,motor,-0.5159438755690912,1.4255605450844508,-0.28723681961558184,L,motor neuron,glutamate,position
174571,IN09B033,VNC,0.009487701415541432,1.1591031278648787,-0.5605761611013566,R,intrinsic neuron,acetylcholine,position
174978,IN13B031,VNC,-0.006280591077893625,-0.16436440480445016,-0.5395963143092437,L,intrinsic neuron,gaba,position
175327,Tergotr. MN,motor,0.8429355004117657,0.2379943129729478,0.09240486660347748,R,motor neuron,unknown,somaLocation
176866,Acc. ti flexor MN,motor,-0.7108426433798966,-1.9167829451341734,0.7040275339123949,L,motor neuron,glutamate,position
186215,IN03A011,VNC,-0.9497055487359573,0.3865904252839629,-0.03968799042839163,L,intrinsic neuron,acetylcholine,position
192299,Ti flexor MN,motor,0.4605544074459655,-0.09975449446058704,-0.6395512531659338,R,motor neuron,glutamate,somaLocation
218885,Tr flexor MN,motor,0.6105536305297015,-0.41137871560203243,-0.04302873036344143,R,motor neuron,glutamate,position
219796,Sternal anterior rotator MN,motor,0.7586820392498097,0.20198113647311092,-0.4223363425889958,R,motor neuron,unknown,somaLocation
219853,Pleural remotor/abductor MN,motor,-0.8744052705999348,0.150466926674643,0.051113321006261946,L,motor neuron,unknown,somaLocation
226276,Fe reductor MN,VNC,-0.6258542194322296,1.524379632363224,-0.317169849433628,L,motor neuron,unknown,somaLocation
11162403133,Sternal posterior rotator MN,motor,-0.3719579843684448,-1.6999689233494415,1.4098590673897167,L,motor neuron,unknown,somaLocation
28532466490,ltm2-femur MN,motor,0.4473250773031683,-0.4992401758938422,-0.15768292493435057,R,motor neuron,unknown,position
